age,gender,video_q1,video_q2,video_q3,video_q4,video_q5,video_q6,video_q7,video_q8,video_q9,video_q10,video_q11,video_q12,video_q13,video_q14,video_q15,video_q16,video_q17,video_q18,video_q19,video_q20,video_q21,video_q22,video_q23,video_q24,video_q25,video_q26,video_q27,video_q28,video_q29,video_q30,text_q1,text_q2,text_q3,text_q4,text_q5,text_q6,text_q7,text_q8,text_q9,text_q10,text_q11,text_q12,text_q13,text_q14,text_q15,text_q16,text_q17,text_q18,text_q19,text_q20,text_q21,text_q22,text_q23,text_q24,text_q25,text_q26,text_q27,text_q28,text_q29,text_q30,video_total,text_total,preferred_method
19,M,1,1,0,0,0,0,0,0,1,1,1,0,0,1,0,0,1,1,0,1,0,1,0,0,0,1,0,0,1,0,1,1,0,0,0,1,0,1,0,1,0,1,1,1,1,0,1,1,1,0,1,1,0,0,0,0,1,0,0,0,12,15,text
20,F,1,0,1,1,1,0,1,0,1,1,1,0,1,0,0,0,1,1,0,1,0,1,0,0,0,1,0,1,1,0,1,0,1,0,1,1,1,1,0,0,0,1,0,0,1,0,1,1,1,1,1,1,0,1,1,0,1,0,1,1,16,19,text
17,F,0,0,0,1,1,0,1,1,1,1,1,1,1,1,0,1,1,0,1,0,0,1,1,0,0,1,0,1,0,1,1,0,1,0,0,0,1,0,1,0,1,1,1,0,1,1,1,0,0,1,0,0,1,1,1,0,0,1,1,1,18,17,video
19,F,0,0,0,1,1,1,1,1,0,1,1,0,0,0,0,1,1,0,0,1,0,1,1,1,0,0,1,0,1,1,1,0,0,1,0,1,0,1,0,1,1,0,1,0,0,0,0,1,0,0,1,0,0,0,1,0,1,0,1,1,16,13,video
19,F,0,0,0,0,0,1,1,1,1,1,0,1,1,1,0,1,0,1,1,0,0,1,0,1,1,0,0,0,0,0,0,0,0,1,0,0,0,1,1,0,1,0,1,0,0,0,1,0,1,0,1,0,0,1,0,1,0,0,1,1,14,12,video
20,F,0,0,0,0,0,0,1,0,0,1,0,1,1,0,1,0,0,1,1,1,0,0,0,1,0,1,0,1,0,1,0,1,1,1,1,1,1,1,0,0,1,0,0,1,0,0,1,1,1,0,1,0,0,1,1,1,1,1,0,0,12,18,text
17,M,0,1,0,0,1,0,0,1,1,0,1,0,1,0,1,0,0,0,0,1,0,1,1,1,1,0,0,1,1,0,1,0,1,1,0,1,0,0,0,1,1,1,0,0,0,0,0,0,1,0,0,1,0,0,0,0,1,1,1,1,14,13,video
17,F,1,1,1,0,0,1,1,0,0,1,0,1,1,0,1,0,1,1,0,1,0,1,1,1,0,1,0,1,0,1,1,1,0,1,1,1,1,1,1,1,1,1,0,1,0,1,1,1,0,1,0,0,1,0,1,1,1,1,1,0,18,22,text
19,M,0,0,0,0,0,0,1,1,0,0,0,1,1,1,0,1,1,1,1,0,1,0,1,1,1,1,1,1,0,1,1,0,1,0,1,0,0,1,1,1,1,1,0,1,1,1,0,1,1,1,1,0,0,0,1,0,1,1,1,1,17,20,text
18,M,0,0,0,1,1,1,1,0,1,1,0,0,1,1,1,1,1,1,1,1,1,1,1,0,0,1,1,1,0,0,1,1,1,1,0,0,1,0,0,0,1,0,1,0,0,0,1,0,1,1,1,0,0,0,1,1,1,1,1,1,20,17,video
19,F,1,0,1,1,0,0,0,0,1,0,1,0,1,0,1,0,1,0,1,1,1,1,0,1,0,1,1,0,0,1,1,0,0,0,1,1,1,1,0,1,0,0,1,1,0,0,0,0,1,1,1,1,1,1,0,0,1,1,0,1,16,17,text
19,F,1,0,1,0,0,0,1,0,1,1,1,1,0,0,0,1,1,1,0,1,0,1,1,0,1,0,0,1,1,0,0,0,1,1,0,1,1,1,0,1,0,1,1,0,1,1,1,1,1,0,0,0,0,0,0,0,1,1,0,1,16,16,equal
19,M,0,1,0,0,0,1,0,0,1,1,0,1,0,1,1,0,1,1,1,0,1,1,0,1,0,1,0,1,0,1,0,1,1,0,1,0,0,0,1,1,1,0,1,1,1,1,0,1,1,0,0,0,0,1,1,0,0,0,0,0,16,14,video
19,F,1,1,1,1,1,0,1,1,0,0,1,1,1,0,0,1,0,0,0,0,1,1,1,1,1,0,1,1,1,0,1,1,0,0,0,0,1,1,1,0,1,1,0,1,0,1,1,0,0,1,0,1,1,1,0,1,1,0,1,1,19,18,video
20,F,1,1,1,1,0,0,1,0,0,0,1,1,1,0,1,1,1,0,1,0,0,1,0,1,0,1,0,0,0,0,1,0,1,0,1,1,0,1,0,1,1,1,1,1,1,1,1,1,1,1,1,0,0,0,1,1,1,0,1,1,15,22,text
17,M,1,0,0,1,1,0,0,0,1,0,1,0,1,0,0,1,0,1,0,0,1,0,0,1,1,0,0,0,0,1,1,0,0,1,1,0,1,1,0,1,1,1,0,1,0,1,0,0,1,1,0,0,1,0,1,1,0,1,1,0,12,17,text
20,M,0,1,1,1,1,1,1,0,1,1,1,1,1,1,0,0,0,1,1,0,1,1,1,1,1,1,0,1,0,0,0,0,0,0,0,1,1,1,0,1,1,0,1,1,1,0,1,1,1,1,1,0,1,1,0,0,1,1,0,1,21,18,video
20,F,0,0,0,1,1,1,0,0,1,0,1,0,1,1,1,1,1,1,0,1,1,0,0,1,1,1,1,0,1,1,0,1,1,0,1,1,0,1,1,0,0,1,0,1,0,0,0,0,1,1,1,1,1,0,0,1,0,0,1,1,19,16,video
20,M,0,1,1,1,0,1,0,1,1,0,0,0,0,0,1,1,0,1,0,0,1,1,0,1,0,1,0,1,0,1,1,1,0,0,1,1,1,0,0,1,0,1,1,0,1,1,0,1,1,1,1,1,1,0,0,1,1,0,0,1,15,19,text
19,F,0,1,0,0,1,1,1,0,0,1,1,1,0,1,0,1,0,1,1,0,0,0,1,1,0,1,1,1,1,0,0,1,0,1,0,1,0,1,1,0,0,0,1,0,0,1,0,0,0,0,0,0,0,0,0,0,1,1,1,0,17,10,video
18,F,1,1,1,1,1,1,1,0,1,1,0,0,1,1,1,0,0,0,1,0,1,1,1,0,1,0,1,1,1,1,1,1,1,0,0,0,1,1,1,1,0,1,1,1,1,1,1,1,1,1,0,0,1,0,0,1,1,1,1,0,21,21,equal
17,F,0,1,0,0,0,1,1,1,0,0,1,0,1,0,1,0,1,0,0,0,1,1,1,1,1,0,1,1,1,1,1,0,1,0,0,0,0,1,0,1,0,1,1,0,1,1,1,0,0,0,0,1,1,0,0,1,1,1,1,1,17,16,video
18,M,0,1,0,1,0,0,1,0,1,0,1,0,0,0,0,1,1,1,1,0,1,0,0,0,1,0,0,1,0,0,1,1,1,0,0,1,1,0,1,0,1,0,1,1,0,0,1,0,1,0,1,1,0,1,1,1,1,0,1,0,12,18,text
20,M,1,1,1,1,1,1,1,1,0,1,0,1,1,1,1,1,0,1,0,0,1,1,0,1,1,0,1,0,0,1,1,1,1,0,1,1,1,0,1,0,1,1,1,1,1,0,1,1,1,1,1,0,1,0,1,1,1,1,1,1,21,24,text
20,M,1,1,1,1,0,1,1,0,0,0,1,0,1,1,1,0,1,1,1,1,0,0,0,1,1,1,1,1,0,1,1,0,1,0,1,0,1,1,0,1,0,0,1,0,0,0,0,1,1,0,1,1,1,0,1,0,1,1,0,0,20,15,video
18,M,1,1,1,1,0,0,0,1,1,1,1,0,1,1,1,1,0,1,1,1,1,0,0,0,0,1,0,1,1,0,1,1,1,0,1,1,0,1,1,0,0,0,1,0,0,1,0,1,0,0,0,1,0,1,0,0,1,1,0,1,19,15,video
18,M,1,0,1,0,0,0,0,0,1,1,1,0,1,0,1,1,0,1,1,1,0,0,1,1,1,0,0,1,1,1,0,1,0,1,1,0,0,1,0,1,0,1,1,1,1,0,0,1,1,0,1,1,1,1,1,0,1,0,1,0,17,18,text
18,F,0,0,1,1,1,0,1,0,0,1,1,1,0,0,0,1,1,0,0,1,0,0,0,0,0,0,1,1,0,1,1,0,1,1,0,1,0,0,1,1,1,0,1,0,0,1,0,1,1,0,1,1,0,0,1,0,1,0,0,1,13,16,text
20,F,1,1,1,0,0,1,1,1,0,0,1,0,0,0,0,1,0,1,0,0,0,0,1,1,0,0,1,1,1,0,1,0,0,1,1,1,1,0,1,0,0,0,1,0,0,1,1,0,1,0,1,1,1,1,1,1,1,1,1,0,14,19,text
20,F,0,1,1,0,0,1,0,1,1,1,0,0,0,0,1,1,1,1,0,0,1,1,0,1,1,0,0,1,1,0,1,0,0,1,1,0,0,1,0,1,1,1,1,0,0,0,1,1,1,1,1,0,1,0,0,0,0,1,1,0,16,16,equal
17,F,1,1,0,1,0,1,0,1,1,1,1,0,0,1,1,0,0,0,1,1,0,1,0,1,0,1,0,1,0,1,0,1,0,0,1,1,0,1,1,1,0,0,1,1,1,1,1,1,1,0,1,1,1,0,1,1,0,0,0,1,17,19,text
17,M,1,1,1,0,0,0,1,0,1,1,1,1,0,0,0,1,1,1,1,1,1,1,0,0,0,0,0,1,0,0,1,0,1,1,0,0,0,0,0,0,1,0,1,0,1,1,0,1,0,1,1,1,1,0,1,1,1,0,0,1,16,16,equal
20,F,1,1,0,1,1,0,1,1,1,1,1,0,1,1,1,0,1,1,0,0,1,0,1,1,1,1,0,1,1,0,0,0,0,1,0,1,0,0,0,1,0,1,1,1,0,1,1,1,0,0,0,1,0,0,0,0,0,0,1,1,21,12,video
18,M,0,1,0,1,0,0,0,1,1,1,1,1,0,1,1,0,1,0,1,1,1,1,0,1,1,1,1,0,1,0,0,0,0,1,1,1,0,0,1,1,1,1,1,0,0,1,0,0,0,0,1,1,1,0,0,1,0,1,0,1,19,15,video
18,F,0,1,0,1,1,1,0,0,1,0,1,1,1,0,0,1,1,1,1,1,0,1,1,1,0,0,1,0,1,1,1,1,1,0,1,0,1,1,0,0,1,0,0,1,0,1,1,0,1,1,1,0,0,1,0,1,0,0,0,1,19,16,video
17,M,1,1,1,0,0,0,1,1,0,1,1,1,0,1,1,0,1,1,1,1,0,1,1,0,0,0,1,1,0,0,0,1,0,1,1,1,1,0,0,1,1,1,0,1,1,1,0,1,1,0,1,1,1,0,1,1,1,0,1,0,18,20,text
20,M,1,1,1,0,1,1,1,0,0,1,0,0,1,1,1,0,1,0,0,1,0,1,1,0,0,1,0,0,1,0,0,0,0,1,1,1,0,0,0,1,0,0,0,0,0,1,1,1,1,1,0,0,1,1,1,1,1,0,1,1,16,16,equal
17,F,1,1,1,0,0,1,1,0,1,0,0,1,0,1,0,0,0,1,0,1,1,1,1,1,0,0,1,0,1,0,1,0,0,1,0,0,1,1,1,1,0,1,1,1,1,0,1,1,0,1,1,1,1,1,1,1,0,1,0,1,16,21,text
17,F,0,1,0,1,1,0,1,1,1,0,1,1,0,0,1,1,1,1,1,0,0,0,1,0,1,0,0,1,0,1,0,0,1,0,0,1,0,1,1,0,1,0,0,0,1,0,1,1,1,0,1,0,1,1,0,1,1,0,1,0,17,15,video
19,F,0,1,1,0,1,0,1,0,0,1,1,1,1,1,0,0,0,0,0,0,1,0,0,1,1,1,1,0,1,1,1,1,1,1,0,1,0,1,1,0,0,0,0,1,0,1,1,0,1,0,1,1,1,0,1,1,0,1,1,0,16,18,text
19,F,0,1,1,1,0,0,1,0,1,0,0,0,1,0,0,1,0,1,0,1,0,1,1,1,1,1,1,0,1,1,0,1,0,1,1,0,0,1,1,1,1,0,1,1,0,0,1,0,0,1,0,0,1,1,0,1,1,1,0,1,17,17,equal
19,M,0,1,0,0,0,0,0,1,1,1,0,1,0,0,0,1,1,0,0,1,1,0,0,0,0,1,1,1,1,1,1,1,0,1,1,1,1,1,0,0,0,1,1,0,1,0,0,0,1,1,1,0,0,0,1,0,0,1,1,0,14,16,text
18,F,0,0,0,1,0,0,0,0,1,1,1,1,1,0,0,0,0,1,0,1,1,1,1,1,1,1,0,1,1,1,1,1,1,0,1,1,0,0,0,1,0,0,0,1,1,1,0,1,1,1,1,1,0,0,1,1,1,0,1,0,17,18,text
20,F,0,1,1,1,1,1,1,1,1,1,0,1,1,1,0,1,1,0,1,1,1,0,1,0,0,1,1,1,1,1,0,1,0,0,1,1,1,1,1,1,1,1,0,0,0,0,0,0,1,0,1,0,0,0,1,1,1,1,1,1,23,17,video
20,M,0,0,0,1,0,0,0,1,0,1,1,1,0,0,1,1,1,1,1,1,0,1,1,1,0,0,0,1,0,1,0,1,0,1,1,0,0,1,0,0,0,0,1,0,0,0,0,0,1,1,0,0,1,1,0,1,1,1,0,1,16,13,video
20,F,0,0,0,0,0,1,0,1,1,1,1,1,1,1,1,1,1,1,1,0,0,0,0,1,0,1,1,0,1,0,1,0,0,1,1,0,0,1,1,0,0,1,1,1,1,1,1,0,1,0,0,0,0,0,0,1,1,1,1,1,17,17,equal
20,F,0,0,0,1,1,0,1,0,0,0,1,1,1,1,0,1,1,1,0,0,1,1,1,1,0,0,1,1,0,1,0,1,0,1,0,1,0,1,0,1,0,1,0,0,0,1,0,1,1,1,1,0,1,1,0,0,0,0,0,0,17,13,video
19,F,0,1,1,1,1,0,1,1,1,1,1,1,0,1,1,0,1,0,1,0,0,0,0,1,0,1,1,1,1,1,0,1,1,0,0,1,0,0,1,1,0,1,1,0,0,0,0,0,0,1,0,0,0,1,1,1,0,0,0,1,20,12,video
18,F,1,1,0,0,1,1,1,1,1,1,1,0,1,1,0,1,1,0,1,1,0,0,0,1,0,1,1,1,1,1,1,1,1,0,0,1,1,1,1,0,0,0,0,1,1,1,0,0,0,1,0,1,1,1,1,0,0,1,1,1,21,18,video
18,F,1,0,0,0,1,0,1,0,1,0,1,0,0,1,1,0,1,0,0,1,1,1,0,1,1,1,1,0,0,1,1,1,0,1,0,1,1,1,0,1,1,0,1,0,1,0,1,1,1,1,0,0,1,1,1,0,1,1,0,1,16,20,text
19,M,0,0,1,0,1,1,0,1,0,0,1,0,1,1,0,0,1,1,0,0,0,1,1,1,0,1,1,0,1,0,1,1,0,1,0,1,1,0,1,1,1,1,0,1,0,0,0,0,0,1,1,1,0,0,1,0,0,1,1,1,15,17,text
18,F,0,0,1,1,0,0,0,1,0,0,0,0,0,0,1,1,1,1,1,1,1,1,0,0,1,0,1,1,1,1,0,1,1,0,0,1,1,1,0,0,0,1,1,1,1,1,0,1,1,0,1,0,1,1,1,0,0,1,1,0,16,18,text
19,F,0,0,1,1,1,1,1,1,0,0,1,0,1,1,1,0,0,0,1,0,1,0,1,1,0,0,1,0,1,0,1,0,0,0,0,1,1,1,1,0,1,0,0,1,1,1,1,1,1,0,0,1,1,0,1,1,0,0,0,1,16,17,text
20,F,0,0,1,1,1,0,1,1,1,1,0,1,0,1,1,1,1,1,0,1,0,1,1,0,1,1,1,1,0,1,1,1,0,1,1,0,0,0,1,1,0,0,1,1,0,1,0,1,1,0,1,0,1,1,0,0,0,1,1,0,21,16,video
19,F,0,0,1,0,1,0,1,0,1,1,0,0,1,1,0,0,0,0,0,0,1,1,0,0,1,1,0,1,1,1,1,0,1,0,0,1,0,1,1,1,0,1,0,1,1,0,1,0,0,0,1,1,0,0,1,0,1,1,0,1,14,16,text
20,F,1,1,1,1,0,1,0,0,1,0,1,0,1,0,0,1,1,0,0,1,0,1,0,1,0,1,1,1,1,1,1,1,1,0,1,0,0,1,1,1,0,1,1,1,0,0,0,0,1,0,1,1,0,1,1,0,1,1,0,1,18,18,equal
20,M,1,0,1,1,1,1,1,1,1,1,1,0,1,1,0,1,0,1,0,0,1,0,1,1,0,0,1,1,1,1,0,0,1,1,0,0,1,1,1,0,1,0,0,0,0,1,1,0,1,1,0,1,0,1,1,1,0,0,1,1,21,16,video
17,F,0,1,1,1,1,1,0,0,0,1,0,0,0,1,1,1,1,1,1,1,0,1,1,0,0,0,0,1,0,1,0,1,1,1,0,1,1,0,1,0,1,1,1,0,1,1,0,0,1,1,1,0,0,0,0,0,1,1,0,1,17,17,equal
19,M,1,1,1,1,0,0,1,1,0,0,1,0,1,1,0,1,1,0,0,1,1,1,0,1,1,0,1,1,1,0,1,1,0,1,1,0,1,0,1,0,1,0,0,0,0,1,0,0,0,0,1,0,1,0,1,1,0,0,0,0,19,12,video
17,M,1,1,0,1,1,1,1,1,1,1,1,0,0,0,0,1,0,1,0,0,0,0,1,1,1,0,1,0,0,1,0,0,1,0,0,0,0,1,1,0,1,0,1,0,0,0,1,1,0,0,1,1,1,0,0,0,0,1,0,1,17,12,video
19,F,0,0,0,0,1,0,0,1,1,0,1,0,0,1,1,0,1,1,1,1,0,1,0,1,1,0,0,1,1,1,1,1,1,1,1,1,1,0,1,1,1,1,0,0,0,1,1,1,0,0,1,1,1,1,0,0,0,1,1,0,16,20,text
19,F,1,0,1,1,1,0,0,1,0,1,1,0,0,0,1,1,0,1,1,1,0,1,1,0,1,1,1,1,1,1,0,1,1,0,1,1,1,0,1,0,1,1,0,0,0,1,1,0,1,1,1,1,1,0,0,0,0,1,1,0,20,17,video
17,F,0,1,0,0,1,0,1,0,1,1,0,0,0,1,0,1,1,1,0,1,1,0,1,1,1,0,1,1,0,0,0,1,1,1,1,1,1,0,1,0,1,0,1,0,1,0,0,1,1,1,1,1,0,1,0,0,0,1,0,1,16,18,text
17,F,1,0,0,0,1,0,1,1,1,1,1,0,1,1,1,1,0,1,1,1,1,1,0,0,1,0,0,0,1,1,1,1,0,0,1,1,1,0,0,1,1,0,1,1,0,1,0,1,0,0,1,0,1,1,1,1,1,0,1,1,19,19,equal
19,M,1,0,0,1,1,0,0,0,0,1,0,0,1,1,0,1,0,0,0,1,1,0,1,0,0,1,1,1,1,0,0,0,1,1,1,1,0,1,0,0,0,1,0,0,0,0,1,0,0,1,0,0,0,0,1,0,0,0,0,1,14,10,video
18,F,0,0,0,1,0,0,0,0,1,0,1,1,1,0,0,0,0,1,0,1,1,1,0,0,1,1,0,1,0,0,1,0,0,1,0,0,0,0,1,0,0,0,0,1,0,0,0,0,0,0,0,1,1,1,1,0,1,0,1,1,12,11,video
20,F,1,1,0,0,1,0,1,1,0,0,1,0,1,1,1,0,1,1,1,0,0,0,1,0,1,0,0,1,0,1,1,1,0,1,0,0,0,1,1,1,1,0,1,1,1,0,1,1,0,1,1,1,0,1,1,0,1,0,1,1,16,20,text
17,F,1,1,1,1,0,1,0,1,1,0,1,1,0,1,1,1,0,0,0,0,1,1,0,1,1,1,1,0,1,1,0,0,1,0,0,1,0,1,1,1,0,1,0,1,1,0,0,1,1,0,1,0,0,0,0,0,1,1,1,1,20,15,video
20,F,1,0,1,1,0,0,1,1,1,1,1,1,1,1,0,0,0,1,1,0,1,1,0,0,0,1,1,0,1,0,0,1,0,0,0,1,0,1,0,1,0,1,1,1,0,0,1,1,1,1,1,1,0,1,0,1,0,0,1,1,18,17,video
18,F,0,0,1,1,0,0,0,1,1,0,0,0,1,0,0,0,1,1,0,1,1,0,1,0,1,0,0,1,1,1,1,1,1,1,1,1,1,1,1,0,0,0,1,1,1,1,0,1,0,0,0,1,1,1,1,0,1,1,1,1,14,22,text
18,F,1,0,0,1,1,1,0,1,0,0,0,1,0,1,1,0,0,1,1,1,1,1,1,1,0,0,0,1,0,0,1,1,0,0,1,1,1,0,1,0,1,1,1,0,1,1,1,0,1,0,0,0,1,1,1,0,0,1,0,0,16,17,text
18,M,0,0,0,1,1,0,0,0,1,1,1,0,0,1,1,1,0,0,0,1,0,1,0,1,1,0,0,1,0,1,1,0,1,1,1,0,1,0,0,0,0,1,0,1,0,1,1,0,1,1,1,1,1,1,0,1,1,0,1,0,14,18,text
17,M,1,1,1,1,1,1,0,1,0,1,0,1,1,1,1,1,0,0,0,0,1,1,1,1,1,1,1,1,0,0,1,1,1,0,0,1,1,0,0,1,0,0,1,1,0,1,0,1,0,1,1,1,1,1,1,0,0,0,1,1,21,18,video
18,F,1,0,0,1,1,1,0,0,1,1,1,1,1,0,0,0,0,0,1,0,1,0,1,0,1,1,1,1,0,0,1,0,1,0,1,0,1,1,0,0,0,1,1,0,1,1,0,0,0,0,1,1,0,0,0,0,1,1,1,0,16,14,video
17,F,1,1,1,1,1,0,1,1,1,1,1,0,1,1,1,1,1,0,0,1,1,1,1,0,0,1,1,1,0,0,1,0,1,1,1,0,1,0,1,1,1,0,1,0,1,1,1,1,0,0,0,1,1,1,1,1,0,0,0,1,22,19,video
18,F,1,1,0,1,1,1,0,1,1,0,1,1,1,1,0,1,1,1,0,0,1,1,0,1,0,0,0,1,1,0,1,1,1,0,1,0,0,1,0,0,1,0,1,0,1,1,1,0,1,1,1,1,0,0,0,0,0,0,0,1,19,15,video
20,M,1,1,0,0,1,1,1,0,0,1,1,0,1,1,0,1,0,1,1,0,1,0,1,1,1,1,1,1,1,1,1,0,0,0,1,0,0,1,1,1,0,0,0,1,0,1,1,1,0,1,1,1,1,0,1,0,0,1,0,1,21,16,video
20,F,0,0,0,1,1,0,1,1,0,0,1,1,0,0,0,0,0,1,1,0,0,0,1,1,0,0,0,0,0,0,0,1,0,0,1,1,1,1,0,0,1,1,1,1,1,0,0,1,1,1,0,0,0,1,0,1,1,0,1,1,10,18,text
19,M,0,1,0,1,1,0,1,1,1,1,1,1,0,1,1,1,0,1,0,0,0,1,0,1,0,0,1,1,1,0,1,0,1,1,1,0,1,0,1,0,1,0,0,1,0,0,1,0,0,1,1,0,1,0,0,1,1,0,1,1,18,16,video
20,F,1,0,1,0,0,0,0,1,1,0,1,1,1,1,1,0,1,1,1,0,1,0,0,1,0,0,0,0,1,1,0,0,0,1,1,0,0,1,0,1,1,1,1,0,0,1,0,0,1,0,0,0,0,1,1,0,0,1,1,0,16,13,video
19,F,1,1,0,1,0,0,0,0,1,1,1,1,1,1,0,1,1,0,1,1,0,0,0,1,0,0,1,0,0,0,1,1,1,1,1,0,1,0,0,0,0,0,1,1,1,1,1,0,1,1,0,1,0,1,1,0,0,1,0,0,15,17,text
20,F,0,0,0,1,0,1,1,0,0,0,1,1,1,0,0,0,0,0,0,1,1,0,0,1,0,1,1,0,0,0,1,0,0,0,0,0,1,0,0,1,0,1,1,0,0,0,1,1,0,0,0,0,1,0,1,1,1,0,1,1,11,13,text
17,F,1,1,0,0,1,0,1,0,0,1,1,0,0,0,0,0,0,1,1,1,1,1,1,0,0,0,1,1,1,1,1,0,0,1,1,1,1,1,1,0,1,0,0,1,1,0,1,1,1,0,0,1,1,1,1,1,0,1,1,1,16,21,text
20,M,1,0,0,0,0,1,0,0,1,0,1,0,0,1,0,0,0,1,0,1,1,1,0,0,0,0,1,1,1,1,1,0,1,1,1,1,0,1,1,1,0,0,0,1,0,1,1,0,1,1,1,1,1,0,1,0,0,1,1,0,13,19,text
19,M,1,1,1,1,1,1,0,0,0,1,1,0,1,1,1,1,1,1,0,1,1,0,1,1,0,1,1,1,1,1,0,1,1,0,0,0,0,0,1,0,0,1,0,1,1,0,1,1,1,1,0,1,1,1,1,0,0,1,1,0,23,16,video
19,F,0,1,0,1,1,0,1,1,1,1,1,0,1,1,1,0,1,0,0,0,1,1,0,0,0,1,1,1,0,1,1,1,0,1,1,1,1,1,0,1,0,0,0,0,0,1,0,1,0,0,0,1,0,1,0,1,0,0,1,1,18,15,video
18,F,1,0,1,0,1,1,1,0,1,1,0,1,1,1,1,0,1,1,1,0,1,1,1,1,1,1,0,1,0,0,1,0,0,1,1,0,1,0,1,1,1,1,1,1,1,0,0,1,0,0,0,0,0,1,1,1,0,0,1,1,21,17,video
17,M,1,1,1,0,1,1,1,0,0,1,0,1,1,0,1,1,1,0,0,0,0,1,1,1,1,1,0,1,1,1,0,1,1,1,0,1,1,1,1,1,1,1,1,0,1,0,1,1,0,1,1,1,0,0,1,0,1,0,1,0,20,20,equal
20,M,1,0,1,1,0,1,1,1,0,0,0,1,0,1,1,1,1,1,0,0,1,1,1,1,1,1,0,1,1,1,1,1,1,0,0,1,0,0,0,1,1,1,1,0,0,0,1,0,1,0,1,0,0,0,1,1,1,1,0,0,21,15,video
18,M,1,1,0,1,0,1,1,1,0,1,0,1,0,1,0,1,0,1,1,1,0,1,0,1,1,1,0,0,0,1,1,0,0,1,1,0,0,1,1,1,0,1,1,0,0,0,1,1,0,0,0,0,0,1,1,0,0,1,0,1,18,14,video
20,M,0,0,1,0,0,0,0,1,1,0,1,0,0,0,0,1,1,1,1,1,1,0,0,1,1,0,1,1,1,0,0,1,1,0,1,1,1,0,0,0,0,0,1,1,1,0,0,1,1,1,1,0,0,0,1,0,1,1,0,1,15,16,text
20,F,1,0,1,1,1,1,0,0,0,1,0,0,0,1,1,1,0,1,1,0,0,0,1,0,1,1,1,1,1,0,1,1,0,0,1,0,1,1,1,0,1,0,1,0,0,1,0,1,1,1,0,1,1,0,1,1,0,1,1,0,17,18,text
18,M,1,0,1,1,1,1,0,1,1,1,1,0,1,0,0,0,0,1,0,0,1,1,1,0,0,1,1,1,1,0,1,1,1,0,1,1,1,1,0,1,0,1,1,1,1,1,0,0,1,0,0,1,1,0,1,0,0,1,0,1,18,19,text
18,F,1,1,0,0,1,0,1,1,1,1,1,0,0,0,1,0,1,1,1,1,0,1,1,0,1,1,1,0,0,1,1,1,1,1,1,0,1,1,1,1,1,0,1,0,1,0,1,1,0,1,0,0,1,0,0,1,1,0,1,1,19,20,text
18,M,1,1,0,1,1,1,1,1,0,1,1,0,0,1,1,1,0,1,0,0,1,1,1,1,1,0,0,1,0,1,0,0,0,0,1,1,0,1,0,1,1,1,1,1,1,1,1,1,0,0,1,1,0,0,1,1,1,1,0,0,20,18,video
18,M,1,1,0,0,0,1,1,1,1,0,0,0,1,1,1,1,1,0,0,1,1,1,1,0,1,1,1,0,1,1,0,0,1,0,1,1,0,1,1,0,1,0,1,0,1,1,1,0,0,1,1,1,0,1,1,0,0,1,1,0,20,17,video
18,M,1,0,0,1,0,0,0,0,0,1,0,1,0,1,0,0,1,0,1,0,1,1,0,1,0,1,1,1,1,1,0,1,1,1,0,0,1,1,1,0,1,1,0,0,0,1,0,0,0,1,1,0,0,0,0,1,1,0,0,0,15,13,video
20,M,1,1,1,0,0,1,0,1,0,0,0,1,0,1,0,1,0,0,0,1,0,1,0,1,1,1,1,1,1,1,0,1,1,0,1,0,0,1,0,1,0,1,0,0,1,0,0,0,0,1,1,1,0,1,1,1,1,0,1,0,17,15,video
18,M,0,0,1,1,1,1,0,0,1,1,1,0,0,1,1,0,0,1,1,1,1,1,1,0,1,0,1,1,0,1,1,0,1,1,1,1,1,1,1,1,0,1,0,0,1,1,1,1,0,1,1,1,0,0,0,0,1,1,1,1,19,21,text
17,F,0,1,1,0,1,0,1,1,1,1,0,0,1,1,0,0,1,1,1,0,1,1,0,1,1,1,1,1,1,1,1,1,1,1,0,0,1,1,1,0,0,1,1,1,1,0,1,0,1,0,1,1,0,0,0,0,0,1,0,0,21,16,video
19,F,1,0,0,1,1,1,1,1,0,1,1,1,0,1,0,1,0,0,1,1,1,1,0,0,0,0,1,1,0,1,1,1,0,0,1,0,0,1,0,1,1,0,0,1,0,1,0,0,0,0,0,1,1,1,0,1,1,0,0,0,18,13,video
18,M,0,1,1,0,1,0,0,0,0,1,0,1,1,0,1,1,1,1,0,1,0,0,0,1,0,1,0,1,0,0,1,1,1,1,1,1,1,0,1,1,0,0,0,1,0,0,1,1,1,0,0,0,0,0,0,0,1,1,0,0,14,15,text
18,M,1,1,0,1,0,1,1,0,0,0,1,0,0,0,0,1,1,1,0,1,0,1,0,0,1,1,1,0,0,1,1,0,0,1,1,0,1,0,1,0,0,1,1,0,0,1,1,1,1,1,0,1,0,0,1,0,0,1,1,1,15,17,text
20,F,0,1,1,0,1,1,1,1,1,1,0,1,1,1,1,0,0,1,0,1,1,1,1,1,0,1,0,1,1,0,1,1,0,1,0,1,0,0,0,1,1,0,0,0,1,0,0,0,1,0,1,0,0,1,0,1,0,1,1,0,21,13,video
18,M,1,1,0,0,0,0,0,0,1,1,1,1,0,0,0,1,0,1,0,1,1,1,1,0,0,0,1,1,0,0,1,0,1,0,0,1,0,1,1,1,0,1,1,0,1,1,1,1,1,1,1,1,1,0,0,1,0,0,0,1,14,19,text
18,M,1,1,0,1,1,1,1,0,0,1,1,1,1,1,0,1,1,1,1,1,1,0,1,1,0,0,0,0,1,1,0,1,0,1,1,1,0,1,1,1,0,0,0,0,1,1,1,1,0,1,1,1,1,0,1,1,0,1,1,0,21,19,video
18,F,1,0,0,1,1,0,1,1,0,0,0,0,1,0,0,1,1,1,1,0,0,1,1,0,1,1,0,1,1,1,1,0,0,1,1,0,1,0,1,0,0,0,1,1,1,0,1,0,1,1,1,0,0,1,0,1,0,0,1,1,17,16,video
20,M,1,0,1,1,0,0,1,1,0,1,1,0,0,0,0,0,1,0,1,1,0,1,1,0,1,1,1,0,0,1,1,1,0,0,0,0,1,1,0,1,0,0,1,1,0,1,0,1,1,1,0,0,1,1,1,1,1,1,1,1,16,19,text
18,M,0,1,0,1,1,0,1,1,0,0,1,1,1,1,1,0,0,1,1,1,1,0,1,1,0,1,0,1,0,0,1,1,1,1,0,1,0,1,0,0,1,0,1,1,1,1,1,1,1,0,1,1,1,1,1,1,1,1,0,1,18,23,text
19,F,0,0,1,1,0,0,1,1,1,1,1,0,1,1,1,0,0,1,1,0,1,1,1,0,1,1,1,1,1,0,1,1,0,0,1,1,1,1,0,0,1,1,0,0,0,1,0,1,1,0,0,1,0,0,1,0,1,0,1,1,20,16,video
20,F,1,0,0,0,0,1,1,0,0,0,1,0,1,0,0,1,0,1,1,1,0,0,0,1,0,0,1,0,1,0,0,1,1,0,0,1,1,0,1,1,1,0,1,0,0,1,1,1,1,1,0,1,0,0,1,1,0,0,0,1,12,17,text
19,F,1,1,1,0,1,1,0,0,1,1,1,1,0,0,0,1,0,1,0,0,0,0,1,0,1,0,1,0,1,1,0,1,1,1,1,0,1,0,1,0,1,0,1,1,0,1,1,0,1,1,1,1,0,1,0,0,0,0,1,1,16,18,text
20,M,1,0,0,1,1,0,1,1,1,1,1,1,1,1,1,1,1,0,1,1,1,1,1,1,0,1,0,1,1,1,1,1,1,0,0,1,1,1,0,0,1,0,1,1,1,0,1,1,1,1,0,1,0,1,1,1,1,1,1,0,24,21,video
18,F,1,1,0,1,0,0,1,1,1,1,1,1,1,1,0,0,0,1,1,1,1,1,0,0,1,1,1,1,1,1,0,0,1,1,1,0,0,0,1,1,1,1,1,1,1,1,1,0,1,1,0,0,1,0,1,1,1,1,1,1,22,21,video
19,F,1,0,0,0,1,1,1,1,1,0,0,1,1,0,1,1,1,0,0,1,0,0,1,1,1,0,1,0,1,0,1,0,1,0,1,1,1,0,0,1,1,0,0,1,1,0,1,0,1,0,1,0,1,0,0,0,0,1,1,0,17,15,video
20,F,1,1,0,0,0,1,0,1,1,1,1,1,0,1,0,1,1,1,0,0,0,0,1,1,0,1,1,1,0,1,0,1,1,1,1,0,0,0,0,1,1,0,1,1,0,0,0,0,1,1,0,0,1,1,0,1,0,1,1,0,18,15,video
17,F,1,1,1,1,1,0,1,1,0,1,1,0,1,0,0,0,1,1,1,1,0,1,1,1,1,1,0,1,0,0,1,1,0,0,1,1,1,0,1,1,1,1,1,1,0,0,1,0,0,1,1,1,0,0,0,0,0,0,0,1,20,16,video
18,F,1,1,1,0,1,1,1,0,1,1,0,1,0,0,0,1,0,0,1,1,1,1,1,1,1,0,1,0,1,1,1,0,0,1,0,0,0,1,0,1,1,0,0,1,0,1,0,0,1,1,0,1,1,1,1,0,1,0,1,0,20,15,video
20,F,1,1,1,1,1,0,1,0,0,0,0,1,1,0,1,1,0,0,0,0,0,1,0,1,1,0,1,1,1,0,0,1,0,1,0,0,0,0,1,1,1,0,0,1,1,1,1,1,0,0,0,0,0,0,1,1,1,0,0,0,16,13,video
17,M,1,0,1,0,0,1,1,1,0,0,0,1,0,0,0,0,1,1,0,0,1,1,1,1,1,0,0,1,1,1,0,1,0,0,0,0,0,1,1,1,0,1,0,0,1,1,1,1,1,1,1,0,0,0,1,0,0,0,1,0,16,14,video
20,M,1,0,0,1,0,0,0,1,0,1,1,1,1,1,1,1,0,0,1,0,0,0,1,0,0,0,1,1,0,1,0,1,1,0,1,1,1,0,0,0,0,1,0,1,0,1,1,1,0,0,1,1,0,0,1,1,1,1,1,1,15,18,text
17,F,1,1,0,0,1,0,1,0,0,0,0,1,0,1,0,0,0,1,0,1,1,0,1,0,1,1,0,1,1,0,1,0,0,0,0,0,1,0,1,0,0,0,1,0,0,1,0,1,0,1,1,0,1,1,1,0,1,0,0,0,14,12,video
18,F,1,0,1,0,0,0,1,0,0,0,1,0,0,1,1,0,1,0,0,0,1,1,0,1,0,1,1,1,1,0,0,1,1,1,1,1,1,0,0,0,1,1,1,1,0,1,1,1,1,1,1,1,1,1,0,1,1,1,1,1,14,24,text
19,F,1,1,1,1,1,0,1,1,1,0,1,1,0,0,1,1,0,1,0,0,1,1,1,0,1,1,0,0,1,0,1,1,1,0,0,1,1,0,0,0,1,1,0,0,1,0,1,1,1,1,0,0,0,1,1,1,1,0,1,1,19,18,video
17,M,1,1,1,1,1,1,0,0,0,1,1,1,0,0,1,1,1,1,1,0,0,1,1,0,1,1,1,1,1,0,1,1,0,1,0,0,1,1,0,1,0,1,1,0,0,1,1,1,0,1,1,0,1,1,0,1,1,1,0,1,21,19,video
20,M,1,1,0,1,0,0,1,0,1,0,1,0,0,1,1,0,0,1,0,1,1,1,1,0,1,0,1,1,1,1,1,0,1,0,1,0,0,0,1,0,1,0,1,1,1,1,1,0,1,0,1,1,1,1,1,0,1,0,1,0,18,18,equal
18,M,1,1,1,1,1,1,0,0,1,1,1,0,1,1,1,1,1,0,1,0,1,1,0,1,0,1,1,0,1,0,1,0,1,1,1,1,1,1,0,1,1,1,0,1,0,1,1,1,0,1,1,0,1,0,0,0,1,1,0,1,21,20,video
17,M,1,0,1,1,0,0,0,0,0,1,1,1,1,1,1,1,0,1,1,1,0,0,0,1,1,1,1,1,1,1,1,1,1,0,0,1,0,1,0,1,1,1,1,1,1,0,0,0,0,0,0,1,0,0,1,1,1,0,0,0,20,15,video
20,M,0,0,1,1,1,1,0,1,0,1,0,1,0,1,0,1,1,0,0,0,0,0,1,1,1,0,1,1,0,0,0,1,0,1,1,0,0,0,1,0,1,1,1,1,1,1,0,1,1,1,0,0,1,1,1,1,1,1,1,0,15,20,text
20,M,1,1,1,1,1,0,0,0,1,0,1,1,0,1,1,0,1,0,1,0,1,1,0,1,1,1,1,1,1,0,1,1,0,0,0,1,1,1,1,1,0,0,0,0,0,0,0,0,1,1,0,1,0,0,0,1,1,1,0,1,20,14,video
20,M,1,1,1,1,0,1,0,1,0,1,0,1,1,1,1,0,1,1,0,1,0,0,0,0,1,1,1,1,0,0,0,0,0,0,0,1,0,1,1,1,0,1,0,0,0,1,0,1,1,0,1,1,0,1,1,0,1,1,0,0,18,14,video
17,M,1,1,0,1,1,1,0,1,0,0,1,1,0,1,0,0,0,0,0,0,1,1,1,0,1,0,1,0,1,0,0,0,1,0,0,1,0,0,1,0,0,1,0,0,0,1,1,1,0,0,1,1,1,0,0,1,1,1,1,0,15,14,video
17,M,1,1,1,0,1,1,0,0,0,1,1,0,1,0,1,1,1,1,1,1,0,1,0,0,1,1,0,0,0,0,1,1,0,0,0,0,0,0,0,0,0,1,1,1,0,0,0,1,1,0,1,1,0,1,1,1,1,0,1,1,17,15,video
17,F,0,1,1,0,1,0,1,1,0,0,1,1,0,1,0,1,0,0,1,1,1,0,1,0,1,1,1,1,1,0,1,0,1,1,1,1,1,1,0,0,0,1,0,1,0,1,0,0,1,1,0,1,0,1,1,0,1,1,0,0,18,17,video
19,F,0,1,0,0,0,1,1,1,0,1,1,1,1,0,1,1,0,0,0,0,0,0,1,0,0,0,1,1,1,1,0,0,1,1,1,0,1,1,0,0,0,1,0,1,0,1,1,1,1,0,0,0,1,0,1,1,1,1,1,1,15,18,text
17,F,1,0,1,1,1,0,1,1,1,1,0,0,1,1,0,1,1,1,0,1,1,0,1,1,0,1,0,1,1,1,0,0,1,1,1,1,1,1,0,0,1,0,0,1,1,0,0,1,0,1,0,1,1,0,0,1,1,1,1,1,21,18,video
17,F,1,1,0,1,1,1,0,1,1,1,1,1,0,1,1,1,0,1,1,1,1,1,1,1,1,1,1,1,0,0,0,1,0,0,1,0,0,1,0,0,0,1,0,1,0,0,1,1,1,1,0,1,1,1,0,1,0,0,0,1,24,14,video
17,M,0,0,0,0,1,0,1,1,0,1,1,0,1,1,0,0,1,1,1,0,1,1,1,1,0,1,0,1,0,0,1,1,1,0,1,1,0,1,1,1,0,1,0,1,1,0,0,0,0,1,0,0,0,0,1,0,0,1,1,0,16,15,video
19,M,1,1,0,0,1,0,0,0,0,1,1,1,0,0,0,1,1,0,1,1,0,1,1,1,1,0,1,1,1,0,1,0,1,0,1,1,0,0,1,1,0,0,0,0,1,0,0,1,1,0,0,0,0,1,0,0,1,1,0,0,17,12,video
17,F,1,1,1,1,1,0,0,1,1,0,1,0,1,0,0,0,0,1,0,1,1,0,0,0,1,0,0,1,1,1,1,1,1,1,1,0,0,0,1,0,0,1,1,0,0,0,1,0,1,0,0,1,1,1,1,1,0,0,0,0,16,15,video
20,M,1,0,0,0,0,1,0,1,0,1,0,1,1,0,1,0,1,0,1,1,1,1,1,1,1,1,0,0,1,0,0,0,1,0,1,1,0,1,0,1,1,0,1,1,1,0,1,1,0,0,0,1,0,0,1,1,0,0,0,0,17,14,video
17,F,0,1,0,1,1,1,0,0,1,1,0,1,1,0,0,0,0,0,1,1,1,0,0,1,0,1,1,1,1,0,0,1,1,1,1,1,0,1,1,0,0,1,0,0,1,1,1,0,1,1,0,1,1,1,1,0,0,1,1,1,16,20,text
20,M,1,0,1,1,0,1,1,1,0,1,1,1,1,0,1,1,1,1,0,1,0,1,1,0,1,0,0,1,1,0,0,0,0,1,1,1,0,0,0,0,1,1,1,1,1,1,0,0,0,1,1,0,0,0,0,0,1,1,1,0,20,14,video
20,F,1,1,1,1,0,1,1,0,1,1,0,1,0,0,1,1,1,1,0,0,1,0,0,0,1,1,1,0,1,1,1,0,0,1,0,1,0,0,1,1,1,0,1,0,1,0,0,0,1,0,1,1,1,1,0,1,0,1,1,1,19,17,video
20,M,1,1,1,0,1,1,1,1,1,1,1,1,1,1,0,0,1,1,0,1,0,0,1,1,0,1,1,1,1,0,1,1,0,0,1,1,1,0,0,0,1,1,1,0,1,0,1,1,1,0,1,0,1,1,1,0,1,1,1,1,22,20,video
19,M,0,0,1,1,1,1,1,0,0,1,0,1,1,0,1,0,0,1,0,1,1,1,1,0,1,0,1,1,0,1,0,1,0,0,0,1,1,0,0,1,1,0,1,0,1,1,1,1,1,0,0,0,0,1,1,0,1,1,0,1,18,16,video
19,F,1,1,1,1,0,1,1,0,1,0,1,1,0,0,0,1,1,1,1,0,1,0,0,1,1,0,0,1,1,1,0,0,1,1,0,1,1,1,0,0,0,0,0,1,0,1,1,0,1,0,1,0,1,1,1,1,1,0,0,1,19,16,video
19,M,0,1,0,1,1,1,1,1,1,1,1,1,0,1,1,1,0,1,0,0,0,1,0,1,0,0,1,0,1,0,1,1,1,0,1,0,1,0,0,1,0,0,0,1,0,0,1,1,1,1,0,1,0,1,1,0,1,0,0,0,18,15,video
17,F,1,1,1,0,1,1,1,0,1,1,1,1,1,1,0,1,1,1,0,0,0,1,1,1,1,1,0,0,0,1,0,0,0,1,0,0,1,1,0,0,1,0,0,0,1,1,0,0,1,1,1,1,0,0,0,1,1,1,0,1,21,14,video
20,F,0,1,1,0,1,1,1,0,0,1,0,1,1,0,0,0,1,0,0,0,1,0,1,1,1,1,1,0,1,0,0,1,1,1,0,1,1,0,0,1,1,1,0,0,1,0,1,1,0,1,0,0,1,1,1,0,1,1,1,0,16,18,text
19,F,1,1,1,1,1,1,1,1,1,1,1,0,0,0,1,0,0,0,1,0,0,1,0,1,1,1,0,1,1,1,1,1,0,1,1,0,0,1,1,1,1,0,0,0,1,0,1,0,1,0,1,1,0,1,0,0,0,0,1,1,20,16,video
19,F,1,1,0,0,1,1,1,0,1,1,1,0,0,0,0,1,1,1,1,1,1,1,0,0,0,0,1,0,1,0,0,1,0,1,1,1,0,1,1,1,1,1,1,0,1,1,0,1,0,1,1,1,1,0,1,0,1,1,0,0,17,20,text
17,M,1,0,1,1,0,1,0,0,0,0,0,1,0,0,0,1,0,0,0,1,1,1,0,0,1,1,1,1,0,0,1,1,0,0,1,0,1,0,0,0,0,1,1,1,1,1,0,1,1,1,0,1,1,0,0,0,0,1,0,1,13,16,text
19,M,1,1,1,0,1,1,1,0,0,0,1,1,1,0,1,0,0,0,1,1,1,0,0,1,1,0,0,1,1,1,1,1,1,1,1,0,1,0,1,0,1,0,0,0,1,1,1,1,1,0,1,1,1,1,0,0,1,1,0,1,18,20,text
17,M,1,0,0,0,1,0,1,1,1,1,0,0,1,1,1,1,0,0,1,1,1,0,1,1,0,1,1,0,0,0,0,0,1,1,1,0,1,1,0,0,1,1,0,1,1,0,1,1,1,1,0,0,0,0,0,1,1,0,1,1,17,17,equal
18,F,0,0,1,1,1,1,0,0,0,0,1,1,0,1,0,0,0,0,1,0,0,1,0,1,0,1,1,1,0,1,1,1,1,0,1,0,1,1,1,1,0,1,1,1,1,1,1,1,0,0,1,0,0,0,1,1,1,1,1,1,14,22,text
19,M,1,1,0,1,1,0,1,0,1,0,1,1,0,0,0,1,1,1,0,1,1,1,1,1,0,1,0,1,0,0,0,1,1,0,0,1,1,1,0,1,1,1,0,0,1,1,0,0,0,0,1,1,1,1,1,1,1,1,0,1,18,19,text
18,F,1,0,1,0,0,1,1,1,1,1,1,1,0,1,1,0,1,1,1,0,0,1,0,1,0,0,0,1,1,1,1,1,0,0,1,1,0,1,0,1,1,0,1,1,1,0,1,1,1,0,1,1,0,0,0,1,0,1,1,0,19,18,video
17,M,0,1,0,0,1,0,0,0,0,0,1,0,1,0,0,1,0,1,1,1,0,0,0,1,0,0,1,1,1,0,1,0,0,1,1,0,1,1,1,1,0,1,0,0,1,0,0,0,1,1,1,1,1,0,1,0,0,1,1,0,12,17,text
20,M,0,0,1,0,1,1,0,1,0,1,0,1,0,1,1,0,1,0,0,1,1,0,0,0,1,0,1,0,0,1,0,0,1,1,0,1,0,1,0,1,0,1,0,1,1,1,0,0,1,1,1,1,1,0,1,0,0,0,0,1,14,16,text
19,M,1,1,1,0,1,1,1,0,0,1,1,0,0,1,1,1,1,0,0,1,0,1,0,0,1,1,0,1,1,1,0,1,1,0,0,1,1,0,1,0,1,1,1,0,0,0,1,0,1,0,1,1,1,0,1,0,1,1,1,1,19,18,video
17,F,0,1,0,1,0,0,0,1,0,0,1,1,1,1,0,1,1,0,1,1,1,0,0,0,1,0,1,1,1,0,0,0,0,1,0,1,0,1,0,0,1,1,0,1,1,0,0,0,1,1,1,0,0,0,0,0,0,1,0,0,16,11,video
20,M,1,1,1,1,0,1,0,1,0,0,1,1,0,0,1,1,0,0,1,1,1,0,1,0,1,1,1,0,0,1,1,1,1,0,0,1,0,1,0,0,0,1,0,1,1,1,0,0,0,0,1,1,1,1,0,0,1,0,1,1,18,16,video
20,M,0,0,1,1,1,1,0,1,0,1,0,1,1,1,1,0,1,0,1,1,1,0,0,1,1,1,0,0,1,0,1,0,0,1,1,1,1,0,1,0,1,1,1,1,0,1,1,0,0,0,1,1,0,0,1,1,1,1,0,1,18,19,text
18,F,1,0,1,0,1,0,0,0,0,0,1,1,1,0,1,0,0,1,1,1,1,1,1,0,0,1,1,1,0,0,1,1,1,1,1,0,1,0,0,1,1,1,0,1,1,0,0,1,0,1,0,1,0,1,0,1,0,1,1,1,16,19,text
17,M,1,1,0,0,1,0,1,1,0,0,1,0,1,0,1,0,0,1,0,0,0,1,0,0,1,0,1,1,1,1,1,0,0,0,0,1,1,1,0,0,1,1,1,1,0,1,0,0,0,0,1,0,1,0,1,1,1,1,0,0,15,15,equal
20,F,0,1,0,1,1,1,1,0,0,0,1,1,1,1,1,0,1,0,1,1,0,1,0,0,1,0,1,1,0,1,1,1,0,1,0,1,0,0,1,1,0,0,0,1,1,1,1,0,1,0,0,0,1,1,0,1,0,0,1,1,18,16,video
19,M,0,0,0,1,1,0,1,1,1,1,1,0,0,1,1,1,0,1,0,1,0,1,0,1,0,1,0,0,1,0,1,0,1,0,0,1,0,0,0,1,1,1,1,1,0,1,0,0,1,1,0,0,1,0,1,0,1,1,1,0,16,16,equal
19,F,0,1,1,1,0,0,1,1,0,0,1,0,1,1,0,1,1,1,0,0,1,1,1,1,1,0,1,1,1,1,0,1,1,1,1,1,1,1,1,0,0,0,0,1,1,0,0,1,1,0,0,0,0,1,1,0,1,1,0,1,20,17,video
18,F,0,1,1,1,1,1,1,1,1,1,1,0,1,1,1,1,0,1,0,1,1,0,1,1,1,0,1,0,1,0,1,1,0,0,1,1,1,1,1,1,0,0,1,1,1,0,1,1,1,0,0,0,1,1,1,0,1,1,1,0,22,20,video
20,M,1,0,1,0,1,1,1,1,1,0,0,1,0,1,1,0,0,0,1,0,1,1,1,0,0,0,1,1,1,1,1,1,0,1,1,1,0,1,1,0,1,0,0,0,1,0,0,0,1,0,1,1,0,0,1,0,1,1,0,1,18,16,video
17,F,1,0,1,1,1,1,1,0,0,0,1,1,1,0,0,1,1,1,0,0,1,1,1,1,1,1,0,0,1,0,0,0,1,0,1,1,0,0,1,1,1,1,0,1,1,0,1,1,0,1,0,1,1,1,1,1,1,1,1,1,19,21,text
19,F,1,1,1,1,1,1,1,0,1,1,1,0,1,0,1,1,1,1,1,1,0,1,1,0,1,0,0,1,1,1,0,0,0,0,1,0,0,1,1,1,1,1,0,0,1,0,1,0,0,1,0,1,1,0,0,0,0,0,0,0,23,11,video
20,F,0,0,0,0,0,1,1,0,1,1,0,1,0,0,1,0,1,1,1,1,1,1,1,1,0,0,1,1,1,1,1,1,0,1,0,1,1,0,1,1,1,0,0,0,1,0,1,1,1,1,1,1,1,0,1,0,0,1,1,0,18,19,text
20,F,0,0,1,1,1,0,1,0,0,1,1,0,1,1,1,0,0,0,0,0,0,1,1,0,0,0,1,0,0,1,0,0,0,1,1,0,0,0,0,1,0,0,1,1,1,0,1,1,1,1,1,0,0,1,0,0,1,1,1,1,13,16,text
18,F,1,1,1,1,1,1,0,0,0,1,1,0,1,0,0,1,0,1,1,0,1,0,1,1,0,0,1,1,0,1,0,0,0,0,0,0,1,0,0,0,1,0,1,0,0,1,1,0,1,1,0,0,1,1,0,0,1,1,1,0,18,12,video
19,F,0,1,0,0,1,1,0,1,0,1,1,1,0,1,0,0,1,1,0,1,0,1,1,0,1,1,1,1,1,0,1,1,1,1,0,0,0,1,1,0,1,0,1,1,1,0,1,0,0,1,1,0,1,0,0,1,1,1,1,1,18,19,text
19,M,1,1,0,1,1,0,0,1,0,1,0,1,1,1,1,1,0,1,1,1,1,0,1,1,1,0,1,1,1,1,0,0,0,0,1,1,1,1,1,1,0,0,1,0,0,1,1,0,0,0,1,1,1,0,1,1,1,1,1,0,22,17,video
17,F,1,0,0,0,1,1,1,0,0,0,1,1,1,1,0,0,1,1,0,0,1,1,1,1,1,0,1,1,1,0,1,1,1,0,1,1,0,1,1,0,1,1,0,0,0,1,1,0,1,1,0,1,0,1,1,0,1,0,1,1,18,19,text
19,F,0,1,0,0,1,1,0,0,0,0,0,1,1,1,1,0,1,0,1,1,1,1,0,0,0,1,1,1,1,0,1,1,0,0,0,0,0,1,1,0,1,1,0,1,1,1,1,1,1,1,1,1,0,1,0,0,1,1,1,0,16,19,text
17,M,0,0,1,0,1,0,1,1,1,0,1,1,0,1,1,1,1,0,0,1,0,1,1,1,1,1,0,0,1,0,1,1,1,1,1,0,1,1,0,0,1,1,1,1,1,1,1,0,1,1,0,0,1,1,0,1,0,0,1,0,18,20,text
19,M,0,0,0,1,0,1,1,1,1,1,1,1,0,1,0,1,0,1,1,1,0,0,1,1,0,1,0,1,1,1,0,0,1,0,1,0,0,1,1,1,1,1,1,1,0,0,0,1,1,1,0,0,1,0,0,1,1,1,1,1,19,18,video
18,M,1,0,0,1,0,1,1,1,0,0,0,0,0,0,0,0,1,1,1,1,0,1,0,1,1,1,0,1,1,0,1,1,1,1,1,1,1,1,0,0,1,1,0,0,1,0,1,0,0,1,0,1,1,1,0,1,0,0,1,1,15,19,text
19,M,0,1,1,1,0,1,1,1,1,0,1,1,1,1,1,0,0,0,0,0,1,0,0,0,1,1,0,0,0,1,1,0,0,1,0,1,1,1,0,0,0,1,0,1,1,1,1,0,1,0,1,1,1,1,0,1,0,1,1,1,16,19,text
17,M,1,1,0,1,1,0,1,0,1,0,1,0,0,1,1,1,0,0,1,0,1,0,0,1,1,1,1,1,1,1,0,1,0,1,1,0,1,1,0,1,1,1,1,1,1,0,1,0,1,1,1,0,0,1,1,0,0,0,1,0,19,18,video
17,M,1,1,0,1,0,0,1,1,0,0,1,1,1,1,1,1,0,1,1,1,1,1,1,0,1,0,0,1,1,1,0,1,1,1,1,0,0,1,1,0,1,1,1,1,1,0,1,0,0,0,1,1,0,0,1,1,1,1,1,0,21,19,video
18,M,0,0,0,1,0,1,1,1,1,0,1,1,1,0,0,1,1,1,0,0,1,0,1,0,1,1,1,1,0,1,1,1,0,1,0,1,0,1,0,1,1,1,1,1,0,1,0,1,0,1,0,1,1,1,0,0,0,1,0,0,18,17,video
19,F,0,0,1,1,1,0,1,1,1,0,1,1,1,1,0,1,0,0,1,0,1,1,0,1,0,1,0,0,1,1,1,1,0,1,0,1,0,0,0,1,1,0,0,0,1,1,1,1,0,0,1,0,0,0,1,1,0,1,0,0,18,14,video
19,F,0,0,1,0,1,1,0,0,0,0,1,0,1,1,1,1,1,1,1,1,1,1,1,0,0,0,1,0,1,1,0,0,0,1,1,1,1,1,1,1,1,0,0,0,1,1,1,1,1,1,1,0,0,0,1,1,1,0,0,1,18,19,text
18,M,1,0,1,1,1,0,0,1,1,1,0,1,0,1,0,1,1,1,1,1,0,1,0,0,1,0,0,1,0,1,1,0,1,0,0,1,1,0,1,0,1,1,0,1,1,1,0,0,1,0,1,1,0,0,1,1,1,0,1,1,18,18,equal
19,F,1,0,1,1,1,0,0,1,0,0,1,1,0,0,0,1,1,1,1,1,0,1,0,1,0,1,1,1,0,0,1,1,0,1,1,1,1,1,1,1,0,0,1,1,1,1,0,0,0,1,0,1,0,1,1,1,1,0,0,0,17,19,text
19,F,1,1,0,1,1,1,0,1,1,0,1,1,1,0,1,0,0,1,0,1,1,1,1,1,1,1,0,1,0,1,0,1,1,1,0,1,1,1,0,0,1,0,1,1,0,1,1,0,0,0,1,1,1,0,1,1,1,0,1,1,21,19,video
17,F,1,1,1,1,0,0,0,1,0,1,1,0,0,1,1,1,0,1,0,1,1,1,1,1,0,0,0,0,0,1,1,1,1,1,0,1,1,1,0,1,0,0,1,1,0,0,0,0,1,0,1,1,0,1,1,1,1,0,1,0,17,18,text
19,M,0,1,1,1,1,1,0,1,1,1,1,1,1,1,1,0,0,1,1,1,0,1,1,0,1,1,1,0,0,0,1,1,1,1,1,0,1,1,1,1,1,0,1,1,0,1,1,0,0,1,0,1,0,0,1,1,1,1,1,0,21,21,equal
19,M,1,1,0,0,1,0,1,1,0,1,0,1,1,0,0,1,1,0,1,0,0,1,1,1,0,1,1,1,0,1,1,1,0,0,1,0,0,1,1,0,0,1,1,0,0,0,0,0,0,0,0,1,0,1,1,1,1,1,0,0,18,13,video
18,F,1,0,0,0,1,1,0,1,0,0,1,0,0,1,1,1,1,1,1,0,1,1,0,1,0,1,1,1,0,1,0,0,1,1,1,1,0,1,1,1,1,1,0,1,1,1,0,1,1,1,0,0,1,0,1,1,1,1,0,0,18,20,text
18,M,0,1,1,1,0,0,1,1,1,1,1,0,0,1,1,0,0,1,1,1,1,1,1,0,1,1,1,0,0,1,1,1,1,0,0,0,0,1,0,1,0,1,0,1,1,0,0,0,0,1,0,0,1,0,0,0,1,0,1,0,20,12,video
20,F,1,0,1,1,1,1,1,0,0,1,0,1,1,1,0,1,1,0,0,0,1,1,1,1,0,1,1,0,1,1,1,0,0,1,0,1,1,1,1,0,1,0,1,0,0,1,0,1,0,1,1,0,0,1,0,1,0,1,0,1,20,16,video
17,F,0,0,0,1,1,0,1,1,0,1,0,1,1,1,0,1,1,0,0,0,1,1,0,0,1,1,0,1,0,1,1,0,1,1,1,1,1,1,1,0,0,0,0,1,1,0,0,1,1,0,0,0,1,0,0,0,0,0,0,1,16,14,video
19,F,1,0,1,1,1,1,0,0,0,1,1,1,0,0,0,1,1,1,1,1,0,1,1,1,0,1,0,0,1,0,1,0,1,0,0,0,0,1,1,0,1,0,1,0,1,1,0,0,1,1,0,1,0,1,1,1,1,1,0,1,18,17,video
19,F,1,1,0,0,1,1,1,1,1,1,1,0,1,1,1,0,1,1,1,0,1,0,0,0,0,1,1,0,1,1,1,1,0,0,0,1,0,0,1,1,0,1,1,1,1,1,0,0,0,1,0,0,1,0,0,1,1,1,0,1,20,16,video
20,M,0,1,0,0,1,0,1,1,1,0,0,1,0,1,0,1,0,1,1,1,0,1,0,1,1,1,0,1,0,0,1,1,0,1,0,0,0,0,1,0,0,0,0,0,1,1,1,1,0,1,1,0,0,0,0,0,0,1,0,1,16,12,video
19,M,0,1,0,0,1,0,1,1,1,1,1,1,0,1,1,1,1,0,1,0,1,0,1,1,0,1,0,0,1,1,0,0,0,0,0,0,1,1,1,1,1,0,1,0,1,1,1,0,0,1,1,1,0,0,0,1,1,1,1,1,19,17,video
17,M,1,0,0,1,1,0,0,1,1,0,1,1,0,0,1,1,1,1,0,1,0,0,1,1,1,0,0,1,0,1,1,1,1,1,0,0,0,1,0,0,1,1,0,0,1,1,0,1,0,1,0,1,1,0,1,1,0,1,1,1,17,18,text
20,F,0,1,1,0,1,1,1,1,1,0,1,1,0,1,1,0,0,0,0,1,0,1,0,1,0,0,0,1,1,0,0,0,0,1,1,1,0,0,0,0,1,1,0,1,1,0,1,0,1,0,1,0,1,0,1,0,1,0,0,0,16,13,video
17,M,0,1,0,0,1,0,1,1,1,0,0,1,0,0,0,1,0,1,1,1,1,0,1,0,1,1,0,0,1,1,1,1,0,0,1,0,0,1,1,1,1,1,0,1,1,1,0,1,0,1,1,0,1,0,0,1,0,0,0,1,16,17,text
20,F,1,1,0,0,1,0,0,1,1,0,1,1,1,1,0,1,1,0,0,0,1,1,1,1,0,1,1,1,1,0,1,0,0,1,1,1,0,1,1,0,1,1,1,1,1,1,1,0,1,0,1,1,0,1,1,0,0,0,0,1,19,19,equal
20,M,1,1,1,1,1,0,1,0,0,0,0,1,1,1,0,0,0,1,0,1,1,1,1,1,1,1,0,0,0,1,0,0,1,0,1,0,1,1,1,1,1,1,0,0,1,0,1,0,1,0,0,1,1,0,0,1,1,0,0,1,18,16,video
18,F,0,0,1,1,1,1,0,0,1,0,0,0,1,0,1,1,1,1,0,1,1,1,0,1,0,1,1,1,1,1,0,1,0,0,1,1,0,0,0,0,1,0,0,0,0,0,1,0,1,1,1,0,1,1,1,1,0,1,1,1,19,15,video
17,F,1,0,0,1,1,0,1,1,0,0,1,1,1,0,1,1,1,1,0,0,0,1,1,1,1,0,1,1,1,0,1,1,0,0,1,1,0,1,0,0,0,0,1,1,0,0,0,0,0,1,1,1,1,0,0,0,0,1,0,1,19,13,video
19,F,1,1,1,0,1,0,0,1,0,1,0,1,1,1,1,0,1,0,1,0,1,1,1,0,1,1,1,0,1,1,0,1,0,1,1,1,1,1,0,0,0,0,1,0,1,1,0,1,1,0,0,0,1,0,0,0,0,0,1,0,20,13,video
19,M,1,0,0,1,1,1,1,1,0,1,0,1,0,1,1,1,1,1,0,0,1,1,1,1,1,0,0,0,1,0,0,1,0,1,1,1,1,1,0,1,1,0,1,0,0,0,0,0,0,1,1,1,0,0,0,0,1,1,1,0,19,15,video
17,M,0,1,1,0,1,1,1,1,1,0,0,0,1,0,1,1,1,1,0,1,1,1,0,1,0,1,1,0,1,1,1,1,0,1,0,1,0,1,1,0,0,1,0,0,1,0,1,1,1,1,1,1,1,0,0,0,1,0,1,1,20,18,video
19,M,0,1,0,1,1,1,1,0,0,1,1,0,1,1,1,1,0,0,1,0,1,1,1,0,1,1,1,1,1,0,1,0,1,1,0,1,1,0,1,0,1,1,1,0,1,0,0,0,1,1,1,1,0,0,1,1,0,0,1,1,20,18,video
19,M,1,0,1,1,1,1,1,1,0,0,1,1,1,1,1,0,1,1,1,1,0,1,1,0,1,0,1,1,0,1,1,0,1,0,1,0,1,1,1,1,1,0,1,1,1,0,1,1,0,1,1,1,1,0,1,1,0,1,0,1,22,21,video
17,F,1,1,1,0,0,0,0,1,1,1,1,1,0,1,1,1,0,0,0,1,0,1,0,1,1,1,0,1,0,1,0,0,0,0,0,0,1,1,0,0,1,1,0,1,1,0,1,1,0,1,0,0,0,0,1,0,0,1,1,0,18,12,video
20,M,1,1,1,1,1,0,1,0,0,0,1,1,1,1,0,1,1,0,1,0,1,0,1,1,1,0,1,1,0,0,0,0,0,0,0,1,1,0,1,0,0,0,0,0,1,1,1,1,1,0,1,1,1,1,1,1,0,1,1,1,19,17,video
17,M,0,0,1,1,0,0,1,1,0,1,1,1,1,0,1,0,0,1,0,1,1,1,1,1,0,0,0,1,1,1,0,0,0,0,1,1,1,0,1,0,1,1,1,0,1,0,1,1,1,1,1,1,1,0,1,1,0,0,1,0,18,18,equal
20,F,1,1,0,0,1,1,0,1,0,0,0,1,0,1,0,1,1,1,1,0,0,0,1,0,1,0,0,1,0,1,0,1,1,1,1,0,1,1,0,0,0,0,0,0,1,1,1,1,1,0,1,1,0,0,0,0,0,0,0,0,15,13,video
19,F,1,1,1,0,1,1,0,0,0,0,0,1,1,1,1,0,1,0,1,1,1,0,0,0,1,0,1,1,0,1,0,0,1,1,0,0,0,1,1,1,0,0,1,0,1,1,1,0,0,1,1,0,1,0,0,1,1,1,1,0,17,16,video
19,F,0,1,0,0,1,0,1,0,1,1,1,1,0,1,1,1,1,0,0,1,0,1,1,0,1,0,0,1,0,0,1,0,0,0,1,0,0,1,1,0,1,1,0,1,1,0,0,1,0,0,0,0,1,0,1,0,1,1,1,1,16,15,video
19,M,1,0,1,0,0,1,1,0,1,1,1,1,1,1,1,0,1,1,1,0,1,1,1,0,0,0,0,0,1,0,1,0,0,1,1,0,1,1,1,1,1,0,1,0,1,1,1,0,1,1,1,1,1,1,1,0,1,0,1,1,18,22,text
18,F,1,0,0,1,1,1,0,0,0,1,0,1,0,1,1,1,0,0,1,1,0,1,0,1,1,0,0,1,1,0,0,0,0,0,0,0,1,1,0,0,0,1,0,1,0,1,0,0,0,0,0,1,0,0,1,1,1,0,0,1,16,10,video
20,F,1,0,1,0,0,0,1,0,1,1,0,0,0,1,1,1,1,0,1,0,1,1,1,1,1,0,1,0,1,0,0,0,0,0,0,1,0,0,1,0,1,1,0,0,0,1,0,0,1,0,0,1,1,1,0,1,1,1,1,1,17,14,video
18,F,1,0,1,0,0,1,1,1,0,1,1,1,1,0,1,0,0,1,0,1,0,1,0,1,1,0,1,0,1,0,1,1,1,0,1,0,0,1,1,0,0,1,1,1,0,0,1,1,1,0,1,0,1,0,1,0,1,0,1,0,17,17,equal
18,M,1,0,1,1,1,0,1,0,0,1,0,1,1,0,0,0,1,1,1,0,1,0,1,1,1,1,1,0,0,1,1,1,1,1,1,1,1,1,1,1,1,1,0,1,0,1,0,1,0,1,1,1,1,1,1,0,1,1,0,0,18,23,text
17,F,1,1,0,1,0,1,1,0,1,0,1,1,1,0,0,1,0,1,1,1,1,1,0,1,1,1,0,0,1,1,1,0,1,1,1,1,1,1,1,0,0,0,0,0,0,0,1,1,1,1,1,1,0,1,1,1,0,1,1,0,20,19,video
18,M,1,1,1,1,1,1,1,0,0,1,1,1,1,0,1,0,0,1,1,1,1,1,1,0,1,1,0,0,1,0,0,0,0,1,0,1,0,1,1,1,1,1,1,0,1,1,0,0,1,1,0,1,1,1,0,1,1,0,1,1,21,19,video
17,M,1,1,1,1,0,0,0,1,1,1,1,0,0,1,1,1,1,1,1,1,1,1,1,0,1,0,1,1,1,1,1,0,0,0,1,1,1,1,0,0,0,1,0,0,1,0,1,0,0,1,1,1,0,1,1,0,0,0,1,1,23,15,video
17,F,0,1,0,0,1,1,0,1,0,1,1,1,1,0,1,0,1,1,1,1,1,1,0,1,1,0,0,1,1,0,0,1,0,0,1,1,1,1,1,0,1,1,1,1,1,1,1,1,1,0,1,1,0,0,1,1,0,1,1,1,19,22,text
18,F,1,1,1,0,1,0,1,0,1,1,0,1,1,1,1,1,0,1,1,1,0,0,1,1,0,1,0,0,0,1,0,0,1,1,1,1,0,1,0,1,1,1,0,1,0,1,1,0,1,1,1,1,0,1,0,0,1,1,0,0,19,18,video
20,M,0,0,0,1,1,1,1,0,1,1,1,0,0,1,1,1,0,0,0,1,0,1,0,1,0,1,0,0,1,1,1,0,0,1,0,1,0,1,1,0,1,0,0,1,1,0,1,0,1,0,1,1,1,1,1,0,1,1,1,0,16,18,text
20,F,0,1,1,1,0,1,1,1,1,0,0,0,1,0,1,1,0,0,0,0,1,1,0,1,1,0,0,1,0,0,0,1,0,0,1,0,1,0,1,0,1,1,0,0,0,0,0,0,1,1,1,0,1,1,1,0,1,1,1,1,15,16,text
20,F,0,1,1,1,1,1,1,1,0,1,0,0,1,0,1,1,0,1,0,1,0,1,0,1,0,0,1,0,1,0,1,1,1,0,0,1,0,0,0,1,1,0,1,1,1,0,1,1,0,0,1,1,0,1,0,0,1,1,1,0,17,17,equal
20,M,1,0,0,1,1,1,0,1,1,0,1,0,1,1,0,1,1,0,1,0,0,1,1,0,1,1,0,1,0,1,1,1,1,1,1,1,0,1,1,0,0,0,1,1,0,0,0,0,1,0,0,1,1,1,1,1,0,0,0,1,18,17,video
20,M,1,1,0,0,0,1,1,1,1,1,0,1,0,1,0,1,1,1,1,1,1,1,0,0,0,1,0,0,1,1,1,0,1,1,0,1,1,1,0,1,1,0,1,1,1,1,1,0,1,0,1,1,1,1,1,1,1,0,1,1,19,23,text
18,F,1,1,1,1,0,0,0,0,1,0,0,1,0,0,1,0,1,1,1,0,0,0,1,1,0,0,1,1,0,0,0,1,0,0,0,1,0,0,0,0,1,0,1,0,1,1,1,0,0,0,0,1,1,1,1,0,0,1,1,1,14,14,equal
18,M,1,1,0,0,1,1,0,1,1,1,1,0,1,0,1,1,1,0,0,1,0,0,0,1,0,1,1,0,1,1,1,1,1,1,0,1,0,0,1,0,0,1,1,0,1,1,1,1,0,0,0,1,0,0,0,1,1,0,1,0,18,16,video
19,F,1,0,0,1,0,1,1,0,1,1,1,0,1,0,0,1,0,1,1,0,0,1,1,1,1,1,1,0,1,1,0,1,0,1,0,0,0,0,1,0,0,1,1,0,1,0,1,1,1,0,0,1,0,0,0,0,1,1,1,1,19,14,video
20,F,0,0,1,1,0,1,1,0,1,1,1,1,1,0,1,1,1,0,1,1,0,1,1,1,1,1,0,1,1,1,1,1,0,1,0,0,0,0,0,1,0,1,0,1,0,1,1,0,0,1,0,1,0,0,1,1,1,1,0,0,22,14,video
18,F,1,1,0,1,0,1,1,1,1,1,1,0,1,1,1,1,1,1,1,0,0,1,1,0,1,1,1,1,0,1,0,1,1,1,0,1,0,1,0,1,0,0,0,0,1,1,0,1,0,0,1,0,0,0,0,1,0,1,0,1,23,13,video
19,M,1,1,0,0,1,1,0,0,0,1,0,0,1,1,1,0,1,0,0,0,0,0,1,0,1,0,1,0,0,0,1,0,1,0,1,1,1,1,0,1,1,1,1,1,0,0,0,0,0,1,1,0,0,1,0,0,0,1,0,0,12,15,text
20,F,1,1,0,1,0,1,0,1,0,0,1,1,1,0,1,0,1,1,1,1,1,0,0,1,0,0,1,1,1,1,1,0,0,1,0,1,0,0,1,1,0,0,1,0,1,1,0,0,0,1,1,0,1,1,0,0,1,1,0,0,19,14,video
17,F,0,0,1,1,0,0,0,0,1,0,0,1,0,1,1,1,1,1,1,1,1,1,1,0,1,1,0,0,0,1,1,1,1,0,1,0,1,1,0,1,0,1,1,1,1,1,0,0,0,1,1,1,0,1,1,1,1,1,1,1,17,22,text
19,F,1,0,1,1,1,0,1,0,0,1,0,0,0,1,0,1,0,1,1,0,0,1,1,1,0,0,0,1,1,0,1,0,0,0,1,1,0,1,1,0,0,0,0,0,0,1,0,0,1,1,1,0,0,1,1,0,0,1,1,1,15,14,video
18,M,0,1,0,1,1,1,1,1,1,1,0,1,1,1,1,0,1,0,0,1,1,1,1,0,0,1,1,1,1,1,1,0,1,1,0,1,0,1,1,1,1,1,1,0,1,1,0,1,0,1,1,1,1,0,1,0,0,1,0,1,22,20,video
17,M,1,1,0,0,1,1,0,1,0,1,0,1,0,0,0,0,0,1,0,0,1,0,0,1,1,1,1,1,1,1,0,0,1,1,1,1,1,0,1,1,1,1,1,1,1,1,0,0,1,0,1,0,1,0,0,0,0,0,1,0,16,17,text
17,M,1,0,1,1,1,1,0,1,0,1,1,1,1,1,1,1,1,0,1,1,1,0,1,0,0,1,1,1,0,1,1,1,1,0,1,0,0,1,1,0,0,1,1,1,1,1,0,0,0,1,1,0,0,1,0,0,0,1,0,1,22,16,video
17,M,1,1,0,1,1,0,1,0,1,0,0,1,0,1,0,1,0,1,0,1,0,0,1,0,0,1,1,1,1,1,0,1,1,1,1,0,1,0,1,1,1,1,0,1,0,1,0,1,0,0,1,1,0,0,1,0,1,1,0,0,17,17,equal
19,M,1,1,1,1,0,0,1,0,0,0,1,1,0,0,0,0,1,1,1,1,0,1,1,0,1,0,0,1,1,1,0,1,1,0,0,0,1,1,1,0,1,1,0,0,0,0,1,0,0,0,1,1,0,0,0,0,1,0,0,0,17,11,video
18,F,1,1,1,0,1,0,1,0,0,1,1,0,0,0,1,1,0,0,1,0,1,1,1,1,1,1,1,0,0,0,0,1,0,1,0,0,0,0,1,1,0,1,1,0,0,1,1,1,1,1,0,0,1,1,0,1,1,0,1,1,17,17,equal
17,M,0,1,1,0,1,1,1,0,1,0,0,0,0,0,1,1,0,1,1,1,0,1,0,1,1,0,1,0,0,0,0,1,1,1,0,0,1,1,1,0,1,1,0,1,1,0,0,0,0,1,1,1,1,1,1,1,1,1,1,0,15,20,text
20,M,1,0,0,0,1,1,0,0,1,1,1,1,1,1,0,1,0,1,1,1,1,0,0,1,1,1,0,0,1,0,1,1,0,0,1,0,0,1,1,0,1,1,1,1,0,1,1,0,1,0,1,1,0,1,1,0,1,1,1,1,18,20,text
17,M,0,1,1,0,0,1,1,1,1,0,1,0,0,1,1,1,0,1,0,0,1,0,0,1,1,0,0,1,1,1,1,1,1,1,1,0,0,1,0,0,0,1,0,0,1,0,0,1,1,1,1,1,0,0,0,1,1,1,0,1,17,17,equal
17,F,0,1,1,0,1,0,1,0,1,0,0,1,1,1,1,0,0,1,0,0,0,1,1,1,1,1,1,1,0,1,0,1,1,1,1,0,1,1,0,1,1,0,1,0,0,1,1,1,1,0,1,1,1,1,0,0,0,0,1,0,18,18,equal
19,M,1,1,1,0,1,1,1,1,1,0,1,1,1,1,1,1,0,1,1,0,0,1,1,1,1,1,1,0,1,1,1,0,1,0,0,0,1,1,1,1,0,0,0,1,1,0,1,0,0,1,0,0,0,1,1,1,0,1,0,1,24,15,video
19,M,1,0,1,0,1,0,1,1,1,1,1,0,1,1,1,0,0,0,1,1,0,0,1,1,1,1,0,1,1,0,0,0,0,1,1,1,1,0,0,1,1,1,0,1,1,0,1,0,0,1,1,0,1,1,1,1,0,0,0,1,19,17,video
18,F,0,1,0,1,0,0,1,0,0,1,1,0,1,1,0,0,1,1,1,1,1,0,1,1,1,0,1,1,1,0,1,1,0,1,1,0,1,1,1,0,0,0,1,1,0,0,1,1,0,1,1,1,0,0,1,0,1,1,1,1,18,19,text
20,M,0,1,1,1,1,1,1,1,1,1,0,1,1,1,0,0,1,1,1,1,1,0,1,0,1,0,0,1,1,1,0,1,1,0,1,1,1,0,1,1,0,0,0,1,0,0,0,0,1,0,0,1,1,1,0,0,1,0,0,0,22,13,video
19,F,1,1,1,1,0,1,0,1,0,1,1,0,1,0,1,1,1,0,1,0,0,1,1,0,1,1,1,1,1,1,1,1,0,1,1,1,0,1,1,1,1,0,1,0,1,1,0,0,1,1,1,1,0,1,0,0,1,0,0,0,21,18,video
17,F,0,1,1,0,0,0,1,0,1,1,1,1,0,1,0,0,0,1,1,1,1,0,1,1,0,1,0,1,1,1,0,0,0,0,0,1,1,0,1,1,1,1,0,1,1,0,0,0,1,0,0,1,0,1,0,0,1,0,1,0,18,13,video
18,F,1,1,0,1,0,1,1,0,0,1,1,0,1,0,1,0,0,0,1,1,0,1,1,0,1,1,1,1,1,0,1,1,1,1,0,0,1,1,1,0,1,1,0,1,1,1,1,1,0,1,1,1,0,0,0,1,0,1,1,1,18,21,text
17,F,1,0,0,0,1,0,1,1,0,1,0,1,0,1,0,1,1,1,1,1,0,1,1,1,0,0,0,0,1,1,1,1,1,1,0,0,0,1,0,0,0,1,0,1,1,1,0,1,1,0,1,0,0,1,1,1,0,0,1,1,17,17,equal
17,F,1,0,0,1,1,1,1,1,1,0,1,0,0,0,0,0,0,0,1,0,0,0,0,1,1,1,1,0,1,1,1,0,1,1,0,1,1,0,0,1,0,1,0,0,0,0,0,1,1,1,0,1,1,0,1,0,1,1,1,1,15,17,text
19,M,1,1,0,0,1,0,0,1,1,0,1,1,1,0,0,0,1,0,1,1,1,1,0,0,1,0,0,0,1,1,1,1,1,0,1,0,0,1,1,1,0,0,1,0,0,0,1,1,1,0,0,1,1,0,0,1,1,1,1,1,16,18,text
18,F,1,0,1,1,1,1,0,0,0,0,1,1,1,1,1,0,0,0,1,1,1,0,1,1,1,1,1,0,0,1,1,0,0,1,0,0,1,0,0,0,1,1,1,1,0,0,0,1,1,0,1,1,0,0,0,1,1,0,0,0,19,13,video
20,F,0,0,0,1,1,0,1,0,0,0,1,1,1,1,1,1,1,0,1,0,0,1,0,1,0,1,1,1,1,1,1,0,1,1,1,0,1,1,0,1,1,0,0,1,0,1,0,0,1,0,1,1,0,1,1,1,1,0,0,1,18,18,equal
20,M,1,1,1,1,1,1,1,0,1,0,1,0,1,1,1,1,1,1,0,1,1,0,1,0,1,0,1,0,0,1,1,1,1,1,1,1,0,0,0,0,1,0,0,0,1,0,0,1,0,1,1,1,1,0,1,1,0,1,0,0,21,16,video
19,F,1,1,0,1,1,1,1,1,0,1,0,1,1,1,1,0,0,1,1,1,0,0,0,1,1,1,1,1,1,1,1,0,0,0,0,0,1,1,0,0,1,1,1,0,1,0,0,1,1,0,1,1,1,0,1,0,0,0,1,1,22,15,video
19,M,0,0,1,1,1,0,0,0,0,1,1,1,1,0,1,1,1,0,1,0,1,1,1,0,1,0,1,1,0,1,1,1,1,0,0,1,1,1,1,0,1,1,1,1,0,1,0,1,0,0,0,1,0,1,1,0,0,1,0,1,18,18,equal
18,M,1,0,1,0,1,1,1,0,1,0,0,1,1,1,1,1,0,0,0,0,0,1,0,0,1,0,1,0,0,0,1,0,1,1,1,0,1,1,1,0,0,0,0,1,0,1,1,1,0,1,1,1,1,1,0,1,1,0,0,0,14,18,text
20,M,1,0,1,1,0,1,0,1,1,0,1,1,0,1,0,1,1,1,1,1,1,1,1,1,1,1,0,0,0,1,1,0,1,0,1,1,0,1,1,0,1,0,0,1,1,0,1,0,1,0,1,1,1,0,1,0,1,1,0,1,21,18,video
20,F,0,0,0,1,0,0,0,1,1,1,1,0,1,1,1,1,1,0,1,1,1,1,1,0,0,0,0,1,0,0,1,1,0,1,1,0,1,1,0,1,0,1,0,0,1,0,0,1,1,0,1,1,0,0,1,1,1,0,0,1,16,17,text
20,F,0,1,0,0,0,1,0,0,0,1,0,1,0,1,0,1,1,0,0,0,0,0,1,1,1,1,1,0,0,1,0,1,0,1,1,1,1,1,1,0,0,0,1,1,1,1,1,1,1,0,0,1,0,1,1,1,0,1,0,1,13,20,text
17,F,1,0,1,1,0,0,1,0,1,0,1,1,0,1,0,1,1,1,1,0,1,0,0,0,1,0,1,1,1,1,1,1,0,1,0,1,1,0,1,1,1,0,0,1,0,0,1,1,0,0,1,0,1,0,1,1,1,1,1,0,18,18,equal
20,M,1,0,1,1,0,1,1,1,0,1,1,1,0,0,0,1,1,1,1,1,1,1,0,1,0,1,1,1,1,1,0,0,1,0,1,1,1,1,1,1,0,0,0,1,0,1,0,1,1,1,1,1,0,0,1,1,0,1,0,0,22,17,video
17,F,1,0,0,1,0,0,0,0,1,1,1,1,1,1,0,0,0,0,0,1,1,1,0,1,0,1,1,0,1,1,1,1,0,0,1,1,0,1,0,0,0,1,0,1,1,1,1,0,0,1,1,1,1,0,1,0,0,1,1,1,16,18,text
18,F,1,1,0,1,1,1,0,1,0,0,1,0,0,1,1,0,0,1,1,0,0,0,1,0,1,1,0,0,1,1,1,1,1,0,1,0,1,1,1,1,1,0,0,0,0,0,0,1,0,0,0,1,1,0,0,0,0,1,1,0,16,14,video
17,F,0,1,0,0,1,0,0,0,0,0,1,1,0,1,1,0,0,1,0,0,1,0,1,1,1,1,1,0,0,0,1,0,0,1,1,0,1,1,0,0,0,1,1,0,0,0,1,1,1,1,1,0,1,1,1,0,0,0,0,0,13,15,text
18,M,0,1,1,0,1,1,0,1,0,1,1,1,1,1,1,0,0,1,1,1,0,0,1,0,1,1,1,1,1,1,0,1,1,1,1,0,1,0,1,1,1,0,0,0,0,1,1,0,0,1,1,1,1,0,0,1,1,0,0,0,21,16,video
20,M,0,1,1,1,1,1,1,1,1,1,1,0,0,1,1,1,0,1,1,1,0,1,0,1,0,0,1,0,1,0,0,0,1,0,1,1,1,1,1,0,1,0,0,1,1,1,1,1,1,1,1,1,0,1,1,1,1,0,1,1,20,22,text
20,F,0,1,0,1,1,1,0,1,1,0,1,1,1,1,1,1,0,0,1,1,1,0,1,1,0,1,1,0,0,1,0,1,1,1,1,1,0,1,0,0,0,0,0,1,1,0,0,1,1,0,1,0,1,0,1,1,1,1,1,0,20,17,video
18,F,0,1,0,1,0,0,0,0,1,1,1,0,0,1,0,0,0,0,1,1,1,1,0,0,0,0,1,1,1,1,1,1,1,0,1,0,0,0,1,0,1,0,1,0,1,1,1,1,0,0,0,1,1,1,1,0,1,0,0,0,14,16,text
19,F,1,1,1,1,0,1,1,1,0,1,1,0,1,0,1,1,1,0,1,1,1,1,1,0,0,1,1,0,1,1,0,1,1,0,1,1,1,0,1,0,1,0,0,0,1,0,0,0,1,1,1,1,0,1,0,1,1,0,0,0,22,15,video
18,F,1,0,0,0,1,1,0,1,0,0,1,0,1,0,1,1,0,0,1,0,1,1,1,1,1,1,1,1,1,0,0,0,0,0,0,1,0,1,1,1,0,1,0,1,1,1,1,0,0,1,1,1,0,1,1,1,0,1,1,0,18,17,video
19,M,1,0,0,0,0,0,1,1,0,0,0,1,0,1,1,1,0,0,1,0,1,1,1,1,1,1,0,0,1,1,0,0,1,1,0,1,1,1,0,0,0,1,1,1,1,0,1,1,0,1,0,0,0,0,0,1,1,0,1,0,16,15,video
17,M,1,1,1,1,0,0,1,1,1,0,1,1,0,1,1,1,1,1,1,1,1,0,1,1,0,0,0,1,1,0,1,1,1,1,0,0,1,0,1,0,0,1,1,0,0,0,0,0,0,0,1,1,0,1,1,0,1,0,0,1,21,14,video
17,M,0,1,0,1,0,0,0,0,0,1,1,1,1,0,1,1,0,0,1,1,1,0,1,0,1,1,0,1,1,1,1,0,1,1,0,0,1,0,0,1,0,1,1,0,0,1,0,1,1,1,1,1,0,1,1,0,1,0,1,1,17,18,text
17,M,1,1,1,1,1,0,0,1,0,1,1,1,1,1,1,1,0,1,0,0,1,1,1,1,1,0,1,1,0,0,0,1,1,1,1,0,1,0,0,1,0,0,0,1,1,1,1,1,0,1,0,1,0,0,1,0,1,0,0,1,21,16,video
20,F,1,0,1,1,1,1,0,1,1,1,1,1,1,0,1,1,1,1,1,0,0,1,1,0,1,1,1,0,1,0,0,1,1,1,1,0,1,0,1,0,1,1,0,0,0,1,1,1,1,1,1,0,0,0,1,0,1,1,0,0,22,17,video
17,F,0,1,0,0,1,1,1,1,1,1,1,0,1,1,1,1,1,1,1,0,0,1,0,0,1,0,0,1,1,1,0,1,0,1,0,1,1,1,1,1,0,1,0,0,0,1,0,1,1,0,1,0,1,1,1,0,0,1,1,1,20,18,video
19,F,1,0,1,0,0,0,0,1,1,0,1,1,0,0,1,0,0,1,1,0,1,1,1,0,1,1,1,0,1,1,0,0,0,0,0,1,1,0,1,0,1,1,1,0,0,1,0,1,1,1,0,1,0,0,1,1,0,0,1,1,17,15,video
17,M,0,1,0,0,0,1,0,0,0,1,0,1,1,1,0,1,1,0,1,0,1,1,0,0,1,0,1,1,1,1,1,1,1,1,0,1,0,0,1,0,1,0,1,1,0,1,1,1,1,0,1,1,1,1,0,1,0,1,1,0,16,20,text
18,F,1,1,1,1,1,1,0,0,1,0,0,1,1,0,1,0,0,0,0,1,1,0,1,0,0,0,0,1,1,1,0,1,1,1,1,1,0,0,0,0,0,0,0,1,1,1,1,1,1,1,0,0,0,1,0,0,0,0,1,1,16,15,video
18,M,0,0,0,1,1,0,1,1,0,0,1,0,1,0,1,1,0,1,0,0,0,0,1,0,1,1,0,1,0,1,0,1,1,1,1,0,1,1,0,1,0,1,0,1,1,1,0,1,1,0,1,0,0,1,1,0,1,1,0,1,14,19,text
20,M,0,0,1,1,0,1,1,1,1,1,0,1,0,0,0,1,1,1,0,1,1,1,1,1,0,1,1,1,0,1,0,1,0,1,1,0,1,1,0,0,1,1,0,1,0,1,0,1,1,1,1,1,1,0,1,0,1,0,0,0,20,17,video
18,F,1,1,1,0,1,0,0,0,1,1,0,1,0,0,0,1,0,0,0,1,1,1,1,1,0,1,0,1,1,1,1,0,1,1,0,1,1,1,1,1,0,1,0,0,0,0,0,1,1,0,0,0,1,1,1,0,0,1,0,1,17,16,video
19,F,1,0,1,0,1,0,1,1,1,1,1,0,0,0,1,1,1,0,0,0,0,1,1,1,1,1,1,0,0,0,0,1,0,1,1,1,0,0,1,0,0,0,1,1,1,1,0,1,1,1,1,0,0,1,0,1,0,1,1,0,17,17,equal
17,F,0,1,1,0,1,1,1,1,1,1,1,0,1,1,1,1,0,0,0,1,0,1,1,1,1,1,0,1,0,1,0,1,0,0,1,1,1,0,0,1,0,0,1,1,1,0,0,1,1,0,1,1,1,1,0,1,0,1,1,1,21,18,video
20,M,1,0,0,1,1,1,1,0,0,0,1,0,1,0,0,1,1,1,1,0,1,1,1,0,1,0,0,0,1,1,0,1,1,0,1,1,1,0,0,1,0,1,0,1,1,0,1,1,0,0,1,0,1,1,0,0,0,1,1,1,17,17,equal
17,F,1,1,1,0,1,0,1,0,0,0,0,0,0,1,1,1,1,1,1,1,1,1,0,1,0,1,0,0,0,0,1,1,1,1,1,1,1,1,1,1,0,1,0,0,1,1,1,1,1,0,1,0,0,0,1,1,1,1,0,1,16,22,text
17,M,1,0,0,0,0,1,0,1,1,1,0,1,1,1,0,0,1,1,0,0,0,1,0,1,1,1,1,0,1,1,1,0,1,0,0,1,0,0,1,1,1,0,0,1,1,0,1,0,0,1,0,1,0,1,1,1,0,1,1,1,17,17,equal
19,F,1,1,0,1,1,0,0,0,1,0,0,0,0,1,0,1,1,1,1,0,0,1,0,1,1,0,0,1,0,1,1,0,1,0,0,0,0,1,1,0,0,1,0,0,0,0,0,0,1,0,1,1,0,0,0,1,1,1,1,0,15,12,video
18,M,1,1,1,0,0,1,0,0,1,1,0,0,0,1,0,1,1,1,1,1,1,1,0,1,1,1,1,0,1,0,1,1,1,0,1,0,1,1,0,1,0,0,0,0,0,0,1,1,0,0,1,1,1,0,1,0,0,0,1,0,19,14,video
18,M,1,1,0,0,1,0,1,0,0,0,0,1,0,1,1,1,1,0,1,1,1,1,0,1,0,0,0,1,0,1,0,1,1,0,0,1,1,1,0,0,1,1,0,0,0,0,1,0,1,0,0,0,0,1,1,1,0,0,0,0,16,12,video
17,F,0,1,1,1,0,1,1,1,0,0,1,0,1,1,0,1,1,1,1,1,1,1,1,1,1,1,0,1,0,0,1,1,1,0,0,1,0,1,1,1,1,0,1,1,0,0,0,1,1,1,1,0,1,1,0,0,1,1,1,1,21,20,video
20,M,0,1,1,1,0,1,0,0,1,1,0,1,1,0,1,0,0,0,1,1,1,1,1,1,1,1,0,1,1,0,1,0,1,1,1,0,0,0,1,0,1,1,0,0,0,0,1,1,1,1,0,1,0,0,1,1,1,0,0,1,19,16,video
18,M,0,1,1,1,0,0,0,1,1,1,0,0,0,1,1,1,0,0,1,1,1,1,0,1,0,0,0,1,0,1,0,0,0,1,1,1,1,1,1,0,1,0,0,0,1,1,1,1,0,1,1,1,1,0,0,1,1,0,0,0,16,17,text
20,F,1,1,1,1,1,0,1,0,0,1,0,1,1,1,0,1,0,1,0,1,0,0,0,0,0,1,1,1,1,1,1,1,1,0,0,1,1,0,0,0,0,1,1,0,0,1,1,0,1,0,0,0,0,1,1,1,0,0,1,1,18,15,video
18,M,1,1,0,1,0,1,0,0,1,1,1,1,0,0,1,1,1,1,0,1,1,1,1,0,1,0,0,1,1,0,1,0,1,0,0,0,0,1,0,1,1,1,0,1,0,1,0,1,0,0,0,1,1,0,1,1,1,0,1,1,19,16,video
20,F,0,0,1,0,1,0,0,1,0,1,0,1,0,1,0,1,1,1,0,1,1,1,0,1,1,1,1,1,1,0,1,0,0,0,1,0,1,1,0,0,0,0,1,1,1,1,0,1,0,1,1,1,0,0,0,0,0,0,1,1,18,14,video
19,M,0,1,1,0,1,0,1,1,1,0,1,1,1,0,0,1,1,0,1,1,1,0,1,0,1,1,0,1,1,0,1,0,0,0,1,1,1,1,1,1,0,1,0,0,1,1,0,0,1,1,0,1,1,0,0,1,0,0,0,1,19,16,video
20,F,0,0,0,0,1,1,0,1,0,0,1,0,1,1,0,1,1,1,0,0,0,0,1,0,0,1,1,0,0,0,1,1,1,0,0,0,1,0,1,1,1,0,1,1,1,0,1,0,1,1,0,1,1,0,1,0,1,1,0,1,12,19,text
19,F,0,1,0,1,1,0,1,0,1,1,1,1,1,1,0,1,1,0,0,1,0,0,1,1,0,0,0,1,1,1,1,1,1,0,0,0,1,0,1,0,0,1,0,0,0,0,0,0,0,1,0,1,0,0,0,0,0,1,0,1,18,10,video
19,M,1,1,0,1,0,0,1,0,1,0,1,1,0,1,0,1,1,1,1,1,0,0,0,0,1,0,1,0,1,0,0,1,0,1,1,1,1,1,1,0,1,0,0,1,1,0,1,1,0,0,1,0,0,0,1,1,0,1,0,1,16,17,text
20,M,0,0,0,0,0,1,1,1,1,1,1,1,0,0,1,1,1,1,0,1,1,0,0,1,0,1,1,1,1,1,1,0,1,1,0,1,0,1,1,1,0,1,1,0,0,0,1,0,0,0,0,0,0,1,0,0,0,0,1,0,19,12,video
19,M,1,0,0,1,1,0,1,0,0,1,1,1,1,1,0,1,1,0,1,1,1,1,0,1,0,1,1,1,0,1,1,0,1,0,0,0,1,1,0,1,1,0,1,1,0,0,0,0,0,1,0,1,1,1,0,0,1,1,0,1,20,15,video
17,M,1,1,1,1,0,1,0,1,0,0,1,0,0,1,1,0,0,1,0,1,0,0,0,1,0,1,1,1,1,1,0,1,1,1,1,0,0,1,0,0,1,0,0,1,1,0,0,1,1,1,1,1,1,1,0,1,1,1,1,1,17,20,text
19,M,1,0,0,0,0,1,0,0,1,1,1,1,1,0,0,1,1,0,1,0,1,0,1,1,1,0,0,1,0,0,1,1,1,0,1,1,1,0,0,1,1,1,1,1,1,1,1,0,0,1,0,1,1,0,1,0,1,1,0,1,15,21,text
18,F,0,0,1,1,0,0,0,0,1,0,1,0,1,1,1,1,1,0,0,1,0,0,1,1,0,0,1,0,1,1,1,0,1,1,0,1,0,0,1,1,0,1,0,1,1,1,0,1,0,0,1,1,1,0,0,1,1,1,1,1,15,19,text
20,M,1,1,0,0,1,1,0,0,0,0,1,0,1,1,1,1,0,0,1,1,1,1,0,0,0,0,0,1,1,1,1,1,1,1,1,1,1,1,1,1,1,1,1,1,1,1,1,0,1,1,1,1,1,1,1,0,1,0,0,0,16,25,text
17,F,1,0,1,1,1,0,1,0,0,1,1,0,1,0,1,1,0,0,0,0,0,0,0,1,1,0,1,1,1,1,0,1,1,1,1,1,0,1,1,0,1,1,1,0,1,0,1,0,1,0,0,1,1,1,1,0,1,0,0,1,16,19,text
20,F,1,1,0,1,0,1,1,1,0,1,0,1,1,1,1,0,0,0,1,1,1,0,1,0,1,1,1,1,0,1,1,1,1,1,1,0,1,1,1,0,0,1,0,0,0,0,0,0,1,1,0,1,1,1,1,1,0,0,1,0,20,17,video
18,M,0,1,0,1,0,0,0,1,0,1,1,1,1,0,1,0,0,1,0,1,1,1,0,0,0,1,1,1,1,1,1,1,0,0,1,1,1,0,1,1,0,1,0,0,1,0,1,0,1,0,1,1,1,1,1,1,1,1,1,1,17,21,text
18,F,0,1,1,0,0,1,1,1,1,0,1,0,0,0,1,1,0,1,1,1,1,0,1,1,1,1,0,0,1,1,1,1,0,0,0,1,0,1,1,1,1,1,0,1,0,0,1,1,1,1,1,1,1,1,1,0,0,1,1,1,19,21,text
18,F,1,0,1,0,1,0,1,0,1,0,1,1,0,1,0,0,0,1,1,0,1,0,1,1,1,1,1,0,0,1,1,1,1,1,0,0,0,1,0,1,0,0,0,0,1,1,0,0,0,1,1,1,0,1,0,0,1,0,0,1,17,14,video
19,F,0,1,0,0,0,1,1,1,0,1,0,1,0,1,1,1,1,1,0,1,1,0,1,0,0,1,1,1,0,0,1,0,1,1,0,1,1,1,1,1,0,1,0,1,0,1,1,0,0,1,1,1,1,1,1,0,0,1,0,1,17,20,text
19,F,0,0,1,0,0,1,0,0,1,1,1,1,0,1,0,1,1,0,0,1,1,1,1,1,1,0,1,0,0,1,1,0,1,1,1,1,1,0,1,1,1,0,1,1,0,1,1,0,1,1,1,1,0,1,1,0,1,1,1,0,17,22,text
20,M,0,1,0,1,1,0,0,0,0,1,1,1,0,0,1,1,0,1,0,0,0,1,1,1,1,0,1,0,1,1,0,1,0,1,1,1,0,0,0,0,1,1,1,1,1,0,0,1,0,0,1,1,1,1,1,0,1,0,1,1,16,18,text
20,F,1,0,0,1,0,1,1,1,1,0,1,1,1,0,1,0,1,1,0,1,0,1,0,1,0,1,1,1,1,1,0,1,0,1,0,1,1,0,0,1,0,0,1,1,1,1,1,0,0,1,1,0,1,1,0,0,0,0,0,1,20,15,video
17,M,1,0,0,0,0,1,1,1,0,1,1,0,1,0,0,1,1,1,0,1,0,0,1,1,0,1,0,1,1,0,1,0,1,1,1,1,1,1,1,0,0,0,1,1,1,0,0,1,0,1,1,0,1,1,1,0,1,1,0,1,16,20,text
17,M,0,1,1,0,1,1,0,1,1,1,0,0,1,1,1,0,1,0,1,0,1,0,1,1,0,0,1,0,1,0,1,1,0,1,0,0,0,1,0,0,1,1,0,1,1,0,0,1,1,0,0,0,0,0,0,1,1,0,1,1,17,14,video
20,F,1,1,1,1,0,1,1,1,0,1,1,0,1,0,0,1,0,0,1,1,0,0,0,1,1,1,1,1,0,0,1,0,0,1,1,1,0,1,0,1,1,1,1,0,0,1,0,1,1,0,1,1,1,1,1,0,1,1,1,1,18,21,text
19,M,0,0,0,1,0,1,0,0,1,1,1,1,0,1,1,0,0,0,0,1,1,0,0,1,0,0,0,0,1,0,0,0,0,1,0,1,1,0,1,1,0,0,1,0,0,0,1,0,0,0,0,1,1,0,1,1,0,1,1,1,12,14,text
18,M,0,1,0,1,1,1,1,1,0,1,1,1,1,0,0,0,0,1,0,0,1,0,0,0,1,0,1,1,1,1,0,0,0,1,0,1,1,1,0,1,0,1,1,0,0,0,1,0,0,1,0,0,0,1,0,0,1,0,0,0,17,11,video
20,M,1,1,0,0,0,1,0,0,1,0,0,1,0,0,1,1,1,1,1,1,1,0,1,1,1,1,1,1,1,0,0,1,0,0,1,0,0,1,0,0,1,0,0,1,1,1,1,0,1,0,0,1,1,1,0,1,1,1,1,0,19,16,video
17,F,0,1,1,0,0,1,0,1,1,0,0,0,1,1,1,1,0,0,0,0,1,0,0,1,0,1,0,1,1,0,1,1,0,1,1,0,0,1,1,1,1,0,1,1,0,0,0,1,1,1,0,0,1,1,1,1,0,1,1,0,14,19,text
19,M,0,1,1,1,1,0,0,1,0,1,0,1,1,0,1,0,0,1,1,0,0,1,1,0,1,1,1,0,0,0,1,1,1,0,1,1,1,0,1,0,1,1,0,1,1,0,1,0,1,0,0,1,1,1,0,1,0,0,1,1,16,19,text
20,M,0,0,1,0,1,0,1,1,0,0,1,0,1,1,0,1,0,1,0,0,1,1,0,0,1,1,1,1,1,1,1,0,1,0,1,1,1,0,0,0,0,0,1,0,1,1,1,1,1,1,0,1,1,0,0,1,0,1,1,1,17,18,text
20,M,0,0,0,0,0,1,0,0,0,1,0,0,0,0,0,0,1,0,1,0,0,1,1,0,1,1,0,1,1,0,1,1,1,1,1,0,1,0,1,0,1,1,1,0,1,1,1,1,0,0,1,1,1,0,1,1,1,1,0,1,10,22,text
19,F,1,1,0,0,0,0,0,1,1,1,1,0,0,1,0,1,1,0,1,1,1,1,0,0,1,1,0,0,1,1,0,1,0,1,0,1,0,0,1,1,0,1,0,1,1,1,1,1,1,0,0,1,1,0,1,0,1,0,0,0,17,16,video
20,M,0,0,1,0,1,1,1,0,1,1,1,0,1,1,1,0,1,1,1,0,1,0,0,0,1,0,1,1,0,1,1,1,1,0,1,0,1,1,1,0,0,0,0,0,0,1,1,1,0,1,1,0,1,0,0,0,0,0,0,1,18,14,video
19,F,1,1,0,1,0,0,0,1,0,1,1,1,1,1,1,1,1,0,0,0,1,1,0,1,0,1,0,1,1,0,0,0,1,1,1,1,1,0,1,1,1,0,1,1,0,0,0,0,0,0,0,1,1,1,0,0,1,1,0,0,18,15,video
18,F,0,1,1,0,1,1,1,1,0,1,1,1,1,1,1,1,0,1,0,1,1,1,1,0,0,0,0,1,1,0,0,0,1,1,0,0,0,1,1,1,0,1,0,0,1,1,0,1,0,0,1,1,1,1,0,0,0,0,1,1,20,15,video
19,F,0,1,1,1,0,1,1,1,0,1,0,1,0,0,1,1,1,1,0,1,1,1,1,0,1,0,0,1,1,0,0,1,0,1,0,0,0,1,0,0,0,1,1,0,0,1,0,1,0,1,0,0,1,1,1,0,0,0,0,0,19,11,video
19,F,1,1,1,0,0,1,1,0,0,0,0,1,0,1,1,0,1,0,1,0,0,1,0,1,0,1,0,1,1,1,0,0,1,0,1,0,1,1,1,0,1,0,1,1,1,1,1,1,1,1,1,0,1,1,1,1,1,0,0,1,16,21,text
19,F,1,0,0,0,1,1,1,0,0,1,1,1,0,0,0,1,0,0,1,1,1,1,0,1,0,0,1,0,1,1,1,1,1,1,1,0,1,1,0,1,1,0,1,0,1,1,0,1,1,1,0,0,1,0,0,0,1,0,1,0,16,18,text
20,F,1,1,1,1,1,1,0,1,0,1,0,1,0,1,0,1,1,0,1,1,1,0,0,1,0,1,1,0,0,0,1,1,0,0,1,0,1,1,1,1,0,1,1,0,1,0,0,1,1,0,1,1,1,0,1,0,1,1,1,1,18,20,text
20,M,1,1,1,1,1,0,0,1,1,0,1,0,1,1,0,1,1,1,0,0,1,1,0,1,0,1,1,0,1,0,0,1,1,1,1,0,0,0,0,1,1,0,1,0,0,0,1,1,0,0,0,1,0,0,1,0,1,0,1,0,19,13,video
19,F,1,1,0,1,0,1,0,0,1,0,0,1,1,1,1,1,1,1,0,1,0,1,1,0,1,1,1,1,1,0,1,1,1,1,0,1,0,1,0,1,1,0,1,0,1,0,1,0,1,1,1,1,1,0,0,1,1,1,0,1,20,20,equal
20,M,1,0,0,1,1,0,0,1,1,1,1,0,0,1,0,0,1,1,0,0,0,1,1,1,1,0,1,0,1,0,0,1,1,0,1,1,0,1,1,0,1,1,0,0,1,0,1,1,1,0,0,0,1,1,0,0,1,1,0,0,16,16,equal
17,M,0,1,0,1,1,0,0,1,0,0,0,1,0,1,1,1,1,0,1,0,1,0,0,0,0,1,0,0,1,0,1,0,1,1,1,1,0,1,1,0,1,0,0,1,1,0,1,1,0,1,1,0,0,1,1,1,0,0,1,0,13,18,text
17,F,1,1,0,1,0,1,1,1,1,0,1,1,1,1,0,1,0,0,0,0,1,1,0,0,0,0,1,1,0,0,1,0,1,0,0,0,0,0,0,0,0,0,1,1,1,1,0,1,1,1,1,1,0,0,1,1,0,0,1,1,16,15,video
20,M,1,0,1,1,0,0,1,1,1,0,1,0,0,0,1,0,1,1,1,1,0,1,1,0,1,0,1,1,0,1,1,1,1,0,0,1,0,0,0,0,0,1,1,0,1,0,0,1,1,1,1,1,1,1,1,1,0,0,0,1,18,17,video
20,M,1,1,1,1,1,1,0,1,1,1,0,0,0,0,1,1,0,0,1,1,0,0,1,0,1,1,1,1,1,0,0,1,1,1,1,1,1,1,1,1,0,1,1,0,1,1,1,0,0,1,1,1,0,0,1,1,1,1,0,1,19,22,text
19,M,1,0,1,1,0,0,0,0,1,1,0,0,0,0,0,1,1,0,0,1,1,1,1,0,1,1,1,0,1,1,1,0,1,0,0,1,0,0,1,0,0,0,0,1,1,0,1,0,1,0,1,1,0,0,1,1,0,0,1,1,16,14,video
18,M,1,1,1,1,0,1,1,0,1,0,1,1,0,0,1,1,1,0,0,1,1,1,1,1,1,0,0,0,1,0,1,0,1,1,1,0,0,1,1,0,1,1,0,0,0,1,1,0,1,1,1,0,0,1,1,0,0,0,1,1,19,17,video
20,F,0,1,0,1,1,1,1,0,1,1,1,0,1,1,1,1,1,0,1,1,0,1,1,1,1,0,0,0,0,1,0,0,1,1,1,1,1,0,1,1,1,0,0,1,1,1,1,1,0,1,0,1,1,1,1,1,0,1,1,0,20,21,text
17,M,1,1,1,0,0,1,1,1,1,1,1,0,0,1,1,1,0,0,0,1,0,1,1,1,1,0,1,1,1,1,0,0,0,1,1,1,0,1,1,1,1,1,1,1,1,1,1,0,1,0,1,1,0,1,1,0,1,1,0,1,21,21,equal
19,F,1,1,1,1,0,1,1,1,0,0,1,1,0,0,0,0,0,1,1,0,0,1,0,1,1,0,1,1,1,1,0,1,1,1,1,0,0,1,0,1,1,0,1,1,0,1,1,0,0,1,1,1,1,0,0,0,0,0,1,1,18,17,video
20,M,1,1,1,0,0,1,0,1,1,1,0,0,1,1,1,1,1,1,0,1,0,0,1,0,0,1,1,0,1,1,1,0,1,1,1,0,0,1,0,1,0,1,1,1,1,0,0,1,1,0,1,1,1,0,0,0,1,0,0,1,19,17,video
17,M,1,0,0,0,1,1,0,0,1,1,1,0,0,0,0,1,0,0,1,0,1,0,0,0,1,1,1,1,0,0,0,0,0,0,0,0,0,1,1,0,0,1,0,1,0,0,0,0,0,0,0,1,1,0,0,1,1,1,1,0,13,10,video
17,F,0,1,0,0,0,1,1,1,0,0,0,1,1,0,0,0,0,1,0,0,1,1,1,1,0,1,1,1,1,1,1,1,0,1,0,1,0,1,1,1,0,0,1,0,1,0,1,1,1,0,1,1,1,0,0,0,0,0,1,0,16,16,equal
18,M,0,1,1,1,1,1,1,0,0,1,1,0,0,1,0,0,0,1,1,1,0,0,1,0,0,0,0,0,1,0,1,0,0,0,0,1,0,0,1,1,0,1,1,1,0,0,1,1,1,1,0,1,1,0,1,0,0,1,1,1,14,17,text
19,M,0,1,1,0,1,0,1,1,1,1,0,1,1,1,1,1,0,1,1,1,1,1,1,0,0,0,1,1,1,0,1,1,0,0,1,0,1,0,1,1,0,1,0,1,1,0,0,1,1,1,0,0,0,0,1,1,0,0,1,0,21,15,video
19,M,0,1,1,0,0,0,0,0,1,0,0,0,1,1,1,1,0,1,1,0,1,1,1,0,1,0,1,0,1,1,0,0,1,1,0,0,0,0,1,1,1,0,1,0,0,0,0,0,0,1,1,1,1,0,1,0,1,0,1,1,16,14,video
18,F,1,1,1,1,1,0,1,1,0,0,1,1,0,1,0,1,0,1,0,1,0,1,1,0,1,0,1,0,1,0,1,0,1,0,0,1,1,0,1,0,1,0,0,0,1,0,0,1,0,0,0,0,1,1,0,1,0,0,1,1,18,13,video
18,M,0,1,0,0,1,0,1,0,1,1,1,1,0,0,1,1,0,1,1,1,1,1,0,1,0,1,1,0,1,1,1,0,1,1,0,1,1,1,1,1,1,1,1,0,0,1,1,1,1,1,0,1,1,0,0,0,1,1,1,1,19,22,text
19,F,0,1,0,1,0,1,1,0,0,1,1,1,0,0,0,1,0,1,1,1,0,0,1,0,0,1,1,0,0,1,1,0,0,1,1,0,1,0,0,0,0,1,0,1,1,1,1,1,1,1,0,0,1,1,1,0,0,1,1,0,15,17,text
19,M,1,1,1,0,1,0,1,1,1,0,0,0,1,1,1,1,0,1,0,1,1,1,1,0,0,1,1,0,0,0,1,1,0,0,1,1,0,1,0,1,1,1,0,0,0,1,0,0,1,0,0,0,0,0,0,1,0,1,0,0,18,12,video
20,F,1,1,0,0,1,0,0,1,1,1,1,0,1,0,0,1,1,0,0,0,1,1,0,0,1,0,1,0,0,1,0,0,1,1,1,1,0,0,1,1,1,0,0,1,0,1,0,1,0,1,0,1,1,1,1,0,1,0,0,1,15,17,text
20,F,0,1,1,1,1,1,0,0,1,0,0,0,0,1,1,0,1,1,1,1,1,1,1,0,0,1,1,1,1,1,1,0,1,1,0,1,1,1,0,1,0,1,1,0,1,1,1,0,1,0,1,1,1,0,0,0,1,1,0,0,20,18,video
18,M,1,0,1,1,1,0,0,0,1,1,1,0,1,0,0,0,1,0,1,1,1,0,1,1,1,0,0,0,1,1,0,1,0,1,1,0,0,1,0,1,1,0,1,1,1,1,1,0,1,1,0,0,0,1,1,0,1,1,0,1,17,18,text
20,M,0,1,0,0,1,1,0,1,1,0,1,0,1,0,1,1,0,0,1,1,0,1,0,0,0,1,1,0,1,1,0,0,0,0,1,0,0,1,0,0,0,0,1,1,1,1,1,1,0,1,1,1,0,0,0,1,1,0,1,0,16,14,video
17,F,1,1,1,1,0,1,1,1,1,1,0,0,1,1,1,0,0,0,1,0,1,1,0,0,1,1,1,1,1,0,1,1,1,0,1,1,1,1,0,1,1,1,1,0,1,0,0,1,0,0,1,1,0,0,1,1,0,1,0,0,20,18,video
20,F,0,0,0,1,0,0,1,1,1,0,0,1,0,1,0,1,1,1,0,1,0,1,0,0,1,1,0,0,0,1,0,0,0,0,1,0,0,0,0,0,1,0,1,0,1,1,0,0,0,1,0,0,1,0,0,1,1,0,0,1,14,10,video
20,M,1,0,1,1,1,0,0,1,1,1,1,1,0,1,1,0,1,0,1,1,0,0,1,0,0,1,1,0,1,0,0,0,1,1,0,0,1,0,0,0,1,1,0,0,1,0,0,1,0,1,0,0,0,1,1,1,0,1,1,0,18,13,video
17,F,0,0,1,1,0,1,1,1,1,0,1,0,1,0,1,0,0,1,0,1,0,0,0,0,1,1,1,1,0,1,1,1,0,0,1,0,1,1,1,1,0,1,0,1,1,1,1,1,0,0,0,0,1,0,0,1,0,1,1,1,16,18,text
18,M,0,1,1,0,1,0,1,0,1,1,0,0,1,1,1,1,0,0,1,1,0,1,0,1,0,1,0,1,1,0,0,0,0,0,0,1,1,0,1,1,1,1,1,1,1,1,1,0,0,0,0,1,0,0,1,1,0,1,0,0,17,15,video
17,M,1,1,1,1,0,0,1,0,1,0,1,1,1,1,1,1,0,1,0,1,0,0,0,0,0,1,0,1,1,1,1,1,0,1,0,1,0,1,0,1,1,0,1,1,1,1,1,0,1,1,1,0,0,1,0,0,1,1,1,1,18,20,text
20,M,0,1,1,1,0,1,1,1,0,0,0,0,1,0,1,1,1,1,0,1,0,1,1,1,0,0,1,0,1,0,0,0,0,1,0,1,1,0,1,1,0,0,1,0,0,1,1,0,1,1,0,0,1,1,0,1,0,0,1,0,17,14,video
18,M,0,1,0,1,1,0,1,1,1,1,0,0,0,1,1,1,1,0,0,1,0,0,1,0,1,1,1,1,1,1,0,1,1,1,1,1,1,1,1,1,1,1,1,0,1,0,1,0,1,0,1,0,1,1,1,0,0,1,0,0,19,20,text
20,F,1,0,0,0,1,1,1,1,1,0,0,0,1,1,0,1,1,1,1,1,0,0,1,1,0,1,1,1,1,0,0,0,1,1,0,1,0,0,0,1,1,1,0,1,1,1,1,1,1,1,0,0,0,1,0,0,0,1,0,1,19,16,video
17,M,0,1,1,1,1,0,0,1,0,0,0,1,1,0,1,0,0,0,1,0,1,0,1,1,0,1,1,0,1,0,1,1,0,0,1,0,1,1,1,1,1,1,0,0,1,0,1,1,1,1,1,1,1,0,0,0,0,1,0,1,15,19,text
17,F,1,0,0,1,1,0,1,1,0,1,1,0,1,1,1,0,0,0,1,1,1,1,0,1,1,1,0,0,0,0,0,0,1,1,1,1,0,0,1,1,1,0,0,1,0,0,1,0,1,1,1,0,1,0,0,0,0,1,1,1,17,16,video
20,M,1,1,1,0,0,1,0,0,0,0,0,1,0,0,1,0,0,1,0,1,0,0,1,1,0,1,1,1,1,1,1,0,0,1,0,0,0,1,0,1,1,1,1,1,1,0,0,0,1,0,0,1,0,0,1,0,0,0,0,0,15,12,video
19,F,0,0,0,0,1,1,1,0,0,0,0,0,1,1,1,1,0,1,1,1,1,1,1,1,0,1,0,0,0,0,0,0,0,0,0,1,0,1,0,1,1,1,0,0,1,0,0,1,1,1,0,1,0,1,1,1,1,0,1,1,15,16,text
19,M,1,1,1,1,0,0,1,1,1,0,0,0,0,1,1,1,1,0,1,0,1,1,1,1,0,1,0,0,1,0,0,0,0,0,0,0,1,1,1,1,0,0,1,1,0,0,1,1,0,0,1,1,0,0,1,0,1,0,0,1,18,13,video
17,F,1,0,0,0,1,1,1,1,0,0,1,1,1,1,1,1,0,1,1,0,1,0,0,0,1,1,0,0,1,1,1,1,0,1,0,0,1,0,0,0,0,0,1,0,1,0,0,1,1,1,1,0,0,1,1,0,1,0,1,0,18,14,video
17,F,1,1,0,1,1,0,1,0,0,1,0,0,1,1,1,0,0,1,0,1,0,0,1,0,0,0,1,0,0,1,1,1,1,0,1,0,1,1,1,1,1,1,0,0,0,1,1,1,1,1,1,1,1,1,1,1,0,1,1,1,14,24,text
19,M,1,1,0,0,1,0,1,0,1,1,1,1,0,1,1,1,1,0,0,1,1,1,0,0,0,0,0,0,1,1,1,0,1,1,0,0,0,0,1,1,0,0,0,1,1,0,1,1,0,1,0,0,1,0,0,1,1,1,0,1,17,15,video
19,M,1,1,0,1,1,1,1,0,0,0,0,0,1,1,0,1,1,0,1,1,1,1,1,1,0,0,1,0,1,1,1,1,1,1,1,1,0,0,0,1,0,1,1,1,1,1,1,1,1,1,0,1,0,0,1,0,0,1,1,1,19,21,text
20,M,1,0,1,0,0,1,0,0,1,1,0,0,1,1,1,1,1,0,0,1,0,0,1,1,1,0,1,0,1,1,0,1,0,0,1,0,0,1,1,0,1,0,1,1,0,1,1,0,0,1,0,1,0,1,1,0,0,0,1,0,17,14,video
20,M,1,1,0,0,1,0,0,1,0,1,1,1,0,1,0,0,1,1,1,0,1,0,1,1,1,1,0,0,1,1,1,1,0,1,1,0,0,0,1,1,1,1,1,1,1,1,0,1,0,1,1,0,1,1,0,1,0,0,1,1,18,20,text
19,F,1,1,1,0,0,1,0,1,1,1,1,1,1,1,1,0,0,1,1,1,0,1,1,1,1,1,0,0,1,1,0,0,0,0,1,1,0,1,0,0,0,1,0,1,0,0,1,1,0,1,1,0,0,0,1,0,0,1,0,1,22,12,video
20,M,1,1,0,1,1,1,0,0,1,1,1,0,1,1,1,0,1,1,0,0,0,0,1,1,0,1,0,0,1,1,1,1,1,0,1,0,1,1,1,1,1,1,0,0,0,0,0,1,0,1,0,0,0,0,1,1,1,1,0,1,18,17,video
20,F,0,0,1,1,1,1,1,1,0,0,0,1,1,0,1,1,1,0,0,1,0,1,1,0,0,0,1,0,0,0,0,0,1,1,1,0,0,1,1,1,1,0,0,1,0,1,1,0,1,1,0,1,1,0,1,1,1,1,1,0,15,19,text
18,F,1,0,0,1,0,1,1,0,1,1,0,1,1,0,1,1,1,1,0,0,1,0,1,1,0,0,1,1,1,1,0,1,0,1,1,0,0,1,1,1,1,1,0,1,1,1,0,1,1,1,0,1,1,1,1,1,1,1,0,1,19,22,text
20,M,1,0,1,0,1,1,1,1,0,1,1,0,0,1,1,0,0,0,1,0,1,1,0,1,1,1,1,0,0,1,0,1,0,0,0,0,1,0,1,0,1,1,0,1,0,0,1,1,1,0,0,0,0,1,1,1,0,1,0,0,18,13,video
17,F,1,0,0,1,0,0,1,1,1,0,1,1,1,0,1,0,0,1,1,1,0,1,1,1,1,0,0,0,1,1,1,1,1,0,1,1,0,1,1,0,0,1,1,1,0,1,0,1,1,1,0,0,1,0,1,1,1,1,1,1,18,21,text
20,F,0,1,0,1,1,0,0,0,1,1,1,0,0,1,0,0,0,1,1,0,0,0,0,0,1,1,1,1,1,1,1,1,1,0,0,0,1,1,0,0,1,0,0,0,0,0,0,1,1,1,1,1,1,1,0,1,1,1,0,0,15,16,text
20,F,1,1,1,1,1,0,1,1,0,0,1,0,0,0,1,0,1,1,0,1,0,1,0,1,1,0,1,1,0,1,1,0,1,0,1,1,1,1,0,0,1,1,1,1,0,1,1,0,1,1,1,0,1,1,0,0,0,0,1,1,18,19,text
19,F,0,1,1,0,1,0,0,1,0,0,1,0,1,1,0,0,0,0,0,0,1,1,1,0,1,1,1,0,0,1,0,1,1,1,0,1,1,1,0,1,1,0,0,1,1,0,0,1,1,1,0,0,1,1,0,0,0,0,1,1,14,17,text
17,M,1,1,1,1,0,0,1,1,1,1,1,1,1,0,0,0,1,0,0,1,1,1,1,1,0,1,1,1,0,1,0,1,1,1,0,1,1,0,0,0,1,1,1,0,1,0,1,1,0,0,0,0,1,0,0,1,0,1,0,0,21,14,video
20,M,0,1,1,1,1,1,1,1,0,1,0,1,0,1,0,0,0,1,0,1,0,1,1,1,1,0,0,0,0,0,1,1,1,1,1,0,1,1,0,1,0,1,0,1,0,0,0,1,1,0,1,1,1,1,1,1,1,1,1,0,16,21,text
20,M,1,1,1,1,1,1,1,1,0,1,1,0,1,1,1,1,1,1,1,0,1,1,1,0,1,0,0,1,1,1,0,1,0,0,0,0,1,0,0,1,0,1,1,1,0,0,1,1,1,1,0,0,0,0,0,1,1,1,1,0,24,14,video
18,M,1,1,1,1,1,0,1,0,0,0,0,1,1,1,1,0,0,1,1,1,1,1,1,0,1,0,0,0,1,0,1,0,0,0,1,1,0,0,0,0,1,1,0,1,0,1,1,1,0,0,0,1,1,0,1,1,1,1,1,0,18,16,video
20,F,0,1,1,0,1,1,1,0,0,1,1,0,0,0,1,1,1,0,1,1,1,1,0,1,0,0,1,0,0,0,0,1,1,0,1,0,1,1,0,0,1,1,1,1,1,0,1,1,0,1,0,0,1,0,1,0,0,0,1,1,16,17,text
20,F,1,1,1,0,0,0,1,1,0,1,0,1,1,1,1,1,1,1,1,1,0,1,0,0,0,0,1,0,0,0,1,0,0,1,1,0,1,1,1,1,0,0,1,0,1,0,1,0,1,1,0,1,0,1,1,0,0,1,1,0,17,17,equal
18,M,1,1,1,0,0,1,1,0,1,0,0,1,0,1,1,0,0,1,1,1,1,1,1,1,1,1,0,0,1,1,1,1,0,0,0,0,1,1,1,1,1,0,0,0,0,1,0,0,0,1,0,0,1,1,0,1,0,1,1,1,20,15,video
19,M,1,1,1,0,0,0,1,0,0,1,1,1,1,0,1,1,1,1,0,1,0,1,1,1,0,1,1,1,1,0,1,1,0,0,0,1,1,1,1,1,0,1,1,1,1,0,0,1,0,0,1,1,0,1,1,1,1,0,0,0,20,18,video
20,M,1,1,1,0,1,0,0,1,1,1,0,1,1,0,1,1,1,1,1,1,0,1,0,0,1,0,1,0,0,1,0,0,1,1,1,0,0,0,1,0,1,1,1,0,1,1,1,1,0,1,0,1,1,0,0,0,1,1,0,1,19,17,video
18,F,1,1,1,1,1,0,1,0,0,1,0,1,1,0,1,1,0,0,0,0,1,1,0,1,1,1,0,1,0,1,0,1,1,1,0,1,0,1,0,1,0,1,0,1,1,1,0,1,1,1,1,0,1,1,1,1,1,1,1,1,18,22,text
17,M,1,1,1,0,1,1,1,1,1,1,0,0,1,1,1,1,0,0,1,0,1,1,1,1,0,1,1,0,0,0,0,1,0,1,0,1,1,0,0,1,1,1,0,0,1,0,1,0,1,1,1,0,0,0,1,1,0,0,0,1,20,15,video
19,M,0,1,0,0,0,0,1,0,1,1,1,0,1,1,1,0,1,0,0,1,1,0,0,0,1,0,1,1,0,1,0,0,1,1,1,0,0,0,0,1,0,0,0,1,0,0,0,0,1,0,0,1,0,1,1,0,1,0,1,1,15,12,video
17,M,0,0,0,1,1,0,1,1,0,1,0,1,1,0,0,0,1,0,1,1,1,0,1,1,1,1,1,0,1,0,1,0,1,0,0,0,1,1,0,1,1,1,0,1,1,0,0,1,1,1,1,1,1,1,1,1,0,1,1,1,17,21,text
17,F,0,1,0,1,0,0,1,0,1,1,0,1,1,1,0,1,0,1,1,0,1,0,1,1,1,0,1,0,1,0,1,0,0,1,0,0,1,1,0,0,1,1,0,1,0,1,1,1,0,1,0,1,1,1,0,0,1,1,0,1,17,17,equal
18,F,1,0,0,0,1,1,1,0,1,1,1,1,1,0,1,0,0,1,1,1,0,1,1,1,1,1,1,0,0,1,1,1,0,0,1,1,0,1,1,1,1,0,1,1,1,0,0,1,0,1,0,1,1,1,1,0,0,0,1,0,20,18,video
20,F,1,0,1,0,1,0,0,1,0,1,1,1,0,1,0,1,1,0,1,1,1,1,0,1,1,1,1,1,0,0,1,0,0,1,0,1,1,0,1,1,1,1,1,0,1,0,0,1,0,1,1,1,1,0,1,0,0,1,0,0,19,17,video
18,F,1,1,0,1,1,0,1,1,0,0,1,1,1,0,1,1,0,1,1,1,1,1,0,0,1,1,1,1,1,0,0,1,1,1,0,1,0,0,1,1,0,1,1,1,1,1,1,1,0,1,1,0,0,1,0,1,1,0,1,0,21,19,video
18,F,1,1,1,1,1,1,1,0,1,1,1,0,1,1,1,0,1,1,1,1,1,1,0,0,1,1,1,1,0,0,0,1,1,1,1,0,1,1,1,1,1,1,0,1,1,1,1,1,1,1,0,1,0,1,0,0,0,1,1,0,23,21,video
18,F,1,1,1,0,0,0,0,1,0,0,1,1,0,1,0,0,0,0,1,0,1,1,1,1,0,0,1,1,1,1,0,0,1,0,1,0,0,1,0,1,1,1,1,1,1,1,1,0,1,1,1,0,1,0,1,1,1,1,1,1,16,21,text
18,F,0,1,0,0,1,0,1,1,0,0,1,1,1,1,0,1,1,0,1,1,0,0,0,1,0,1,1,0,1,0,1,1,0,0,0,1,1,1,0,0,1,1,1,0,1,0,0,0,1,1,1,0,1,0,0,0,0,1,1,1,16,16,equal
19,F,1,1,0,1,0,1,0,1,1,1,0,0,0,1,1,1,1,1,0,0,1,1,0,1,1,1,1,0,1,1,0,0,1,1,0,1,1,1,0,0,1,0,1,0,1,1,1,1,0,0,0,0,1,1,0,1,1,0,1,1,20,17,video
20,M,1,0,1,1,0,0,0,0,1,1,1,1,0,0,0,1,0,0,1,0,1,1,0,0,1,1,0,0,0,1,1,1,0,0,1,0,0,1,0,1,0,0,1,0,0,1,1,1,1,1,1,1,1,0,0,0,1,0,0,0,14,15,text
17,M,1,1,1,1,1,1,1,0,1,1,1,1,1,0,0,1,1,0,0,1,1,0,0,0,0,0,1,1,0,0,0,0,1,1,1,1,0,1,0,0,1,1,1,0,0,0,1,1,1,1,0,1,1,1,1,0,1,1,0,1,18,19,text
17,F,0,1,1,1,1,1,0,1,0,0,1,1,0,0,0,0,0,0,0,0,0,1,0,1,0,1,1,1,1,1,0,0,0,1,0,0,1,0,1,0,1,0,0,1,1,1,1,1,1,1,1,1,0,1,1,1,1,1,1,1,15,20,text
20,F,0,1,1,1,0,1,1,1,0,1,1,1,0,1,0,1,1,1,1,1,1,1,0,0,1,0,0,0,1,0,1,1,1,0,0,0,1,0,0,1,1,1,1,1,0,0,1,0,1,1,0,1,1,1,1,1,0,0,1,1,19,19,equal
17,M,1,1,1,1,1,1,0,1,1,1,1,0,0,1,1,0,1,0,1,1,1,1,1,0,0,0,0,1,0,1,0,0,0,1,1,0,0,1,0,1,1,1,1,1,1,0,1,1,1,1,1,1,1,0,1,0,1,1,1,1,20,21,text
20,F,0,1,0,0,1,1,1,1,0,0,1,1,0,1,1,0,0,1,1,0,0,0,1,0,1,0,0,1,0,1,1,1,0,0,1,1,1,1,0,0,1,1,1,0,1,0,0,0,1,0,0,0,1,0,0,1,1,1,0,0,15,15,equal
17,F,1,0,0,0,1,1,0,1,0,1,0,1,0,0,1,0,0,0,0,1,1,1,1,1,1,1,1,1,0,0,1,1,1,1,1,0,0,1,0,1,1,0,1,1,1,0,0,1,1,0,1,1,1,0,0,0,0,1,1,0,16,18,text
18,F,1,0,1,0,0,1,0,0,1,0,1,1,1,1,1,0,1,1,1,0,0,0,0,0,0,0,1,1,0,1,1,0,1,1,0,1,1,1,0,1,1,1,1,0,1,0,0,1,0,0,0,1,1,1,1,0,0,0,0,0,15,16,text
17,M,1,1,0,1,0,0,0,0,0,1,1,1,0,0,0,1,0,1,1,1,1,0,1,1,0,1,1,1,1,1,1,0,0,1,0,0,0,1,0,1,1,1,1,1,0,1,0,1,1,0,0,0,1,1,0,1,1,1,1,1,18,18,equal
20,M,1,0,1,1,0,1,0,1,1,0,1,1,0,1,0,0,1,0,1,0,0,0,1,0,1,1,0,1,0,1,1,1,0,1,0,1,1,1,0,0,0,0,0,0,1,1,1,0,1,0,1,1,1,1,1,1,1,0,1,1,16,19,text
20,M,0,1,1,1,0,1,0,1,1,1,1,0,0,1,1,0,1,1,1,1,1,1,0,1,1,1,1,1,0,1,1,0,1,0,1,0,1,1,0,0,0,1,1,1,1,1,1,1,0,1,1,1,1,1,1,0,1,1,1,1,22,22,equal
20,M,0,1,0,0,1,0,1,0,1,0,0,0,1,1,0,0,0,1,0,1,1,1,1,0,1,0,0,1,1,1,1,1,1,0,0,1,0,1,1,1,1,1,0,0,0,1,1,1,0,0,0,1,1,1,0,0,1,1,0,1,15,18,text
20,M,1,0,0,1,1,1,0,1,1,1,0,1,1,0,0,0,1,0,0,0,0,0,1,1,0,1,1,1,0,1,0,1,1,0,0,1,0,0,1,0,1,1,0,1,1,0,1,0,1,0,0,0,0,1,1,0,0,1,0,1,16,14,video
20,F,0,0,1,1,1,1,1,1,0,1,0,1,0,1,0,0,0,1,0,1,1,1,1,1,0,1,1,1,0,1,0,1,1,1,1,1,1,1,0,1,1,0,0,1,0,0,0,0,0,1,0,0,1,1,1,0,1,1,0,1,19,17,video
19,M,1,0,1,1,1,0,0,1,1,1,0,0,1,1,0,0,0,0,0,1,1,1,0,1,1,1,1,0,1,1,0,1,1,1,1,1,0,0,0,0,1,1,0,0,1,0,0,0,0,1,0,1,0,1,1,1,1,1,0,1,18,16,video
19,F,0,1,0,0,0,0,1,0,1,1,1,1,0,1,1,1,1,0,1,0,1,1,1,0,1,1,1,0,0,1,1,1,0,1,1,1,0,1,1,1,0,1,0,1,1,1,0,1,1,0,1,1,1,0,0,0,1,1,0,1,18,20,text
17,F,1,0,0,0,0,0,1,0,0,1,1,0,1,0,1,1,1,1,1,1,0,0,1,1,1,1,1,1,1,1,1,0,1,0,1,0,1,1,0,0,0,1,1,0,1,0,1,1,0,1,0,1,0,1,1,0,1,0,0,0,19,15,video
20,M,1,0,1,0,0,0,0,1,1,1,0,0,0,1,0,1,1,0,1,0,1,0,1,0,0,0,1,0,1,1,1,1,0,0,0,0,0,1,0,1,1,1,0,0,0,1,1,1,1,1,1,1,1,1,0,0,0,0,1,0,14,16,text
17,M,1,0,1,0,0,1,0,1,0,1,1,1,1,1,1,1,1,1,0,1,0,0,0,0,1,0,1,0,0,1,0,1,0,1,1,0,0,1,1,1,1,0,0,0,1,1,1,1,1,0,1,0,1,1,0,1,0,0,0,1,17,17,equal
20,F,0,1,1,1,0,0,0,1,1,0,1,0,1,1,1,0,1,1,1,1,1,1,0,1,0,0,1,1,0,1,1,1,0,0,1,1,1,1,0,1,1,1,1,1,1,1,0,1,1,0,1,1,1,1,1,1,1,0,1,0,19,23,text
20,F,1,1,0,0,0,0,1,1,1,1,1,1,1,1,1,0,1,0,1,1,1,1,1,0,0,1,1,1,1,1,0,0,0,1,0,0,1,1,1,0,1,1,0,1,0,1,1,1,0,0,1,1,0,0,1,1,0,1,1,1,22,17,video
19,F,1,1,1,1,1,1,0,1,0,0,0,0,0,0,1,1,0,0,0,0,0,0,0,1,0,0,0,0,1,1,0,1,0,0,0,1,0,1,1,0,0,1,1,1,0,0,1,0,0,1,0,1,0,1,0,1,1,1,0,1,12,15,text
19,M,0,0,1,1,0,0,0,0,1,1,1,0,1,0,1,1,0,1,0,1,1,1,1,0,1,1,1,0,0,1,0,1,0,1,1,1,1,0,0,1,0,1,1,1,1,0,0,1,0,0,1,1,1,0,0,0,1,0,1,0,17,16,video
18,M,1,0,0,1,0,0,0,0,0,1,0,1,0,1,1,0,0,1,1,1,0,0,1,0,0,1,0,1,0,1,1,1,0,0,0,1,0,0,0,0,1,1,0,1,1,1,0,1,1,1,1,1,1,0,1,0,0,0,1,0,13,16,text
19,M,1,1,1,0,1,1,0,1,1,0,0,1,1,0,1,1,1,1,0,0,0,0,1,1,0,1,1,0,0,1,1,1,1,1,1,1,1,0,0,1,1,0,1,1,0,0,0,1,1,1,1,1,1,1,1,0,0,0,1,1,18,21,text
18,M,0,0,1,0,1,1,0,0,1,1,1,1,1,1,1,1,1,0,1,1,0,0,1,1,0,1,0,1,1,1,0,0,0,1,0,0,1,1,1,0,1,0,1,0,1,1,0,0,0,1,1,1,1,1,1,0,1,0,0,1,20,16,video
18,M,0,0,1,1,1,1,0,1,0,0,0,0,1,1,1,1,1,1,0,1,0,0,0,1,1,1,1,1,0,1,0,1,0,0,0,0,1,1,0,1,0,0,1,1,1,0,1,0,0,1,0,0,1,0,1,1,0,1,1,0,18,14,video
18,F,1,0,1,1,0,1,0,1,0,1,1,0,1,1,1,1,1,0,1,0,1,1,0,0,1,1,1,1,0,1,0,1,1,1,0,1,0,0,1,1,1,1,0,0,1,0,1,1,1,1,1,0,1,0,1,0,0,1,1,1,20,19,video
18,M,0,1,1,0,1,1,0,0,0,1,1,0,1,0,1,1,0,1,1,1,1,1,1,1,0,1,0,1,0,1,0,0,0,0,1,1,1,1,0,0,0,1,1,0,1,1,1,1,0,1,0,0,1,0,1,1,0,1,1,1,19,17,video
18,F,0,0,0,1,1,0,0,0,1,0,1,1,1,1,0,0,0,0,1,0,1,0,0,0,1,0,1,1,0,1,1,1,1,1,0,1,1,1,0,0,0,0,1,1,1,0,1,0,0,0,0,0,1,1,1,1,0,1,0,0,13,16,text
17,F,0,1,1,0,1,1,1,1,0,1,0,0,1,0,0,1,1,1,0,0,1,0,0,0,0,1,0,0,0,1,0,1,1,1,0,1,1,1,1,1,0,0,0,1,1,0,0,1,0,0,1,1,1,0,1,0,0,1,0,1,14,17,text
19,F,1,1,1,0,1,0,0,0,1,0,0,0,1,1,1,1,1,1,0,1,1,0,1,0,1,1,1,0,1,0,0,0,0,1,1,0,1,1,1,1,1,0,0,1,0,1,1,1,0,0,1,1,1,0,0,0,1,1,0,0,18,16,video
18,M,1,1,0,1,0,1,1,0,0,1,0,1,0,0,1,1,1,1,1,0,0,1,1,1,0,1,1,1,1,1,1,1,0,1,1,1,1,1,0,1,1,0,0,0,0,0,0,0,0,0,0,0,0,0,1,0,1,1,0,1,20,13,video
20,M,1,1,1,1,1,1,0,0,1,1,0,1,1,1,0,0,1,1,0,0,0,1,1,0,1,1,1,0,0,1,1,1,1,1,0,0,1,0,0,1,0,1,0,1,0,1,1,1,0,1,1,1,1,0,1,0,1,1,1,0,19,19,equal
19,M,0,0,0,1,1,1,1,1,1,0,1,1,1,1,1,0,1,0,0,1,1,0,1,1,0,1,1,0,1,1,0,1,0,0,1,1,1,1,1,0,1,1,1,1,1,0,1,0,1,0,1,0,0,1,0,1,1,0,1,1,20,19,video
19,F,0,0,1,1,0,0,1,1,1,0,0,0,0,0,1,0,0,1,1,0,1,1,0,0,1,0,1,1,1,0,1,1,0,1,1,1,1,0,1,1,0,1,1,0,0,0,0,1,0,1,0,1,0,0,1,1,1,0,1,1,14,18,text
18,F,0,0,0,1,1,1,1,0,0,0,1,1,1,1,0,1,1,1,1,1,1,1,1,1,1,1,1,0,0,0,0,0,0,1,0,0,0,1,0,0,0,1,1,0,1,0,1,1,1,1,0,1,0,0,1,0,0,0,0,1,20,12,video
17,F,1,1,0,1,0,1,1,0,1,1,1,1,1,1,0,0,1,0,0,1,0,0,0,1,1,0,1,0,0,0,1,1,1,1,0,1,1,1,1,0,0,1,1,1,0,0,1,0,0,1,0,1,0,1,1,0,1,0,1,0,16,18,text
18,F,1,1,1,0,0,1,0,1,1,1,1,1,1,0,0,0,1,0,0,1,0,1,1,1,1,0,1,1,0,0,1,0,1,1,0,0,1,1,1,1,0,1,0,1,1,1,0,1,1,1,0,1,0,0,1,0,1,0,1,1,18,19,text
17,F,0,1,1,0,1,1,1,1,1,1,1,1,1,1,0,0,1,1,1,1,1,1,0,0,1,1,0,1,0,1,0,0,0,0,1,1,1,0,0,0,1,1,1,1,1,1,1,1,1,1,0,1,0,1,0,1,1,0,0,1,22,18,video
20,F,0,0,0,1,1,1,0,1,1,1,1,1,1,1,1,0,0,0,1,0,1,1,1,1,1,0,1,1,1,1,1,0,1,1,0,0,1,0,0,1,0,1,0,0,1,0,1,1,0,0,0,0,0,1,1,1,1,1,0,0,21,14,video
19,M,1,1,0,1,0,0,0,0,0,1,1,0,0,1,1,0,1,1,1,0,0,1,1,1,1,1,1,1,0,0,0,1,1,0,0,1,1,1,0,0,1,1,1,1,1,1,1,1,1,1,0,0,1,1,1,1,1,0,1,1,17,22,text
20,M,1,1,0,1,0,1,0,0,0,0,0,1,1,1,0,0,1,1,0,1,1,0,1,1,1,1,1,1,1,1,0,1,1,0,1,0,0,0,1,1,1,0,0,1,0,1,1,1,1,0,1,0,0,0,1,0,1,0,1,0,19,15,video
17,M,1,1,0,1,0,0,1,0,1,0,1,0,1,0,1,0,1,0,1,1,0,0,1,0,0,0,1,1,0,1,0,0,0,1,1,1,1,1,1,0,0,1,1,1,1,0,1,0,1,0,0,0,1,1,1,0,1,0,0,0,15,16,text
17,M,1,1,1,0,0,0,1,1,1,1,0,0,1,0,1,0,1,0,1,1,1,1,1,1,1,0,1,0,1,0,0,1,1,0,0,0,0,0,1,0,1,1,1,1,1,1,1,1,1,0,1,1,1,1,0,0,0,1,1,1,19,19,equal
20,F,0,1,0,1,0,1,1,1,1,1,0,1,1,1,1,1,0,1,0,1,1,0,1,1,0,1,1,1,0,1,0,0,0,1,1,1,0,1,1,0,0,1,1,0,1,0,1,0,0,0,1,1,1,0,1,1,1,0,0,0,21,15,video
17,F,1,1,1,1,0,0,1,1,0,1,0,0,0,1,1,0,0,0,1,0,1,1,1,0,1,1,0,1,0,1,0,0,1,0,1,1,1,1,1,1,1,1,1,0,0,0,0,0,0,0,1,1,1,0,0,1,1,1,0,1,17,17,equal
20,M,1,0,0,1,0,1,1,1,1,0,0,0,0,1,0,0,0,0,0,1,0,0,0,1,1,0,1,0,1,1,1,1,0,0,0,1,1,1,1,0,1,0,1,0,1,1,0,0,0,0,1,1,0,1,1,0,0,1,1,1,13,17,text
19,F,1,1,1,1,1,1,1,1,0,0,1,1,0,1,0,0,1,1,1,1,1,1,0,1,1,0,1,1,1,1,1,0,1,1,0,0,0,1,0,1,1,0,1,0,1,0,1,0,0,0,1,0,1,1,0,1,1,0,1,0,23,15,video
20,M,0,1,1,1,1,1,0,0,1,1,0,1,1,1,1,1,0,0,1,1,0,1,0,1,1,1,0,1,1,1,0,1,1,0,0,1,1,1,0,0,1,0,0,1,0,0,0,1,1,0,1,1,1,0,1,0,1,0,1,1,21,16,video
19,M,0,0,0,0,1,1,1,1,0,0,1,0,0,1,1,1,1,1,1,1,0,1,1,0,1,1,0,1,0,1,1,0,0,0,0,1,0,1,0,1,0,0,1,1,1,0,1,1,1,0,0,1,0,0,0,1,1,1,1,1,18,16,video
20,M,1,1,1,0,0,0,0,1,0,0,0,0,1,1,0,1,1,0,1,1,1,0,1,0,1,1,1,0,1,0,0,0,0,1,0,0,1,0,1,1,1,1,1,1,0,0,0,0,0,0,0,0,0,1,0,0,1,1,1,0,16,12,video
17,F,0,0,0,1,1,0,0,0,0,0,1,0,0,0,1,0,0,1,0,1,0,1,1,1,0,1,0,0,0,1,0,1,1,0,0,1,0,1,1,0,0,1,1,1,0,0,1,1,1,0,1,1,0,1,1,1,0,0,1,1,11,18,text
20,M,0,0,1,1,1,0,1,1,0,0,0,0,1,0,1,1,0,1,0,1,1,0,0,0,1,0,1,1,1,1,1,1,1,0,0,0,0,0,0,0,0,1,1,1,0,0,1,0,1,0,1,0,0,0,0,0,1,1,1,0,16,12,video
17,M,0,1,1,1,0,0,1,1,1,0,1,1,0,0,1,0,0,0,1,1,0,1,1,1,0,1,0,1,1,1,1,1,0,0,1,1,0,0,1,0,1,1,1,0,0,1,1,1,0,1,0,1,0,1,0,1,0,0,0,1,18,16,video
20,M,1,0,0,1,1,0,0,0,0,1,0,1,1,0,0,0,1,1,1,0,1,0,1,0,0,1,1,0,1,0,1,0,0,1,1,1,0,0,0,1,1,0,1,1,0,1,0,1,1,1,0,1,0,1,1,1,0,1,0,0,14,17,text
20,F,0,1,0,1,0,1,0,1,1,1,0,1,0,1,0,0,1,1,1,1,1,0,1,0,0,1,0,1,0,1,1,0,1,1,1,0,1,1,1,1,0,1,0,0,0,1,1,0,1,1,1,0,1,1,0,1,1,1,1,1,17,21,text
18,F,0,0,0,0,1,1,0,1,0,1,0,1,1,0,1,1,1,1,1,1,1,1,0,1,1,1,0,1,0,1,1,1,1,1,0,1,1,0,0,1,0,0,1,0,1,0,1,1,0,1,1,0,1,0,1,0,1,1,1,0,19,18,video
17,M,1,0,1,1,0,0,0,0,0,0,1,0,0,1,1,1,0,1,0,1,0,1,0,0,0,0,0,1,1,0,1,1,1,1,1,0,1,1,0,0,0,0,1,0,1,0,1,1,0,0,0,1,1,0,1,0,1,1,0,0,12,16,text
18,F,1,1,1,1,1,0,1,1,1,0,0,0,1,0,0,0,0,1,1,1,1,0,0,0,1,1,1,1,1,0,0,1,0,0,0,0,0,1,0,0,0,0,0,0,1,1,0,1,1,0,0,0,0,1,1,0,0,1,1,0,18,10,video
17,F,1,0,1,0,1,1,0,0,1,1,1,0,0,1,1,0,1,0,1,0,1,1,1,0,0,0,0,1,1,0,0,1,1,1,1,1,1,1,1,1,1,0,1,0,0,1,1,0,1,1,0,1,0,0,1,1,1,0,1,1,16,21,text
18,F,1,1,1,1,1,0,0,0,0,0,1,1,0,1,1,1,1,1,1,1,0,1,0,1,1,1,1,0,0,0,1,1,1,1,1,0,0,0,1,1,0,1,1,1,1,1,1,1,0,1,0,0,0,0,1,0,0,1,0,1,19,18,video
19,F,0,1,1,1,1,1,1,1,1,1,0,0,0,0,1,1,1,0,0,1,1,0,0,0,1,1,0,0,0,1,1,0,1,1,0,1,0,0,0,0,0,0,1,1,1,0,0,0,0,0,0,1,1,1,1,1,0,1,1,0,17,14,video
20,F,1,0,1,1,0,1,1,0,0,1,1,0,0,0,1,1,0,0,0,1,1,1,0,0,1,1,1,1,0,0,1,0,0,0,0,0,1,0,1,1,1,0,0,0,1,1,0,0,1,1,1,1,0,1,1,1,0,1,1,0,16,16,equal
17,F,1,1,0,1,1,0,0,0,1,1,1,1,0,1,0,1,1,0,1,1,1,1,1,1,0,0,1,1,0,1,0,0,1,0,1,1,0,1,1,0,1,0,0,0,0,0,0,0,1,0,1,0,1,1,1,0,0,0,0,0,20,11,video
17,F,0,0,1,0,0,0,1,0,0,1,0,1,1,0,0,0,0,1,1,0,1,0,1,1,1,1,0,0,0,1,1,1,1,1,0,1,0,0,1,1,1,1,0,1,0,0,1,1,0,1,1,0,1,0,1,1,0,1,1,0,13,19,text
20,F,1,1,1,1,1,1,1,1,0,1,1,0,1,0,1,0,1,0,1,0,1,1,0,1,0,1,1,0,1,1,1,1,1,1,0,1,0,1,0,1,0,0,1,1,1,0,0,0,0,1,1,0,1,1,0,1,1,0,1,1,21,18,video
17,F,0,0,0,1,1,1,1,0,1,1,1,0,0,0,1,0,0,1,1,1,1,0,1,1,0,0,0,1,1,1,1,0,1,1,0,1,1,1,1,0,0,1,0,0,1,1,0,1,0,0,1,1,1,1,1,0,1,0,1,0,17,18,text
17,F,1,1,1,1,1,1,0,0,1,1,1,1,1,0,0,0,0,0,1,0,1,0,1,1,0,1,1,1,1,0,0,0,1,1,1,1,0,0,0,0,0,0,1,1,0,0,1,1,1,1,1,0,1,1,1,0,1,1,1,1,19,18,video
18,M,0,1,1,0,1,1,1,0,1,1,1,1,1,1,1,1,1,0,0,1,1,1,0,0,1,0,0,0,1,1,1,0,1,0,0,0,1,0,0,1,0,1,1,1,0,0,0,1,1,1,0,1,1,0,0,0,1,0,0,0,20,13,video
17,M,1,0,0,1,1,1,1,1,1,1,0,1,1,1,0,1,0,1,0,0,1,0,1,1,1,0,0,0,1,1,0,0,1,1,0,0,1,0,1,1,1,1,0,0,0,0,1,1,0,0,1,0,0,1,1,1,1,0,0,0,19,14,video
19,F,1,0,1,0,1,1,0,1,1,1,1,0,0,1,1,1,0,0,0,1,1,1,0,1,1,0,1,1,1,1,0,0,1,0,0,0,1,1,1,0,1,1,0,1,1,0,1,1,1,1,1,0,1,1,1,1,0,1,1,1,20,20,equal
19,M,1,1,1,1,0,1,0,1,1,0,1,1,0,0,1,1,0,0,1,1,1,1,1,1,1,1,0,1,1,1,1,1,0,1,1,1,1,1,1,0,0,1,1,1,0,0,1,1,0,1,1,0,1,1,0,0,0,1,0,0,22,18,video
20,M,0,0,0,1,0,1,1,1,0,0,0,0,1,1,1,0,1,0,1,1,1,1,0,1,1,1,1,1,1,0,1,1,0,1,1,1,1,0,1,1,0,0,0,1,1,1,1,1,0,1,1,0,1,1,1,1,0,0,1,1,18,21,text
17,F,1,1,0,1,1,1,1,0,1,0,0,1,1,1,1,0,0,1,1,1,1,0,1,1,0,1,1,1,1,0,1,0,0,1,0,1,1,1,0,1,0,1,0,1,1,1,0,0,1,1,0,1,0,0,1,0,0,1,1,1,21,17,video
20,F,0,1,0,1,0,0,1,0,1,1,0,0,0,0,1,1,0,1,0,1,0,1,0,1,0,1,1,0,0,0,0,0,1,1,1,0,1,0,1,1,1,1,0,0,0,0,1,0,0,1,1,0,0,0,1,0,1,1,0,0,13,14,text
19,F,1,1,1,1,0,1,1,1,1,1,1,1,1,0,1,1,0,0,0,0,1,0,1,1,0,1,0,0,1,0,1,1,1,1,1,1,1,0,1,1,0,0,1,1,0,1,0,1,0,0,1,1,0,1,1,1,1,0,1,0,19,20,text
17,M,1,1,0,1,0,1,1,0,0,1,1,0,1,0,1,0,0,1,1,0,0,1,0,0,0,0,1,0,1,1,0,0,0,0,0,1,1,1,1,1,0,1,1,1,0,1,0,1,0,1,1,0,1,1,0,0,0,0,0,1,15,15,equal
17,M,1,1,1,1,1,0,1,1,1,1,1,1,0,0,0,1,1,1,0,1,1,1,1,0,0,0,1,0,0,0,0,0,1,0,1,1,1,1,0,1,1,1,1,1,0,1,1,0,0,1,0,0,1,0,1,1,1,0,0,1,19,18,video
20,F,1,0,0,1,0,0,1,1,1,0,0,1,1,1,0,1,1,0,1,1,1,1,1,0,0,0,0,1,1,1,1,1,1,0,0,1,1,0,0,1,1,1,0,1,1,1,1,0,1,1,1,1,1,0,1,1,0,0,1,1,18,21,text
19,F,0,0,1,1,1,1,0,1,0,1,0,0,0,1,1,1,1,0,0,1,1,1,0,0,1,1,0,0,1,0,0,1,0,0,1,1,1,0,0,1,1,0,0,0,1,1,1,0,1,0,1,1,0,0,1,1,0,0,0,1,16,15,video
17,F,0,1,1,1,0,1,1,1,1,1,1,0,0,1,1,0,1,0,1,0,1,0,0,0,0,1,1,1,1,1,1,0,0,0,0,1,1,0,1,0,1,1,1,1,0,1,1,0,1,0,1,1,1,0,0,0,1,1,1,0,19,17,video
20,M,0,0,1,1,1,0,1,0,0,0,1,1,0,0,0,1,0,1,0,0,0,0,1,0,0,1,0,1,0,1,0,1,1,1,0,0,0,0,0,1,0,1,0,1,1,0,0,0,0,0,1,1,0,0,1,1,0,0,1,1,12,13,text
19,M,0,1,1,1,1,0,1,0,0,0,0,1,1,1,1,0,1,0,1,0,1,1,0,1,0,1,1,0,1,0,0,1,1,1,1,1,1,1,0,1,1,1,1,1,0,1,1,0,1,1,0,0,0,0,0,0,1,0,1,1,17,19,text
20,M,1,0,1,1,1,1,1,0,0,1,1,1,1,1,1,0,0,1,1,0,1,0,0,0,1,0,0,0,0,1,1,1,1,1,1,0,1,0,1,0,1,0,0,0,1,1,1,1,1,0,1,1,0,1,1,0,0,0,1,1,17,19,text
18,M,1,0,0,0,0,1,1,1,1,0,1,0,0,1,1,0,0,0,1,1,1,1,0,0,1,1,1,0,1,0,0,0,1,0,1,1,0,1,0,0,0,1,0,0,1,1,0,1,1,1,1,1,1,1,0,0,1,0,0,1,16,16,equal
17,F,1,0,1,1,0,0,1,1,1,1,0,0,1,1,1,1,1,0,1,0,0,0,0,0,0,1,1,1,0,0,1,1,1,0,1,1,1,1,1,0,0,1,1,1,0,1,0,1,1,1,1,0,1,0,1,0,1,1,0,1,16,21,text
18,F,1,0,0,0,0,0,1,1,1,1,1,0,0,0,1,1,1,1,1,1,1,0,1,0,1,0,1,0,1,0,1,1,1,0,0,1,0,0,1,1,1,1,1,1,1,0,1,0,0,0,1,1,1,0,0,0,1,0,0,0,17,16,video
19,F,1,1,0,1,1,1,0,1,1,1,0,0,1,1,1,1,1,1,1,0,1,0,1,1,0,1,1,0,1,1,0,1,0,0,0,1,0,0,0,1,0,0,1,0,1,0,0,1,0,1,0,1,1,0,0,1,1,1,0,1,22,13,video
18,F,1,1,0,1,1,1,1,0,1,0,0,0,1,1,0,0,1,1,1,0,1,0,0,0,1,1,0,0,0,1,1,0,0,1,0,0,1,0,0,1,1,0,1,1,1,1,1,1,1,1,1,0,0,1,0,0,0,1,1,0,16,17,text
18,M,0,1,1,0,1,0,1,0,1,0,1,0,0,1,1,0,0,0,0,1,1,1,1,0,1,0,0,0,0,1,1,0,1,0,1,1,0,1,1,1,1,1,0,0,0,1,1,0,0,0,1,0,1,1,0,0,1,0,0,0,14,15,text
19,M,0,1,1,0,1,0,0,0,1,0,1,0,1,0,1,1,1,1,0,1,1,1,1,1,0,1,1,1,1,1,1,1,1,0,1,1,1,1,0,1,0,1,1,0,0,0,0,1,0,1,0,0,1,0,0,1,1,0,0,0,20,15,video
20,F,1,0,1,1,1,0,0,1,0,1,1,1,1,1,1,1,1,1,1,0,1,0,0,1,1,1,0,1,1,1,1,1,1,0,1,0,1,0,1,1,1,0,0,1,1,0,0,0,1,0,1,1,1,1,1,1,1,0,0,1,22,19,video
18,F,0,1,0,1,0,1,1,0,0,1,1,0,0,1,1,0,1,0,1,0,0,0,1,1,1,0,0,1,0,0,1,1,1,1,1,0,0,0,0,1,0,1,1,0,0,0,1,0,0,1,1,1,1,0,1,0,0,1,1,1,14,17,text
20,M,1,1,0,1,0,1,0,1,1,1,1,1,1,0,0,1,0,1,0,0,1,0,0,1,0,0,1,0,0,1,1,1,1,0,0,0,0,0,1,1,0,0,1,1,1,1,1,1,0,0,0,1,1,1,0,1,0,1,1,1,16,18,text
18,F,1,1,0,0,1,0,0,0,1,1,0,1,0,0,1,0,1,1,1,1,1,0,0,1,0,1,1,0,0,0,0,1,1,1,0,1,0,1,1,1,1,0,0,0,1,1,0,1,0,0,0,1,0,1,1,1,1,0,0,0,15,16,text
20,M,1,0,0,0,1,1,0,0,1,1,1,1,1,1,1,1,1,1,1,0,0,0,1,0,1,1,1,0,1,1,0,1,0,1,0,0,1,0,1,0,0,0,1,0,0,1,1,1,1,1,1,0,0,0,0,1,1,0,0,1,20,14,video
19,F,1,0,1,1,1,1,0,1,1,0,0,1,0,1,1,0,0,1,1,1,1,1,1,0,0,1,1,1,1,1,1,1,1,1,0,0,1,1,0,1,0,1,1,1,0,1,1,1,0,0,1,1,0,0,0,0,0,1,0,0,21,16,video
18,F,0,1,0,0,1,1,0,0,0,1,0,1,0,0,0,1,0,1,1,1,0,0,1,0,1,1,1,1,1,1,1,1,0,1,0,1,1,1,0,0,1,1,1,1,1,1,0,0,1,0,1,1,0,1,1,1,0,0,1,0,16,19,text
19,F,0,1,0,1,0,0,0,1,0,1,0,1,1,1,0,1,0,0,0,1,0,1,1,0,0,0,1,1,1,1,1,0,0,1,0,0,0,0,1,1,1,1,1,1,1,0,0,1,1,1,0,1,0,0,0,1,1,0,1,0,15,16,text
18,F,1,1,0,0,0,0,1,1,0,1,1,1,1,0,0,0,1,1,0,1,1,0,0,0,1,1,0,1,0,1,1,1,0,0,0,0,1,0,0,0,0,1,1,1,1,1,1,1,1,1,1,0,1,0,0,1,0,0,1,1,16,17,text
19,F,0,0,1,1,0,0,1,0,1,1,1,0,1,1,0,1,1,1,0,1,0,0,0,0,1,1,0,0,1,1,0,0,1,0,0,0,0,0,1,0,0,1,1,1,1,1,0,0,1,0,0,1,1,1,0,1,1,1,0,0,16,14,video
19,F,1,1,1,1,1,0,1,0,0,0,0,1,0,0,1,1,1,1,1,0,1,0,0,0,0,0,1,0,0,1,1,0,1,0,1,1,0,0,1,1,1,0,1,0,0,1,0,1,0,0,1,1,0,1,1,1,1,1,1,1,15,19,text
18,F,0,0,0,1,0,1,1,1,1,0,1,1,1,1,1,1,0,1,1,1,0,1,1,0,0,1,0,0,1,0,0,1,1,1,1,1,1,1,1,0,0,1,0,1,0,0,0,0,1,1,1,0,0,1,1,0,1,1,1,1,18,19,text
18,M,0,0,0,0,0,0,0,0,1,1,0,1,0,0,0,0,0,1,0,1,1,1,1,1,1,0,0,1,1,0,1,1,1,0,1,0,0,0,0,0,0,1,0,1,1,1,1,1,0,0,1,1,0,0,0,1,0,0,1,1,12,15,text
18,M,0,0,1,0,1,0,1,1,1,1,1,0,0,0,1,1,0,1,1,1,0,1,1,0,0,0,1,1,0,0,1,1,0,1,0,0,1,0,1,1,0,1,1,0,0,0,0,1,0,0,1,1,1,1,1,0,0,0,0,1,16,15,video
17,M,1,1,1,1,0,0,1,1,0,1,0,0,0,1,1,1,1,1,0,0,0,1,0,0,1,0,1,1,1,0,1,0,0,1,0,1,1,0,0,1,1,1,0,1,0,0,1,0,1,1,1,0,1,0,1,1,0,0,1,1,17,17,equal
20,M,0,1,1,1,1,1,1,1,0,1,0,1,1,1,1,1,0,0,1,1,0,1,0,0,0,1,1,1,0,0,1,1,0,1,0,0,1,1,1,1,0,1,0,1,1,1,0,1,0,1,1,1,1,0,1,1,0,1,1,0,19,20,text
17,M,0,0,0,0,0,0,1,1,0,1,1,0,0,0,1,0,1,0,1,0,0,1,0,0,1,1,1,1,0,0,1,0,1,1,0,0,1,0,1,1,0,1,1,1,1,1,1,0,1,1,0,0,1,0,0,1,0,0,1,1,12,18,text
17,F,1,1,1,1,1,1,1,0,0,1,0,0,0,1,0,0,1,1,0,0,0,0,0,1,1,0,1,1,0,0,0,1,0,1,0,0,0,1,0,1,0,1,0,1,0,0,0,1,1,1,1,1,1,0,1,0,1,0,1,0,15,15,equal
19,F,1,1,1,1,0,1,0,0,0,1,1,1,1,0,1,0,1,1,0,0,1,1,1,0,1,1,1,0,1,1,1,1,1,1,1,0,1,0,0,0,1,1,1,1,1,1,1,0,1,1,1,0,0,0,0,0,1,1,0,0,20,18,video
18,M,1,1,1,1,1,1,1,0,0,1,1,0,0,1,0,1,1,0,0,0,1,1,0,1,1,1,1,1,0,0,0,0,1,0,1,1,1,0,1,1,1,1,1,0,0,1,0,1,1,1,1,0,1,1,1,0,1,0,0,0,19,18,video
20,F,1,0,1,0,1,0,0,1,1,0,1,0,0,1,0,0,0,1,1,1,0,0,0,1,1,0,0,0,0,0,0,1,1,0,1,1,1,0,1,1,0,1,0,1,1,1,1,0,0,1,0,1,1,0,1,0,1,1,0,1,12,19,text
19,M,0,0,1,0,0,1,1,1,1,1,1,1,1,0,1,1,1,1,1,0,0,1,0,1,0,0,1,0,0,0,1,1,1,0,0,0,1,1,0,1,1,0,1,0,1,0,1,0,1,0,1,0,0,1,1,0,1,0,1,0,17,16,video
17,M,0,0,0,0,0,0,0,1,1,1,1,1,0,0,0,1,0,0,0,1,1,0,0,0,0,0,0,0,0,1,1,0,1,1,1,0,1,1,0,1,0,0,0,1,0,1,0,1,1,1,0,0,1,0,1,0,0,0,1,1,9,16,text
18,F,1,1,1,1,1,0,1,1,0,0,0,0,1,1,1,1,1,0,1,1,1,0,1,1,1,1,1,1,1,0,0,1,1,0,0,1,1,1,0,0,0,0,0,1,1,0,1,0,0,1,1,1,0,0,1,0,0,1,1,1,22,15,video
19,F,1,0,1,1,1,1,1,1,0,0,0,1,0,1,0,1,1,0,0,1,1,1,0,0,0,1,1,0,1,1,1,1,1,0,1,1,1,0,0,0,0,0,1,0,1,0,1,0,1,1,0,0,1,1,1,1,1,1,0,0,18,17,video
18,F,0,0,0,0,0,0,1,1,0,0,1,1,1,1,1,0,1,0,0,0,1,0,1,1,1,0,1,0,0,0,1,1,1,1,0,1,0,1,1,0,1,1,1,1,1,0,0,0,1,0,0,1,1,0,0,1,1,0,1,1,13,19,text
19,M,0,1,0,1,0,1,1,1,1,1,1,0,1,1,1,1,1,0,1,1,1,1,1,0,1,1,0,1,0,1,0,1,0,0,1,1,1,1,0,1,0,0,0,0,0,0,1,0,0,0,1,1,1,1,1,1,0,1,1,0,22,15,video
18,F,1,0,1,0,1,0,0,0,0,0,1,1,1,1,0,1,1,0,1,1,0,0,0,1,1,0,1,0,0,1,1,0,1,1,1,0,0,0,1,0,0,1,0,0,1,1,0,1,0,1,1,1,0,1,1,1,0,0,0,0,15,15,equal
17,M,1,1,0,1,1,0,1,1,0,1,0,0,1,0,1,0,1,1,1,1,0,0,0,1,1,0,1,0,0,1,1,0,1,0,0,0,0,0,1,1,0,0,1,0,1,1,0,0,1,1,0,1,1,1,1,0,1,1,0,0,17,15,video
20,M,0,0,0,1,1,1,1,1,0,0,1,1,0,1,0,0,0,0,0,1,1,1,1,0,1,0,1,1,0,1,1,1,0,1,1,1,0,0,0,0,0,1,1,0,0,1,1,0,1,1,1,1,1,1,0,1,0,1,1,0,16,18,text
17,M,0,0,1,1,1,0,0,1,0,1,0,0,0,0,1,0,1,0,1,0,0,0,1,0,0,0,1,1,1,1,0,0,1,1,0,1,0,0,0,0,1,1,0,0,1,1,1,1,1,0,1,0,0,1,1,0,1,1,0,1,13,16,text
20,F,1,1,1,1,1,0,1,1,1,0,0,1,1,0,1,1,1,1,0,1,0,0,0,1,1,1,1,0,1,0,1,1,0,1,1,1,0,0,1,0,1,0,0,1,0,0,1,0,1,1,0,0,1,0,0,1,0,1,1,0,20,15,video
18,F,1,0,0,1,1,1,1,1,1,1,0,1,1,1,1,1,0,1,1,1,1,1,0,1,1,0,1,1,0,1,1,0,1,1,0,1,1,0,0,1,1,1,0,1,1,0,1,1,1,0,1,1,0,0,1,0,1,1,1,1,23,20,video
19,M,0,1,1,1,1,1,1,0,0,1,0,0,0,1,0,1,1,1,0,0,0,1,0,1,1,1,1,0,1,0,0,1,1,1,0,1,0,1,0,1,1,0,1,1,1,1,0,1,1,1,1,1,1,1,0,1,0,0,1,1,17,21,text
17,F,1,1,0,1,0,0,1,0,1,0,1,1,1,1,0,0,0,1,0,1,1,0,1,0,1,1,0,0,0,1,1,0,0,0,1,1,0,1,0,1,1,0,0,0,1,0,0,1,1,0,0,0,0,1,0,1,1,1,0,1,16,14,video
20,F,0,1,1,0,0,0,1,0,0,1,1,0,1,0,1,0,0,1,0,1,1,1,1,0,0,1,1,1,0,0,0,0,0,1,1,1,0,1,0,1,0,1,0,1,1,0,1,0,1,1,1,0,0,1,1,0,0,0,0,1,15,15,equal
17,F,0,0,1,1,0,0,0,0,0,0,0,0,0,1,1,0,1,1,1,0,1,1,1,0,1,1,0,1,1,0,0,0,1,0,0,0,1,1,1,1,0,1,0,1,0,1,1,1,0,0,1,1,0,0,1,1,1,1,1,0,14,17,text
20,M,1,0,1,1,0,0,1,1,0,0,1,0,1,1,1,1,1,1,1,1,1,1,0,1,0,1,1,1,0,1,0,1,0,0,0,0,0,0,0,1,1,0,0,1,0,1,1,0,0,1,1,0,0,1,1,1,0,0,1,0,21,12,video
17,M,1,0,0,0,1,1,0,1,0,0,0,1,1,0,1,1,1,1,1,0,1,1,1,1,0,0,1,0,1,0,0,1,1,1,1,0,1,1,1,0,0,0,0,0,1,1,1,1,0,1,0,1,1,0,1,1,1,1,0,0,17,18,text
20,F,1,1,1,0,1,0,1,0,1,0,1,1,0,0,0,1,1,1,1,1,1,0,0,1,1,1,0,1,0,1,1,0,0,1,1,0,0,1,1,1,1,1,0,0,0,1,1,1,1,1,1,1,0,0,1,0,0,1,1,0,19,18,video
20,M,1,0,0,1,0,0,1,0,0,0,1,1,0,1,1,0,1,0,0,0,0,1,1,0,1,0,0,1,0,1,1,0,1,1,1,0,0,1,1,1,0,0,1,0,0,1,0,1,0,1,0,0,0,1,0,1,0,1,0,0,13,14,text
18,F,1,0,0,1,1,1,1,1,1,0,0,1,1,0,0,0,1,1,1,0,1,0,1,1,0,1,0,1,1,1,0,1,1,1,1,1,0,0,1,0,0,0,0,0,1,0,1,0,0,1,0,1,1,1,0,1,0,0,0,0,19,13,video
20,F,1,1,0,0,1,1,0,1,1,1,0,1,1,1,1,1,0,0,1,1,0,0,1,0,1,1,1,0,1,0,1,1,1,0,1,1,0,1,0,1,0,1,0,1,1,1,1,0,1,1,0,0,1,1,1,0,0,1,0,0,19,18,video
18,F,0,0,1,1,0,0,0,1,1,0,1,1,1,1,1,1,1,0,1,1,0,1,1,0,0,1,1,0,1,0,0,1,1,0,0,0,0,0,1,0,0,0,0,1,1,1,0,0,1,1,1,1,1,0,1,0,1,0,0,1,18,14,video
20,F,0,0,1,1,0,1,1,0,1,1,0,1,1,1,0,1,1,0,0,1,0,1,0,1,1,0,1,1,1,0,0,1,0,0,0,1,1,0,1,0,1,1,1,0,0,1,1,1,1,0,0,0,0,0,0,0,0,1,0,1,18,13,video
19,M,1,1,1,1,1,1,1,1,0,0,0,1,0,1,0,1,1,1,1,0,0,0,0,1,1,0,1,0,1,1,0,1,1,1,0,0,0,1,1,1,0,0,0,0,0,1,1,0,1,0,0,1,1,1,0,1,1,0,1,1,19,16,video
19,M,0,1,1,1,0,1,1,1,1,1,1,0,0,1,0,1,1,1,1,1,1,0,1,0,1,1,1,1,0,0,1,1,0,0,1,0,1,0,0,0,1,1,0,1,0,1,1,0,0,0,1,1,1,0,0,0,1,0,0,0,21,13,video
19,M,1,0,0,0,1,0,1,0,1,1,1,1,0,1,1,0,1,1,1,1,1,1,0,0,1,1,1,0,1,0,1,1,0,0,1,1,0,0,1,1,0,0,1,1,0,1,1,0,1,1,1,0,1,1,1,1,0,0,0,1,19,18,video
20,F,1,0,1,0,1,0,1,1,1,0,0,1,1,1,0,0,0,1,0,0,0,1,0,1,1,1,1,1,1,1,1,1,1,1,1,0,0,0,1,0,1,1,1,1,1,1,1,0,1,1,1,1,0,1,0,0,0,1,1,0,18,20,text
18,F,0,1,1,1,0,0,1,0,1,0,1,1,1,1,1,0,0,1,1,1,1,0,1,0,1,1,1,1,1,0,0,0,0,0,1,0,0,0,0,0,1,1,1,0,0,0,1,1,1,1,1,1,1,0,0,1,1,0,0,1,20,14,video
18,F,1,1,0,1,0,1,1,0,0,1,1,0,1,1,0,0,0,0,0,0,0,1,1,0,0,1,1,0,1,1,1,1,1,1,1,0,1,0,1,0,0,0,1,1,1,0,1,1,1,1,0,1,1,0,0,1,1,0,0,1,15,19,text
20,M,0,0,0,0,1,0,1,0,1,1,1,1,0,0,0,0,1,0,0,0,1,0,0,1,0,0,1,0,0,0,0,0,1,1,0,1,1,1,1,1,0,0,1,1,0,1,0,0,0,1,1,1,1,0,0,0,1,0,1,0,10,16,text
19,F,1,0,1,1,0,0,0,1,1,0,1,0,0,0,1,0,0,1,1,1,1,0,0,0,0,0,1,0,0,0,1,1,0,0,0,1,0,0,0,0,0,1,1,1,0,1,1,0,1,1,0,1,1,1,1,1,0,0,1,1,12,17,text
19,M,0,0,0,0,1,0,0,1,1,0,1,1,0,0,0,1,1,1,1,1,0,1,1,1,1,1,1,0,1,1,1,1,0,1,0,0,0,1,1,1,0,1,1,0,1,1,1,1,0,1,0,0,1,1,1,0,0,1,1,0,18,18,equal
18,M,1,0,1,1,1,0,1,1,1,1,1,1,1,1,1,1,1,0,0,0,0,0,0,0,1,1,0,0,1,0,1,1,0,0,0,0,0,0,1,1,0,1,0,0,1,1,1,1,0,1,0,1,0,1,1,1,1,0,0,1,18,16,video
19,M,1,1,1,1,1,0,0,0,1,0,1,1,0,1,1,1,0,1,0,0,0,0,1,1,1,1,0,1,1,0,1,0,0,1,1,1,1,1,1,1,1,1,1,1,1,1,1,0,1,0,1,1,0,1,1,1,1,1,0,1,18,24,text
17,M,0,0,0,0,0,1,0,1,1,1,0,0,1,1,0,0,1,1,0,1,0,1,1,1,1,1,1,0,1,0,0,1,1,0,1,0,1,1,1,1,1,1,1,1,1,0,1,0,1,1,1,0,0,1,1,1,0,1,0,0,16,20,text
18,M,1,0,1,1,1,1,0,0,0,1,0,0,0,0,1,1,1,0,1,0,1,1,1,1,0,1,0,1,1,0,0,0,0,1,1,1,0,1,0,0,0,1,0,1,0,1,0,1,0,1,0,1,0,1,0,1,1,0,0,0,17,13,video
19,M,1,0,0,0,1,1,0,0,0,1,1,0,0,1,1,0,1,1,1,1,0,1,1,1,1,0,1,1,1,1,0,1,1,1,1,1,0,1,1,0,1,1,1,0,1,0,1,1,1,0,0,1,1,1,1,0,1,1,0,1,19,21,text
18,F,1,1,0,1,0,1,1,1,0,1,1,1,1,0,1,0,0,1,1,0,1,1,0,0,0,0,1,1,1,0,0,0,1,1,1,0,0,1,0,0,1,1,0,1,0,0,1,0,1,0,1,0,0,1,1,1,0,1,0,0,18,14,video
17,F,0,1,1,1,0,1,1,0,0,1,0,1,1,1,0,0,1,0,1,0,0,1,1,0,1,0,1,0,1,1,1,0,1,0,1,1,1,0,1,1,1,1,1,0,1,1,1,1,1,0,1,1,1,1,1,0,0,1,1,0,17,22,text
18,M,1,0,1,1,0,0,1,0,0,1,1,0,0,1,1,1,0,1,1,0,0,1,1,1,1,0,0,1,1,1,0,1,1,1,1,1,0,1,1,0,1,1,1,1,0,1,0,0,1,1,1,0,1,1,0,1,1,0,1,1,18,21,text
18,M,0,1,0,0,1,0,0,0,0,1,1,0,0,0,1,0,1,1,1,1,1,0,1,1,1,1,0,1,1,0,0,1,1,1,0,0,1,1,0,1,1,1,1,1,0,1,1,1,1,1,1,1,1,1,0,1,0,1,1,0,16,22,text
18,F,0,0,0,0,1,0,0,0,0,0,1,1,0,1,1,0,1,1,0,0,1,0,1,1,1,0,1,1,0,1,1,1,1,1,1,0,1,1,0,1,0,0,1,1,0,1,1,1,1,0,1,1,1,1,1,0,0,1,1,1,14,22,text
18,M,0,1,0,0,1,1,0,0,1,0,1,0,0,0,0,0,1,0,0,0,1,1,0,0,1,1,0,1,1,1,1,1,0,1,0,1,0,1,0,0,0,0,0,1,1,1,1,0,1,1,1,1,1,1,1,1,1,0,0,1,13,19,text
17,M,0,0,1,0,0,1,1,0,1,0,1,1,0,1,0,1,1,1,1,1,1,1,0,1,0,1,1,0,1,1,1,1,0,0,0,0,0,0,0,0,0,1,0,0,1,1,0,1,0,1,0,1,1,0,1,0,1,0,1,1,19,13,video
20,F,1,0,0,1,1,0,1,1,1,1,1,0,1,1,0,1,1,1,0,1,1,0,0,0,1,1,1,1,0,1,0,1,0,0,1,1,1,1,1,0,0,1,1,0,1,0,1,0,0,1,0,0,0,1,1,1,1,1,0,1,20,17,video
18,M,0,1,1,0,1,0,0,1,1,1,0,1,0,1,0,0,1,1,1,1,1,1,0,0,0,1,0,1,1,1,1,1,1,1,0,0,1,1,0,1,1,1,1,0,0,1,1,1,1,0,1,1,1,1,0,1,0,0,0,0,18,19,text
18,M,1,1,1,0,1,0,1,1,1,0,1,1,1,1,0,1,1,0,1,0,0,0,1,0,1,0,1,1,0,1,0,1,0,0,1,0,1,0,1,0,1,1,1,1,0,1,1,0,1,1,1,0,0,0,0,0,0,1,1,1,19,16,video
19,M,0,0,1,1,1,0,1,0,0,0,0,0,1,1,1,0,0,0,0,1,1,1,1,0,1,0,0,1,1,1,1,0,1,0,1,1,1,1,0,0,1,1,1,1,0,1,0,0,1,0,0,1,0,0,1,1,1,0,1,1,15,18,text
18,F,1,0,1,0,0,1,0,0,0,1,1,1,1,0,0,0,1,1,0,1,1,1,1,0,1,0,0,1,0,1,1,1,1,1,1,0,0,1,0,1,0,1,1,1,1,0,1,1,0,0,1,1,0,1,0,0,1,0,1,0,16,18,text
19,F,0,1,0,1,0,0,1,0,1,1,0,0,1,1,0,0,1,1,0,0,0,1,0,0,1,1,0,1,0,0,1,0,0,0,0,1,0,0,0,0,1,1,0,0,1,1,1,0,0,1,1,0,0,1,0,1,0,0,0,0,13,11,video
20,F,0,0,1,1,0,1,1,1,1,0,1,1,0,0,0,0,0,0,0,0,1,0,1,1,1,1,0,0,0,0,1,0,0,1,1,1,0,0,1,1,1,1,1,0,0,1,0,1,1,0,1,1,0,1,1,1,1,1,0,0,13,19,text
17,M,1,0,1,0,1,1,0,0,0,0,1,0,0,1,1,1,0,1,1,1,1,0,0,1,1,1,0,1,1,0,0,0,0,1,0,1,1,0,0,1,1,1,0,0,0,0,1,1,0,1,1,0,0,1,0,1,1,1,0,1,17,15,video
17,M,1,0,1,0,1,1,1,0,0,1,0,0,0,0,1,0,1,1,1,0,0,0,0,0,1,1,1,1,1,1,0,1,1,1,1,1,1,0,0,1,1,1,0,0,1,0,0,1,0,1,1,0,0,1,0,0,0,1,0,0,16,15,video
20,F,0,0,0,0,1,0,1,1,0,1,1,1,0,0,1,0,1,1,1,0,1,1,1,1,0,1,1,1,0,0,0,1,1,1,1,0,0,1,0,0,0,1,1,1,1,1,0,1,1,0,0,0,1,0,1,0,1,1,0,1,17,17,equal
17,M,1,1,1,1,0,0,0,1,0,0,0,0,0,1,1,0,1,0,0,0,1,1,1,0,0,0,1,0,0,1,1,1,1,1,0,1,1,0,0,0,1,1,1,0,1,0,0,1,1,1,1,0,1,0,1,1,1,1,1,0,13,20,text
20,M,0,0,0,0,1,0,0,0,0,0,1,0,1,1,1,0,0,1,1,0,0,0,1,1,1,1,1,1,1,1,0,0,0,0,0,1,0,1,1,0,1,1,1,0,1,1,0,1,0,0,1,0,0,1,1,0,1,1,0,1,15,15,equal
20,M,0,1,1,0,0,0,0,0,0,0,0,1,1,0,1,0,1,1,0,1,0,0,0,1,0,0,0,0,0,0,0,1,0,1,1,1,1,1,1,0,1,1,1,0,0,0,1,1,1,0,1,0,1,1,1,1,1,1,1,0,9,21,text
20,M,0,1,1,1,1,0,1,0,1,1,1,1,1,1,0,1,1,0,1,1,1,1,0,1,0,0,1,0,1,1,1,1,1,1,1,1,1,1,0,0,1,1,1,1,1,1,0,1,0,0,0,0,1,1,0,1,0,1,1,0,21,20,video
17,M,1,1,0,1,0,0,1,0,0,1,1,1,1,1,1,0,0,1,1,1,1,1,0,1,1,1,0,0,1,1,1,1,0,1,1,1,1,1,1,1,0,0,0,1,1,0,0,1,1,1,1,0,1,1,0,1,0,0,1,0,20,19,video
19,F,1,1,0,0,0,1,1,0,1,0,1,1,0,1,1,1,0,1,1,0,1,0,1,0,1,0,0,0,1,1,1,1,0,0,0,0,1,0,0,1,0,1,0,0,1,1,1,1,1,1,1,1,1,1,0,0,1,1,0,1,17,18,text
20,M,0,1,1,0,1,0,1,0,0,1,0,1,0,0,1,0,1,0,1,0,0,1,0,1,1,1,1,1,1,1,0,1,1,0,0,0,0,1,1,1,1,0,1,1,1,1,1,1,1,0,0,1,0,0,1,1,0,1,1,1,17,19,text
18,F,1,1,0,0,1,0,0,0,1,1,0,0,1,1,0,0,0,1,1,1,1,1,0,1,0,1,1,1,1,0,0,0,0,1,1,0,1,1,1,1,0,0,1,0,0,0,0,1,0,1,1,1,1,0,0,0,0,1,1,0,17,14,video
17,M,1,1,1,1,0,1,0,0,1,1,0,0,1,1,1,1,1,1,1,1,1,0,0,0,1,0,1,0,1,1,0,0,1,0,0,1,0,1,1,0,0,0,0,1,1,1,0,0,0,0,0,0,0,0,1,1,1,0,0,1,20,11,video
20,F,0,1,0,1,1,1,0,1,0,1,0,1,1,1,1,1,1,1,1,1,1,1,0,0,1,0,0,1,1,0,0,1,1,0,1,1,1,1,0,1,0,0,1,0,0,1,1,0,1,1,1,1,1,1,1,1,0,0,1,1,20,20,equal
20,M,0,0,0,1,1,1,1,1,1,1,1,1,1,1,1,0,0,1,1,0,1,0,1,0,0,0,1,0,0,0,0,1,0,1,0,1,0,1,0,1,1,1,1,1,1,1,1,0,0,1,1,1,1,1,1,0,0,1,0,1,17,20,text
18,F,1,0,1,1,1,1,0,0,1,0,0,1,0,1,1,1,1,1,0,0,1,1,1,1,1,1,1,1,1,0,1,0,1,0,1,0,1,0,1,1,0,0,0,1,1,1,1,0,0,0,1,1,0,0,0,0,0,1,0,1,21,14,video
19,M,1,1,1,0,0,0,0,1,0,1,1,0,1,0,1,0,1,1,0,0,0,0,0,1,1,1,1,0,1,0,0,0,1,0,1,1,1,1,1,1,1,1,1,0,0,0,1,0,1,1,1,1,1,0,0,0,0,0,1,0,15,17,text
19,F,1,0,1,1,0,1,1,1,1,1,0,1,1,1,0,0,1,1,1,0,0,0,1,1,1,1,1,1,0,1,0,1,0,1,0,0,0,0,0,1,1,1,0,1,0,1,0,1,1,1,1,1,0,1,0,0,0,1,0,1,21,15,video
19,M,0,1,0,0,0,0,0,1,1,0,0,0,1,1,0,0,1,1,1,1,1,1,0,1,1,0,0,0,1,0,1,1,1,0,1,1,1,1,1,1,1,0,0,1,0,1,0,1,0,1,0,1,1,0,0,1,1,1,1,1,14,21,text
20,F,1,0,0,1,1,1,0,1,0,1,1,0,0,0,1,1,1,1,1,0,1,1,1,1,0,1,1,1,0,0,1,0,1,0,0,0,1,0,0,1,0,1,0,1,0,0,1,0,0,1,0,1,0,0,1,1,1,0,1,1,19,14,video
20,M,0,1,1,0,0,0,0,1,0,0,0,1,1,1,1,1,0,1,1,1,1,0,1,1,0,0,1,0,0,0,1,1,1,1,0,0,0,0,1,0,1,1,1,1,1,0,0,0,1,0,0,1,1,1,1,0,0,1,0,0,15,16,text
20,F,1,0,1,1,1,1,0,1,1,1,1,0,0,0,0,0,0,1,0,0,0,0,0,0,0,1,1,0,1,0,0,1,1,1,0,0,1,1,0,1,1,1,1,1,1,0,0,1,1,1,1,0,1,1,0,0,1,1,1,1,13,21,text
17,F,0,0,0,1,0,1,1,1,0,0,0,1,1,1,1,0,1,0,0,0,1,0,1,1,1,0,1,1,1,1,1,0,1,0,0,1,1,0,1,1,1,0,1,1,0,0,0,0,1,0,1,0,1,0,0,0,0,0,1,1,17,14,video
18,M,1,0,0,0,0,0,1,0,1,1,0,0,0,0,1,0,1,0,0,0,1,1,1,1,0,0,0,0,1,1,0,0,1,1,0,1,1,1,1,0,1,1,0,1,0,1,0,0,1,0,1,0,1,1,0,1,1,1,0,1,12,18,text
20,M,1,0,0,0,1,1,0,1,0,1,1,0,1,0,0,1,0,0,1,0,0,1,0,1,0,0,1,1,1,1,1,0,1,1,0,0,1,0,1,0,1,1,1,0,1,0,0,0,1,0,1,1,1,1,0,0,1,1,0,1,15,17,text
18,F,0,0,1,0,0,0,0,0,1,1,0,1,1,0,0,1,1,1,1,1,1,1,1,1,1,1,1,0,1,0,0,0,1,0,0,0,1,0,1,0,1,1,0,1,1,1,1,1,1,1,1,1,1,0,1,0,1,0,0,1,18,18,equal
18,M,0,1,0,1,1,1,1,1,1,0,0,1,1,1,1,0,1,1,0,0,1,0,1,1,1,1,0,1,1,1,1,0,1,1,0,0,1,0,0,1,1,0,1,0,1,1,1,0,0,0,0,1,0,1,0,0,1,0,0,1,21,14,video
19,F,1,0,1,1,1,1,1,1,1,1,1,0,0,0,0,1,0,1,1,1,1,0,1,1,1,1,1,1,1,0,0,1,0,1,1,0,0,0,1,1,0,1,0,1,1,1,1,0,0,1,1,0,0,1,1,1,0,1,0,1,22,17,video
17,F,1,1,0,0,1,1,0,1,1,1,0,0,0,1,1,1,0,0,1,0,1,1,0,1,1,1,0,0,0,0,0,1,1,0,0,1,0,0,1,0,0,0,0,0,1,0,0,0,1,0,1,0,1,0,1,0,1,0,1,0,16,11,video
20,F,1,1,0,0,0,0,0,1,1,0,0,0,1,1,0,0,0,1,0,1,0,1,1,0,1,1,1,0,1,1,1,1,1,0,0,1,0,0,1,0,1,1,0,1,1,0,0,1,1,0,0,0,1,0,1,0,1,0,1,0,15,15,equal
19,M,0,1,1,1,0,1,0,1,0,0,0,1,0,1,0,1,0,1,0,1,1,1,1,1,1,0,1,0,1,0,1,1,0,1,1,1,1,1,1,0,0,1,1,0,1,1,1,1,1,0,1,0,0,0,1,1,1,1,0,1,17,21,text
19,F,1,0,0,1,0,1,1,1,1,1,0,1,0,1,1,0,0,0,1,0,0,1,1,1,1,1,0,1,0,0,0,0,0,1,0,0,1,1,1,1,1,1,1,0,1,0,1,0,1,0,1,1,0,0,1,0,1,1,0,1,17,17,equal
20,F,1,1,1,0,0,1,0,1,0,0,1,1,1,1,0,1,0,1,0,0,0,1,1,0,1,1,1,0,0,0,1,1,1,1,1,0,1,1,0,1,1,0,0,1,0,0,0,1,1,1,0,0,0,1,1,1,0,1,0,0,16,17,text
18,M,1,1,0,1,1,0,1,1,1,1,1,0,1,1,0,0,1,0,0,1,1,1,0,1,1,0,1,0,0,1,1,1,1,0,1,1,0,1,1,0,0,1,1,0,0,1,0,0,1,1,0,1,0,0,0,1,0,1,1,1,19,17,video
19,M,0,1,1,1,0,0,1,1,1,0,0,0,0,0,1,1,0,1,1,0,0,1,0,0,1,1,1,1,0,1,0,1,0,1,0,1,1,0,1,1,0,0,1,0,0,1,1,1,1,1,1,1,1,1,1,0,0,1,1,0,16,19,text
18,M,1,1,1,1,0,1,0,0,1,0,0,1,1,0,0,1,1,1,1,1,1,1,1,1,1,1,1,0,0,1,0,1,1,1,0,0,0,0,0,1,0,1,1,1,0,0,0,1,1,1,1,1,1,0,0,1,0,1,1,0,21,16,video
17,M,1,1,1,1,1,0,1,1,0,0,1,1,1,1,1,1,1,0,0,1,1,1,1,1,0,0,0,0,0,0,0,1,0,0,1,0,1,1,0,0,1,1,0,1,0,1,1,1,0,1,1,1,1,1,1,1,1,0,1,1,19,20,text
18,F,0,1,1,1,0,1,1,1,0,1,0,0,0,1,1,1,1,1,0,1,0,0,1,0,0,1,1,1,1,0,1,1,0,0,1,0,0,0,0,1,0,0,1,1,0,1,0,1,1,0,0,1,0,1,0,1,1,1,0,0,18,14,video
17,F,1,0,1,1,1,1,1,1,0,0,1,1,1,1,0,0,0,1,0,1,0,1,1,0,1,0,0,1,0,1,1,0,0,1,1,0,0,0,1,0,0,0,0,1,1,1,1,0,0,1,0,1,1,1,0,0,1,0,1,0,18,14,video
18,F,1,0,0,1,1,1,0,0,1,0,1,1,0,1,1,0,1,1,0,0,0,1,1,0,1,1,1,1,1,0,0,0,1,1,1,0,1,1,1,1,1,1,0,1,0,0,1,1,0,0,1,1,0,0,0,1,1,0,1,1,18,18,equal
19,F,0,1,0,0,0,1,1,1,1,1,1,1,1,1,1,0,1,0,0,0,0,0,1,0,0,0,1,1,0,0,0,0,0,1,0,1,1,0,0,1,0,1,1,0,1,0,1,1,1,1,1,1,1,0,1,0,1,0,0,0,15,16,text
19,M,0,1,1,1,1,1,1,1,1,1,0,0,0,1,0,1,0,0,1,0,1,1,0,1,1,0,1,0,0,1,1,1,1,0,1,1,0,1,0,1,0,1,1,1,1,1,1,1,1,1,1,0,1,0,1,0,1,1,1,0,18,22,text
17,F,1,1,1,1,1,1,1,0,0,0,1,1,0,1,1,0,1,1,0,0,1,1,1,0,1,0,0,1,0,0,0,0,0,0,1,0,1,0,1,1,1,1,0,1,0,1,0,0,1,0,1,1,1,0,1,1,1,1,0,1,18,17,video
20,F,1,0,1,0,0,1,0,0,1,1,1,1,0,0,1,1,1,1,1,1,1,0,0,0,1,0,0,0,1,1,1,1,1,0,0,0,1,0,0,0,0,1,1,0,1,1,1,1,1,0,1,0,1,1,1,0,1,0,0,1,17,17,equal
17,M,1,1,0,0,1,1,0,1,0,0,1,0,1,0,0,0,1,1,1,1,0,1,0,1,1,0,1,0,1,0,1,1,1,0,0,1,0,1,1,0,1,0,1,1,1,1,1,0,0,0,1,1,0,0,0,1,0,1,1,0,16,17,text
17,F,1,0,1,1,0,0,1,1,1,1,0,1,1,0,1,0,0,1,0,1,1,1,1,1,1,0,0,0,0,1,1,1,1,1,1,0,1,0,1,0,0,1,1,0,1,0,1,0,1,1,0,1,0,0,1,0,1,0,0,1,18,17,video
18,F,1,1,1,0,1,1,1,1,1,1,0,1,0,1,1,0,1,1,0,1,1,0,0,1,1,0,1,1,1,0,1,0,1,0,1,0,1,0,1,1,0,1,0,0,0,1,1,0,1,1,0,0,1,0,1,1,1,1,0,0,21,16,video
18,F,1,0,1,1,0,0,1,1,0,0,1,1,0,0,0,1,1,0,1,0,1,1,1,0,0,1,1,1,0,1,1,0,1,0,0,0,1,1,1,1,1,1,0,1,0,1,0,0,1,0,0,1,0,1,1,0,1,1,0,0,17,16,video
17,F,0,1,1,0,1,1,1,1,1,1,0,0,0,1,0,1,1,0,0,1,0,1,1,1,0,1,0,0,0,1,0,1,0,1,0,1,0,0,0,0,0,0,0,0,1,0,1,0,1,0,1,1,0,1,1,0,1,1,0,0,17,12,video
19,F,0,0,1,0,1,0,1,1,1,1,0,0,0,1,0,1,0,1,1,0,1,1,0,1,1,1,1,1,0,1,1,1,1,1,1,1,0,0,1,1,0,1,0,1,1,1,1,0,0,1,0,1,0,0,1,1,1,1,0,0,18,19,text
18,F,0,1,1,0,0,0,0,1,1,0,1,1,1,0,1,1,1,0,1,1,0,0,0,0,1,1,1,0,1,0,0,1,1,1,0,1,1,0,1,1,1,1,1,1,1,1,1,0,1,1,0,1,0,1,0,0,0,0,1,0,16,19,text
20,M,0,1,1,1,1,1,0,1,1,1,0,0,0,0,1,1,1,1,0,1,1,0,0,0,1,0,1,1,0,0,1,1,1,1,0,1,0,1,0,1,0,1,0,1,1,0,0,1,1,1,1,0,1,0,0,1,1,1,0,1,17,19,text
18,M,1,1,1,1,0,1,0,0,0,1,1,1,1,1,0,1,0,1,0,0,1,0,0,0,0,1,1,1,1,0,1,1,1,1,1,1,0,1,0,0,0,1,1,0,0,1,1,0,1,0,0,1,0,1,0,1,1,0,1,0,17,17,equal
18,F,0,1,0,0,1,1,1,0,0,1,1,0,0,0,0,1,1,1,0,1,0,1,0,1,1,0,1,0,1,1,1,1,1,0,1,0,1,1,0,1,1,0,0,0,0,1,0,0,0,1,0,0,1,0,1,0,0,1,0,1,16,14,video
20,F,0,0,1,0,1,1,0,1,1,1,1,0,0,0,0,1,1,1,0,1,1,0,0,1,1,0,0,1,1,0,1,1,1,0,0,1,1,0,0,0,1,0,1,1,0,1,0,0,1,0,0,1,0,0,1,0,1,1,0,1,16,15,video
17,M,0,0,1,0,1,1,0,1,0,1,0,1,0,1,0,0,1,1,1,0,1,1,1,0,1,1,0,0,1,0,0,0,0,0,0,0,1,0,1,1,1,0,1,1,1,1,1,0,1,0,1,1,0,1,1,0,1,1,1,1,16,18,text
20,F,0,1,1,0,1,1,1,0,0,0,1,0,0,1,0,1,0,1,1,0,0,1,1,1,0,1,1,1,0,1,1,0,1,1,0,1,1,0,1,1,0,0,1,0,1,1,1,1,1,0,0,0,1,1,0,1,1,1,1,1,17,20,text
17,F,1,1,1,0,0,0,1,0,1,1,0,1,1,0,1,0,0,1,1,1,1,1,0,1,1,1,0,0,1,0,0,1,1,0,1,0,1,1,1,1,1,1,1,0,1,0,1,0,1,1,1,0,0,1,0,1,1,0,1,1,18,20,text
17,F,1,1,1,1,0,1,0,1,0,1,1,1,1,0,1,1,1,1,0,0,0,1,0,0,1,1,0,1,0,1,0,0,1,1,1,1,1,0,1,0,0,0,1,0,0,1,1,1,1,1,0,0,1,0,1,0,0,0,1,0,19,15,video
17,M,1,0,0,1,0,1,0,0,0,1,1,0,0,1,0,1,1,1,1,1,0,1,1,0,0,0,1,0,1,1,1,1,1,1,1,1,1,0,1,1,1,0,0,0,0,1,0,1,1,0,1,0,0,1,1,1,1,1,0,0,16,19,text
20,F,1,1,1,0,1,0,1,1,1,0,0,0,0,0,0,0,1,1,1,1,1,1,1,1,0,1,1,0,1,1,0,0,1,0,1,1,1,0,1,1,0,0,1,1,0,1,0,1,0,0,0,1,1,0,1,0,0,1,0,1,19,15,video
17,M,1,1,1,1,1,0,0,0,1,1,0,1,0,1,0,1,1,0,0,1,0,1,1,0,0,0,1,1,0,1,0,0,1,0,0,0,1,0,1,1,1,1,0,0,0,1,0,1,1,0,1,1,1,0,0,1,1,1,1,0,17,16,video
19,F,1,1,1,1,1,0,0,1,1,1,1,0,0,0,0,1,1,0,0,1,1,0,1,0,0,1,0,0,0,1,0,0,0,0,0,0,0,1,1,0,0,0,0,0,1,1,0,0,1,0,1,1,1,0,0,1,0,0,0,0,16,9,video
20,M,1,0,1,1,1,0,1,1,1,0,0,1,0,1,0,0,0,1,0,0,1,1,1,1,1,0,1,0,1,1,0,0,1,1,1,0,1,1,1,1,1,0,0,0,0,0,1,1,1,0,1,0,0,0,1,0,0,1,0,0,18,14,video
19,M,1,1,1,0,0,1,0,1,1,1,0,1,1,0,0,0,0,0,1,0,0,1,1,1,1,0,1,1,0,1,0,1,1,1,0,0,0,0,0,0,1,1,0,0,1,1,1,1,0,1,1,0,1,1,1,1,0,0,1,0,17,16,video
17,F,1,0,1,0,1,1,1,1,0,0,0,1,0,0,1,0,1,1,0,0,1,1,0,0,1,1,1,0,1,1,1,0,0,1,0,1,0,0,0,0,0,0,0,1,1,1,1,1,0,1,0,1,0,0,1,0,1,0,1,1,17,14,video
18,M,1,0,0,0,1,1,0,0,0,0,0,0,0,0,1,1,0,1,0,1,1,1,1,1,1,0,1,1,1,0,0,0,1,0,1,1,1,1,0,0,1,0,1,1,0,1,1,0,0,0,1,1,0,0,0,0,0,0,1,0,15,13,video
17,F,0,0,1,1,0,0,1,1,1,1,0,1,1,1,0,0,0,1,0,1,1,1,0,1,0,1,1,1,1,1,0,1,1,1,0,1,0,1,0,1,0,1,1,1,1,0,0,1,1,0,0,1,1,1,1,0,0,1,1,0,19,18,video
19,M,1,1,1,1,1,1,1,1,0,1,1,0,0,0,0,1,1,0,0,0,0,1,1,0,0,0,0,1,1,0,1,1,0,1,0,0,0,1,0,0,1,1,1,0,1,1,0,0,1,0,0,0,0,1,0,1,1,0,0,0,16,13,video
19,F,1,1,1,1,1,0,1,1,0,1,0,1,0,1,1,0,0,1,0,1,0,1,1,1,1,1,1,1,1,1,1,1,1,1,0,0,0,1,1,0,0,0,0,0,1,0,1,1,1,1,1,0,1,0,0,0,0,0,1,0,22,14,video
20,F,0,0,0,0,0,0,1,1,1,1,0,1,1,0,1,1,1,0,0,0,1,1,1,0,1,1,0,0,0,1,0,0,0,0,1,0,0,1,0,0,1,0,1,1,1,0,1,1,0,1,1,0,1,0,1,0,1,0,1,1,15,15,equal
18,M,1,1,0,1,0,0,1,1,0,0,0,1,1,0,0,1,1,0,1,0,1,0,0,1,0,0,0,1,0,0,0,0,0,1,1,1,1,1,0,1,1,1,0,1,1,0,1,1,1,1,1,1,1,1,1,1,1,1,1,0,13,23,text
20,F,1,0,1,1,1,1,0,0,1,0,1,1,1,1,1,0,1,1,1,1,0,1,0,1,0,1,0,1,0,0,0,0,0,0,0,0,0,0,1,1,1,0,1,0,1,1,1,0,0,1,0,1,1,1,0,0,1,1,0,1,19,14,video
19,F,0,1,0,0,1,1,1,1,0,0,1,0,1,0,0,0,0,1,1,1,1,0,1,0,0,1,1,1,0,0,1,1,1,0,1,0,0,0,1,1,0,0,1,1,1,0,0,0,0,0,1,0,0,1,1,0,0,0,0,1,15,13,video
17,M,1,1,1,0,1,1,0,0,0,1,0,1,1,0,1,1,0,1,0,1,1,0,0,1,0,1,0,1,0,1,0,0,1,1,1,1,0,1,1,1,0,1,1,1,1,1,0,1,1,1,0,1,0,0,1,0,1,0,0,0,17,18,text
18,F,0,0,1,0,1,1,0,1,1,1,0,1,1,0,0,0,0,0,1,1,0,0,0,1,1,0,0,0,1,1,1,0,0,1,0,1,0,0,0,0,0,1,0,1,1,0,1,1,0,1,1,0,0,1,1,0,0,0,1,1,14,14,equal
17,F,0,0,1,1,0,0,1,1,1,1,0,0,0,0,1,1,1,1,1,0,0,0,0,0,0,1,0,1,1,1,0,1,0,1,0,1,1,0,0,0,1,0,0,1,1,0,1,0,1,0,1,1,1,1,1,1,1,1,1,1,15,19,text
17,M,0,0,0,0,1,0,0,0,1,1,0,1,0,1,0,1,0,1,0,1,0,0,1,0,1,1,1,0,1,1,0,1,1,1,1,0,1,1,0,0,0,1,0,1,0,1,1,0,0,0,1,0,0,1,1,0,1,0,1,0,14,15,text
18,M,0,0,1,0,0,1,0,1,0,1,0,1,0,1,1,1,0,1,1,1,0,1,0,1,1,1,0,1,1,1,0,1,1,1,1,1,0,0,0,1,0,1,1,1,0,1,0,0,1,1,1,0,0,1,1,0,1,1,0,1,18,18,equal
20,F,0,1,0,1,1,1,0,0,1,0,1,0,1,1,0,0,1,0,1,0,1,0,1,1,1,1,1,1,0,1,0,0,1,0,0,0,1,0,1,1,1,1,0,0,0,1,0,1,1,0,1,1,0,0,0,0,1,1,0,1,18,14,video
17,F,0,1,0,0,0,0,1,0,0,1,1,1,1,1,1,1,0,1,0,1,1,1,1,1,0,0,0,1,1,0,0,1,0,1,1,0,1,1,0,0,1,0,0,0,0,0,0,1,0,1,0,1,1,0,1,1,0,0,1,1,17,14,video
19,M,1,1,1,1,1,1,1,0,1,1,0,0,1,0,1,1,0,0,1,0,0,1,1,1,0,1,0,1,1,0,1,1,1,1,1,0,0,0,1,0,0,1,1,0,0,0,0,1,1,0,1,1,1,0,0,1,0,1,1,1,19,17,video
17,M,0,1,1,0,1,1,0,1,1,1,0,1,0,1,1,1,1,0,1,0,1,1,1,0,0,0,1,0,1,0,0,1,1,1,1,0,1,1,1,1,1,1,1,1,1,1,0,1,0,0,1,0,0,0,0,1,1,1,1,1,18,21,text
18,F,0,1,1,0,0,1,0,0,1,1,0,1,1,1,0,0,1,0,0,1,0,0,0,0,1,1,1,0,0,1,0,1,1,1,1,1,0,0,1,1,0,0,0,0,1,0,1,0,0,0,0,0,0,1,0,0,0,1,0,1,14,12,video
18,M,1,1,0,1,0,1,1,1,0,0,0,1,1,1,0,0,1,0,1,1,1,0,1,1,1,1,1,1,1,0,0,0,0,0,1,0,0,1,1,1,1,1,1,0,1,0,0,0,1,1,1,0,1,1,1,1,0,0,0,1,20,16,video
18,F,1,1,1,1,0,1,0,0,0,1,1,0,0,0,1,1,0,0,1,1,1,0,0,0,0,1,0,0,0,0,0,1,0,1,0,1,1,1,1,1,0,1,1,1,1,1,1,1,1,0,1,0,0,0,1,0,0,1,1,1,13,20,text
20,F,1,0,0,0,1,0,1,1,1,0,1,1,0,0,0,1,0,1,1,1,0,1,1,1,1,0,0,1,1,1,1,0,0,1,1,1,1,1,1,1,0,0,0,0,1,0,1,1,1,1,1,1,1,1,0,1,1,0,1,0,18,20,text
17,F,0,1,1,1,1,1,1,1,1,0,1,1,0,0,1,0,1,0,0,1,1,1,0,0,0,1,1,0,1,1,0,0,1,1,0,1,1,1,0,1,0,1,0,1,1,1,1,1,1,0,0,0,0,1,1,0,0,0,0,0,19,15,video
20,F,1,0,0,0,1,0,0,1,1,1,0,1,1,1,0,1,1,1,1,1,1,0,0,0,1,0,1,1,0,0,0,0,0,1,0,0,1,1,0,1,1,1,0,1,1,0,1,1,0,0,1,0,0,0,1,1,0,1,1,1,17,16,video
20,F,1,0,0,0,0,0,1,1,0,1,1,1,1,0,0,1,0,0,1,0,1,1,1,0,1,0,0,1,1,1,0,1,1,0,1,1,0,1,0,1,1,1,0,1,0,1,1,1,0,1,1,0,1,1,1,0,1,0,1,1,16,20,text
18,M,1,0,1,0,1,0,0,0,0,1,1,0,0,1,1,1,0,1,1,0,1,1,1,1,1,1,1,0,0,1,0,0,1,1,1,0,0,1,0,1,1,1,0,1,0,0,0,0,1,0,1,0,1,1,1,1,1,0,0,0,18,15,video
18,M,1,0,1,1,1,0,1,0,0,0,1,0,1,1,1,1,0,1,1,1,0,1,0,0,0,1,0,1,0,0,1,1,0,1,1,1,0,1,1,0,1,0,1,1,1,1,0,0,0,0,1,1,0,1,1,0,0,1,0,0,16,17,text
20,M,1,0,1,1,1,0,0,0,0,1,0,1,0,0,1,1,1,0,1,1,0,1,1,0,1,0,1,1,1,1,1,0,1,0,1,0,0,0,0,1,0,0,1,1,1,0,0,0,1,1,0,0,1,0,0,0,0,0,1,0,18,11,video
17,M,0,0,1,1,1,1,1,0,1,1,1,1,0,1,1,1,0,1,0,1,0,0,1,0,0,1,1,0,0,0,1,0,1,0,0,1,0,1,1,0,0,1,0,0,1,0,1,1,0,0,0,0,0,1,0,1,1,0,0,1,17,13,video
19,F,0,0,0,1,1,0,1,1,0,1,1,1,0,0,1,1,1,1,1,1,1,1,1,0,0,0,0,1,0,1,0,1,1,0,0,0,1,1,0,1,1,0,0,0,1,1,1,0,0,0,1,0,0,0,0,0,1,0,1,0,18,12,video
20,F,0,0,0,0,0,0,1,0,1,0,1,1,0,1,0,1,0,0,0,1,1,0,1,1,0,1,1,1,1,0,0,0,1,1,1,0,1,1,0,1,0,1,1,0,0,1,1,0,1,1,0,0,0,1,1,0,1,0,0,0,14,15,text
17,F,1,0,1,1,1,1,0,0,1,0,1,1,1,0,1,0,1,1,1,0,0,1,0,1,0,0,0,0,1,0,1,1,1,0,0,1,1,0,0,0,0,0,1,1,1,0,0,1,1,1,1,1,0,1,1,1,0,0,1,0,16,17,text
18,F,1,1,1,1,1,1,1,1,0,1,0,1,1,1,1,0,0,1,1,0,1,1,0,1,0,0,1,1,1,1,0,0,1,1,0,0,0,0,0,0,1,0,0,1,1,1,0,0,0,0,1,0,1,0,1,1,1,1,0,1,22,13,video
18,M,0,0,1,1,1,1,0,0,0,1,0,1,0,1,0,0,0,0,0,0,0,0,0,1,1,0,1,0,1,1,1,0,1,0,0,1,1,0,0,1,1,0,1,1,0,0,1,1,0,1,1,0,0,1,0,1,1,1,1,0,12,17,text
17,F,0,0,1,0,0,1,1,1,1,1,1,1,0,1,0,1,0,0,1,0,0,0,0,1,1,1,1,1,0,1,0,1,1,1,0,1,1,1,1,1,1,0,0,1,1,1,0,1,0,1,1,1,1,1,1,1,0,0,1,1,17,22,text
19,F,0,0,1,1,1,0,0,1,0,0,1,0,0,1,0,1,1,1,0,0,1,1,1,0,1,0,0,0,1,1,1,0,1,0,0,1,0,0,0,0,1,0,0,0,0,1,1,0,1,1,1,1,1,1,1,0,1,0,1,0,15,15,equal
18,M,1,0,0,1,1,0,1,1,0,1,0,0,0,1,1,1,1,0,0,1,0,0,1,1,1,0,1,0,1,0,0,1,1,0,0,0,1,0,1,1,1,1,0,0,0,0,1,0,0,0,0,1,1,1,0,0,0,1,1,0,16,13,video
18,M,1,0,0,1,0,0,0,1,1,0,0,1,0,1,0,1,1,1,1,1,1,1,1,0,1,1,0,0,0,1,1,0,0,0,0,1,0,1,0,1,0,0,0,1,1,1,1,1,0,1,1,1,1,1,1,0,0,1,1,1,17,18,text
18,M,0,0,1,0,1,1,1,0,1,1,1,1,1,1,1,0,1,1,1,1,1,1,0,1,1,1,0,0,1,1,1,1,0,1,1,1,1,1,1,1,0,0,0,1,1,0,1,1,0,1,1,1,0,0,0,1,0,0,0,1,22,18,video
17,M,0,1,1,1,0,0,0,0,1,1,1,0,0,1,1,1,0,1,1,1,1,0,0,0,0,1,0,1,0,1,0,0,0,0,0,0,1,1,1,1,0,1,1,1,1,0,0,0,1,1,0,1,0,0,1,1,1,0,1,1,16,16,equal
20,F,0,1,1,0,0,1,1,0,0,1,0,1,1,0,1,1,1,1,1,1,1,1,1,1,0,1,1,0,0,0,1,1,0,1,1,1,1,1,1,0,1,1,1,1,0,0,1,1,1,1,0,0,1,0,0,0,1,1,1,1,19,21,text
18,F,1,0,1,1,1,1,1,0,0,1,1,1,1,0,0,0,0,1,1,1,1,0,1,1,0,0,1,0,1,1,1,0,1,0,0,1,1,0,0,0,0,0,0,1,0,0,1,1,1,0,1,0,0,0,0,0,1,1,1,1,19,13,video
20,M,1,1,0,1,0,0,1,0,1,1,0,0,1,0,1,0,1,1,1,1,0,0,1,1,1,1,0,0,0,1,1,1,0,1,0,1,1,1,1,1,1,0,1,1,1,0,1,1,1,0,1,1,0,0,1,1,0,1,1,1,17,22,text
19,F,1,1,0,0,1,1,0,0,0,1,0,1,0,0,0,0,1,1,1,1,1,1,0,1,0,0,1,1,1,0,0,1,1,1,1,0,1,1,1,0,1,0,1,0,1,1,1,1,0,1,0,1,1,1,1,1,1,0,0,1,16,21,text
18,F,0,1,0,1,0,1,0,0,0,1,1,0,1,1,0,1,1,0,1,1,0,0,1,0,0,1,1,1,0,0,0,1,0,1,1,0,1,0,0,0,0,1,0,1,0,1,1,0,0,0,1,1,0,1,0,0,0,0,0,1,15,12,video
18,F,1,0,0,1,0,1,0,1,0,0,1,0,0,0,0,1,0,0,0,0,1,1,1,0,0,0,1,0,0,0,0,1,1,1,0,0,1,0,0,0,1,0,0,0,1,1,1,1,1,1,0,1,1,1,1,0,1,0,1,0,10,17,text
19,M,1,0,0,0,0,0,1,1,0,1,1,1,0,0,1,0,0,1,1,0,0,1,1,1,1,1,0,0,0,1,1,1,0,1,1,0,1,0,1,1,1,1,1,1,0,0,0,1,1,1,1,0,0,1,1,0,1,0,0,1,15,19,text
18,F,0,1,1,0,0,1,0,0,1,0,0,0,1,1,1,1,0,1,0,1,0,1,1,0,1,1,1,1,0,0,1,0,0,1,1,0,1,1,1,1,1,1,1,1,0,0,1,0,1,0,1,1,0,0,1,0,0,0,1,0,16,17,text
20,M,1,0,0,0,0,0,1,1,1,0,0,0,0,1,0,1,1,1,0,1,0,1,1,0,0,1,1,0,1,0,1,0,1,1,1,1,1,1,0,0,1,0,0,1,0,0,1,1,1,0,1,0,1,0,0,0,0,1,0,0,14,15,text
17,F,1,1,1,0,0,1,0,0,0,1,1,0,1,1,0,1,1,1,0,1,0,0,1,1,1,0,1,0,1,1,0,0,1,0,1,1,1,1,0,0,0,0,0,0,0,1,1,0,0,0,0,0,1,0,0,1,0,0,1,1,18,11,video
20,F,1,0,1,1,0,0,0,0,0,1,1,0,1,0,1,1,1,1,0,1,1,0,1,0,0,0,0,1,0,0,0,1,1,1,0,0,1,0,0,1,1,0,1,1,1,1,1,0,1,0,0,1,0,1,0,1,1,1,1,1,14,19,text
17,F,0,1,0,0,0,1,1,0,1,1,0,1,1,1,1,1,1,1,0,0,1,1,1,0,0,1,1,0,0,1,0,0,0,0,0,0,1,0,1,1,0,1,1,1,0,0,0,0,1,1,1,1,1,1,1,1,1,0,1,1,18,17,video
17,M,0,0,0,1,0,1,0,1,1,0,1,1,1,1,1,0,1,1,1,1,1,1,1,1,0,0,1,1,0,1,1,0,0,0,1,1,1,1,0,0,1,0,1,1,1,0,1,0,1,1,1,1,0,0,1,0,1,0,0,1,20,17,video
20,F,0,1,1,0,0,1,1,1,0,0,1,1,1,1,1,0,1,1,0,1,1,1,1,0,0,1,1,1,1,1,0,1,1,0,1,1,1,0,1,1,1,1,0,1,0,0,1,1,0,1,0,0,0,0,0,1,1,1,1,1,21,18,video
20,M,1,1,1,0,0,0,1,0,0,0,1,0,1,0,1,0,0,1,1,1,1,1,1,0,1,0,0,0,0,1,1,1,1,1,1,0,1,0,0,0,1,0,1,0,1,0,0,0,0,1,0,1,1,1,1,1,0,1,1,1,15,18,text
20,M,0,1,0,0,0,1,0,0,0,1,0,1,0,0,1,1,0,1,1,0,0,0,1,1,0,1,0,0,1,1,0,0,1,1,0,1,1,0,1,0,1,1,1,1,0,1,0,1,1,0,1,1,1,1,1,0,0,0,0,0,13,17,text
20,M,0,1,0,0,0,1,1,0,0,1,1,1,0,1,0,0,0,0,0,1,1,0,1,1,1,1,0,0,1,0,0,1,0,1,1,1,0,0,0,1,1,1,0,0,0,1,1,1,1,1,1,0,0,0,1,1,1,1,0,1,14,18,text
19,F,1,0,1,0,1,1,0,1,0,0,1,0,1,1,0,1,0,1,0,1,1,0,1,0,1,1,0,1,1,0,1,1,0,0,0,1,1,0,1,1,1,1,1,0,1,0,0,1,1,0,0,1,0,0,0,0,1,1,1,1,17,17,equal
18,F,0,1,1,0,0,0,0,1,0,0,1,1,1,0,1,1,1,1,1,0,1,0,0,0,0,1,1,1,0,1,0,0,0,1,1,0,1,1,0,0,0,1,0,0,1,0,1,0,0,1,0,1,0,0,0,0,1,1,0,0,16,11,video
17,F,0,0,0,0,0,1,0,1,0,1,1,0,1,0,0,0,1,1,0,0,1,1,1,0,1,1,0,1,0,1,0,1,0,0,0,0,1,1,1,1,1,0,0,0,0,1,1,1,0,1,0,1,1,1,1,0,0,0,1,0,14,15,text
20,F,1,1,1,1,1,1,0,1,0,0,1,1,1,1,1,1,0,1,1,1,0,1,0,1,0,1,0,0,1,1,1,1,1,1,1,1,0,0,1,0,0,0,0,1,1,1,0,0,1,0,0,0,1,0,1,1,0,1,0,1,21,16,video
20,M,1,0,0,1,1,1,0,0,1,1,1,1,1,1,1,0,0,0,1,0,0,1,1,0,0,1,1,0,0,0,0,0,1,0,1,0,1,1,0,1,0,1,0,1,1,1,1,0,0,0,1,1,0,0,0,1,0,1,0,0,16,14,video
20,M,1,1,1,0,0,0,1,0,0,0,0,0,0,1,0,1,0,0,1,0,1,0,0,0,0,1,1,1,0,1,0,1,1,0,1,1,0,1,1,1,0,0,0,1,0,1,0,0,0,1,1,0,0,1,1,1,1,0,0,1,12,16,text
19,M,0,1,0,1,0,0,0,0,0,0,0,1,0,0,1,0,0,0,0,1,1,1,1,0,1,0,0,0,1,1,0,1,1,1,1,0,1,0,0,0,0,0,1,1,0,1,1,1,1,0,0,0,1,1,1,0,1,1,1,1,11,18,text
20,F,1,1,0,0,1,0,1,0,1,0,1,1,1,1,0,1,0,0,0,0,1,0,0,0,0,0,1,0,0,1,1,0,1,1,0,1,1,1,0,1,1,1,0,0,0,0,1,0,1,1,0,0,1,0,0,1,1,1,0,0,13,16,text
20,M,0,1,1,0,0,0,0,1,0,1,1,1,0,1,0,0,1,0,1,1,0,1,0,0,1,0,1,1,1,1,0,0,0,0,1,0,0,0,0,1,1,1,0,1,0,0,1,0,1,1,1,0,0,0,1,1,0,1,0,1,16,13,video
20,F,1,0,1,0,1,1,1,0,1,1,0,0,1,0,1,0,1,1,1,0,1,0,1,1,1,1,0,0,0,0,1,1,0,1,1,1,1,0,1,1,1,1,1,1,0,1,0,0,0,1,0,0,1,0,1,1,0,0,0,0,17,17,equal
18,M,1,0,1,0,0,0,0,0,0,1,1,0,0,1,1,1,0,1,0,1,1,0,1,1,1,1,0,1,0,1,1,1,0,0,1,1,1,0,1,1,1,1,1,0,0,1,0,1,0,1,0,1,1,0,0,1,0,1,0,0,16,17,text
19,F,0,0,0,0,1,1,0,1,1,1,1,1,1,1,0,1,0,1,0,1,1,1,1,0,0,1,1,1,1,1,1,0,0,0,0,0,0,1,0,1,1,1,0,1,1,0,1,0,1,1,1,1,1,1,1,0,1,1,1,1,20,19,video
20,F,0,1,0,0,0,1,0,0,1,1,0,0,1,1,1,1,1,1,0,0,0,1,0,1,1,0,1,1,1,1,1,1,1,0,0,0,1,0,0,0,1,0,0,0,0,0,1,0,0,0,0,1,1,1,0,1,1,1,1,0,17,13,video
17,M,0,0,0,0,0,0,1,0,1,0,1,0,0,0,0,1,1,1,1,1,1,1,0,0,1,1,1,1,1,1,0,1,0,0,1,1,0,1,1,0,0,1,0,1,1,1,1,1,1,1,0,0,1,1,1,0,0,1,1,0,16,18,text
17,M,0,1,1,1,0,0,1,1,1,1,1,1,1,1,0,1,1,1,1,0,0,1,0,0,1,1,0,1,1,1,1,0,0,0,1,0,1,0,0,1,1,1,1,0,0,1,1,0,1,0,1,0,0,0,1,0,0,0,1,1,21,14,video
17,M,0,0,0,0,0,0,0,0,1,0,0,0,0,0,0,1,1,1,1,1,1,1,0,1,0,0,1,1,0,0,0,1,0,1,0,1,1,1,1,0,1,0,1,0,1,1,0,1,1,1,1,0,0,1,0,1,1,1,0,1,11,19,text
19,M,1,1,1,1,1,1,0,0,0,0,0,0,1,1,0,0,1,1,0,1,1,0,1,0,0,1,1,1,1,0,0,1,0,0,1,0,1,1,1,1,1,1,1,1,0,0,1,0,0,1,1,0,0,0,0,0,1,0,0,1,17,15,video
19,F,1,1,1,1,1,0,1,1,1,0,1,0,0,0,1,0,0,0,1,0,0,1,1,0,1,0,1,1,0,1,0,0,1,1,0,0,0,1,1,1,0,0,0,0,1,1,0,0,1,1,1,0,1,1,0,1,0,1,1,1,17,16,video
17,M,0,0,0,0,0,1,0,1,1,1,0,1,1,0,1,0,0,1,1,0,1,1,1,1,1,1,0,1,0,1,1,1,0,1,1,1,1,0,0,1,0,1,1,1,0,0,1,1,1,0,0,1,0,0,0,1,1,0,0,1,17,17,equal
20,M,1,0,0,0,0,0,1,0,0,0,0,0,1,0,0,0,0,1,0,0,0,1,0,1,0,1,0,1,1,0,1,1,1,1,1,1,1,1,1,0,1,1,1,0,0,1,1,1,0,1,0,0,0,0,0,0,0,1,1,1,9,19,text
19,M,1,0,0,0,1,0,1,0,0,1,1,1,0,1,0,0,0,0,1,0,0,0,1,1,1,1,1,1,0,1,0,0,1,0,1,1,1,1,1,0,1,1,1,0,0,0,1,1,1,1,0,1,0,0,1,0,1,0,0,1,15,17,text
17,F,0,1,0,0,0,0,1,0,1,1,1,0,1,0,1,0,0,1,1,0,1,1,0,1,1,1,1,1,1,1,0,1,1,0,1,1,1,1,0,0,1,1,1,1,1,0,0,0,1,1,1,1,0,1,1,1,0,1,0,1,18,20,text
17,F,1,0,0,0,1,1,0,0,1,1,1,0,1,0,0,0,0,1,0,0,0,0,0,1,1,0,1,1,1,0,0,1,0,0,1,1,1,0,0,0,0,1,0,1,1,1,0,0,0,1,1,1,1,0,1,1,0,1,0,0,13,15,text
20,M,1,0,1,1,1,1,0,0,0,1,1,1,1,1,0,1,1,0,1,0,0,1,1,0,1,1,0,1,1,0,0,1,1,0,1,0,1,0,1,1,0,0,0,1,0,0,1,1,1,1,0,1,1,1,1,1,1,1,0,1,19,19,equal
18,F,0,1,1,1,1,0,0,0,1,1,1,1,1,1,1,0,0,1,1,0,0,1,0,0,1,1,1,1,1,0,0,1,1,0,1,1,1,0,1,0,1,1,0,1,1,0,0,0,1,0,1,0,1,0,1,0,0,0,0,1,19,15,video
19,M,0,1,0,0,1,1,0,1,1,1,1,1,1,0,1,1,1,1,0,1,0,1,1,0,1,0,1,0,0,0,1,1,0,0,1,1,1,0,0,1,0,0,1,1,0,1,0,1,1,1,1,0,1,0,1,1,0,1,1,0,18,18,equal
20,F,0,0,0,1,1,1,1,1,0,1,0,1,1,0,1,1,1,0,1,1,0,1,0,1,1,0,0,0,0,1,1,1,1,0,0,1,0,1,0,1,1,1,1,1,1,1,1,0,1,1,0,0,0,0,0,0,0,1,0,1,17,17,equal
17,F,1,1,0,0,0,1,1,0,0,0,0,1,1,1,1,1,1,1,0,0,0,1,1,1,0,1,1,0,1,0,1,1,1,1,1,1,1,0,1,1,1,0,0,0,1,1,0,1,1,1,0,1,0,1,0,1,1,0,1,0,17,20,text
17,F,1,1,1,0,0,1,1,1,0,0,0,1,1,1,0,0,1,1,1,1,0,1,0,0,0,0,0,0,1,0,0,1,1,0,0,0,1,0,1,1,0,0,1,0,1,1,0,1,1,0,0,0,0,1,1,0,1,0,0,0,15,13,video
20,F,0,1,0,0,0,1,0,1,0,1,0,1,1,1,1,0,0,1,1,1,0,1,1,1,1,1,1,0,0,1,0,1,0,0,0,1,1,1,0,1,0,1,0,1,0,0,1,0,0,0,0,0,1,1,0,0,1,1,0,0,18,12,video
19,M,0,1,0,1,0,0,1,0,1,0,1,1,0,1,1,1,0,1,1,0,1,1,1,1,1,0,1,1,1,1,1,0,1,1,1,0,0,1,1,0,0,0,0,1,0,1,0,1,1,1,1,1,1,1,1,0,1,0,1,1,20,19,video
18,M,0,1,1,1,0,1,1,0,1,0,0,1,1,0,0,0,1,1,0,1,0,1,0,1,1,0,1,1,1,0,0,1,1,0,1,1,0,1,0,1,1,1,0,1,1,1,1,1,1,0,0,1,1,0,0,1,1,1,1,1,17,21,text
18,M,0,1,1,1,0,1,1,1,1,0,1,1,1,0,1,1,1,0,0,1,1,1,0,1,0,0,1,1,0,1,0,1,1,0,1,1,0,1,0,1,1,0,1,0,1,1,0,0,0,1,0,1,0,1,1,1,1,0,1,0,20,17,video
17,F,0,1,1,0,0,1,0,1,1,1,1,1,1,0,0,1,0,1,1,0,1,0,1,1,1,0,0,0,1,1,1,1,1,0,0,1,1,1,0,0,1,1,0,1,0,1,0,1,1,0,1,1,1,0,0,1,1,1,0,0,18,18,equal
19,M,0,1,1,0,1,1,0,0,0,1,1,0,0,1,0,0,1,0,1,1,1,1,0,0,0,1,1,1,1,1,1,0,0,1,1,0,1,1,1,0,0,1,0,0,1,1,1,0,1,0,1,1,1,1,1,1,0,0,1,0,17,18,text
18,M,1,1,1,1,1,0,1,1,0,0,0,1,1,0,0,1,1,1,1,0,1,0,1,0,1,1,1,0,0,1,0,1,0,0,1,1,1,0,1,1,0,1,1,1,0,1,1,1,1,0,0,0,1,1,1,1,0,1,1,1,19,20,text
19,M,0,1,0,0,0,1,1,0,1,1,0,1,0,0,0,1,1,1,1,1,1,1,1,0,1,1,0,0,1,0,1,0,1,0,0,1,0,1,1,0,1,1,0,0,1,0,0,1,0,0,0,1,1,0,1,0,1,0,1,0,17,14,video
19,F,1,1,0,0,1,0,0,0,1,1,1,1,1,0,0,0,1,1,1,1,0,1,0,1,1,0,1,1,1,0,1,1,0,1,1,0,0,0,1,0,1,1,0,1,0,0,0,0,1,1,1,1,0,1,0,0,0,0,1,0,18,14,video
17,F,0,0,0,0,0,1,1,1,0,1,1,0,1,0,0,1,0,0,1,0,0,1,1,1,1,1,0,1,0,1,0,0,0,1,1,1,0,1,1,1,0,0,1,0,1,1,1,1,1,1,0,1,1,0,0,0,1,0,1,1,15,18,text
18,F,1,0,0,1,1,0,1,1,1,0,1,0,0,0,1,1,1,1,0,0,0,0,0,1,0,1,0,1,0,1,1,1,1,0,1,0,0,1,1,1,1,0,1,1,1,0,1,0,1,0,0,0,0,1,0,0,1,1,1,0,15,17,text
20,M,0,0,0,0,1,1,0,0,1,1,1,1,1,1,1,1,0,1,0,0,1,0,0,1,1,1,0,1,1,0,1,0,0,1,0,0,1,0,0,0,1,1,0,0,1,0,1,1,0,1,1,0,0,0,0,1,1,0,1,0,17,13,video
17,M,1,0,1,0,1,1,1,0,1,0,0,0,1,0,0,1,1,0,0,1,0,1,1,1,1,0,1,1,1,1,1,1,1,1,0,1,1,1,1,1,1,0,0,0,0,1,0,0,1,1,1,1,1,0,0,1,1,1,1,0,18,20,text
18,M,0,0,1,0,1,0,0,1,0,1,1,1,0,1,0,0,1,1,0,1,1,0,0,1,0,1,1,0,0,1,0,1,1,0,1,1,1,1,0,0,1,1,0,1,1,0,0,0,0,1,0,1,1,1,1,1,1,1,1,1,15,20,text
18,F,1,0,1,1,1,0,1,1,1,1,1,1,1,0,1,1,0,0,0,1,1,0,0,1,1,0,1,1,1,0,1,1,1,1,1,0,1,1,0,1,0,0,1,1,0,1,0,0,1,1,1,1,1,1,1,0,0,1,1,1,20,21,text
18,F,0,0,1,1,1,0,0,0,1,0,1,1,1,1,0,1,0,1,1,1,1,1,1,1,0,0,0,1,1,1,0,1,1,0,1,1,0,1,0,0,1,0,1,0,1,0,0,0,0,1,1,1,1,0,0,1,1,0,1,0,19,15,video
18,M,0,1,1,0,1,0,1,1,0,1,1,1,0,0,0,0,1,1,1,0,1,0,0,0,1,1,1,1,0,1,1,1,0,1,1,0,1,0,0,0,0,1,0,1,1,1,1,0,0,1,1,1,0,1,1,1,1,1,1,1,17,20,text
18,F,0,0,0,1,1,1,1,1,1,0,1,1,1,0,0,1,0,0,0,1,0,1,0,1,0,0,1,0,1,1,0,0,0,0,0,1,1,0,0,1,1,0,1,1,1,1,0,1,1,1,0,1,1,0,1,0,0,1,1,1,16,17,text
19,F,1,0,1,1,0,0,0,1,1,1,0,1,1,0,1,1,1,1,1,1,0,1,1,0,0,0,0,0,1,0,1,0,1,0,0,0,1,1,1,0,1,0,1,0,1,1,1,1,1,0,1,0,0,1,0,1,1,0,0,0,17,16,video
17,F,1,1,1,1,1,1,1,0,0,0,0,1,0,1,1,1,1,1,1,1,1,1,0,1,1,0,0,1,0,1,0,0,0,1,1,1,1,0,1,0,1,1,1,1,0,0,1,0,1,1,0,0,0,0,1,1,1,0,0,0,21,15,video
19,F,1,1,0,1,0,1,0,1,1,1,0,1,0,0,1,0,0,1,1,1,1,1,1,0,1,0,1,1,0,0,1,0,0,1,1,0,0,0,1,1,0,0,0,1,0,1,0,1,0,1,0,0,1,1,1,1,1,1,0,0,18,15,video
20,M,1,1,1,0,1,0,1,1,1,1,1,1,1,0,1,0,1,1,0,0,1,0,0,0,1,0,0,0,0,0,1,1,1,1,0,1,0,1,0,0,1,0,1,1,0,0,1,1,1,0,0,1,0,1,0,1,1,1,1,1,16,19,text
18,F,1,1,1,1,1,0,1,0,0,1,0,1,0,0,1,1,1,0,0,1,0,1,1,0,1,0,0,0,1,1,1,1,1,0,1,1,0,1,1,0,1,0,1,1,0,1,1,1,1,1,1,0,0,1,0,0,0,1,0,1,17,19,text
17,F,1,0,0,1,0,1,1,1,1,1,1,0,0,1,0,1,1,0,0,0,0,0,1,0,1,0,1,1,0,1,0,0,0,1,0,1,0,0,1,1,1,1,0,1,1,0,0,1,1,0,1,1,1,0,1,0,0,1,0,1,16,16,equal
18,F,0,1,0,1,1,1,0,0,1,0,0,0,1,1,1,1,1,1,1,0,0,0,1,1,1,1,1,1,1,0,0,0,1,0,1,1,1,0,1,1,0,0,0,1,0,0,1,0,1,0,0,0,1,0,1,1,1,1,1,0,19,15,video
17,F,0,1,1,0,1,1,1,1,1,0,1,1,1,0,1,1,1,1,1,1,0,0,1,1,1,0,1,0,0,0,1,1,0,1,0,1,1,1,1,0,0,0,1,1,0,1,0,1,0,1,1,1,1,0,0,1,1,1,1,1,20,20,equal
19,M,0,0,1,1,1,1,0,1,0,1,0,1,1,1,0,1,1,1,0,1,0,1,1,0,1,0,1,0,0,0,0,0,0,0,0,1,1,1,1,1,1,1,0,1,1,0,0,1,0,1,0,0,0,0,0,1,1,0,0,0,17,13,video
17,M,1,1,0,0,1,1,1,0,1,1,1,1,1,0,1,0,1,1,1,0,0,1,1,0,0,1,0,1,1,1,0,1,0,0,1,0,1,0,0,1,1,1,1,1,1,1,1,0,1,0,1,0,0,1,1,0,1,1,1,1,20,19,video
20,F,1,0,1,0,0,1,1,0,1,1,1,1,0,0,1,1,0,1,1,0,0,1,1,1,1,0,1,1,1,0,0,0,0,1,1,0,0,1,0,0,1,0,1,1,1,1,0,0,1,1,1,1,0,1,1,1,0,0,1,0,19,16,video
20,F,1,1,0,1,1,1,1,1,1,1,1,1,1,1,1,0,1,1,0,1,0,0,0,0,1,0,1,1,0,1,0,1,0,1,0,1,1,1,1,0,1,0,0,1,0,1,0,0,0,1,0,1,1,1,1,1,0,0,0,0,21,15,video
17,F,0,1,1,1,0,1,1,1,0,1,0,1,1,1,0,1,1,0,1,0,1,1,1,1,0,0,1,0,1,1,0,1,0,0,1,0,0,1,0,1,1,0,0,1,1,0,1,1,1,0,0,0,0,0,0,0,0,1,1,0,20,12,video
17,F,0,0,1,0,1,0,0,1,1,0,0,1,1,0,1,1,1,1,0,0,1,0,0,0,1,0,1,1,1,0,0,0,1,0,0,0,1,0,1,0,0,1,0,0,1,0,1,0,1,1,0,1,1,0,0,0,0,0,1,1,15,12,video
17,F,1,0,1,0,1,1,1,0,0,0,0,0,1,1,1,1,0,1,1,1,0,1,1,0,0,1,1,1,0,1,1,0,1,0,1,0,0,1,1,0,0,0,1,0,0,1,1,0,1,0,0,1,0,1,1,0,0,1,1,1,18,15,video
17,F,0,0,0,1,1,1,0,0,0,0,1,1,1,1,0,0,0,0,0,1,1,0,1,1,1,0,1,0,0,0,0,0,0,0,1,0,1,1,0,1,1,1,1,1,1,1,1,1,1,0,1,0,1,1,1,1,1,1,1,0,13,21,text
20,M,1,0,1,1,0,1,0,1,1,0,0,1,0,0,1,0,1,1,1,1,1,0,0,1,0,1,0,1,0,0,1,1,0,1,1,1,1,1,0,0,1,1,1,1,0,1,1,1,0,1,0,0,1,1,1,1,0,0,1,1,16,21,text
18,F,0,0,1,0,1,1,0,0,1,1,1,1,1,1,1,0,0,1,0,0,1,1,1,1,1,1,1,0,1,0,0,0,0,1,1,1,1,0,1,0,0,1,0,1,1,0,0,0,0,0,1,0,1,1,0,0,1,1,0,1,19,14,video
17,M,1,0,1,0,0,0,0,1,0,1,1,1,1,0,0,1,0,0,1,1,0,1,1,1,1,0,1,1,1,1,0,0,0,1,1,1,0,1,0,0,1,0,1,1,1,1,0,0,0,0,0,0,0,1,0,0,1,1,0,0,18,12,video
17,M,1,0,0,1,1,1,1,1,1,1,0,1,0,1,1,0,1,1,0,0,0,0,0,1,1,1,1,1,0,1,1,1,1,1,1,1,1,1,0,1,0,1,0,1,1,0,0,0,1,1,1,1,1,1,1,0,0,1,0,0,19,20,text
20,F,0,1,1,1,1,1,0,1,1,0,1,1,1,1,0,0,0,1,0,1,1,1,0,0,0,0,1,1,0,0,1,1,1,0,1,1,1,0,1,1,1,1,1,1,1,1,1,1,1,1,1,1,1,0,0,1,1,0,1,0,17,24,text
20,M,0,1,0,1,0,1,0,1,0,1,1,1,0,1,1,0,0,1,0,1,0,0,0,1,0,1,1,0,1,1,0,0,1,1,1,0,1,1,1,0,1,0,0,1,1,0,1,0,0,0,0,1,0,1,1,1,0,0,0,1,16,15,video
19,M,0,1,1,0,0,0,1,1,1,0,1,0,1,1,0,0,0,0,0,0,0,0,0,1,1,1,1,1,1,0,1,1,0,0,1,0,1,0,1,1,0,0,1,1,0,0,0,1,0,0,1,1,0,1,1,1,0,1,0,1,14,16,text
17,M,0,1,1,0,0,0,0,0,1,1,0,1,0,1,0,1,1,1,0,1,0,0,0,0,0,1,1,0,0,1,1,0,1,1,0,0,0,0,1,1,0,1,0,1,1,1,0,1,1,0,0,1,1,1,0,0,0,0,0,1,13,15,text
19,M,0,1,1,1,1,1,1,0,1,1,1,1,1,1,1,0,1,1,1,1,0,1,1,1,1,1,0,1,1,0,1,0,0,0,0,1,1,0,1,1,1,0,0,1,0,0,0,0,1,1,1,0,1,0,1,1,0,0,1,1,24,15,video
20,M,0,0,1,1,1,0,0,1,0,0,1,0,0,1,0,1,0,0,1,1,0,1,1,1,0,0,1,0,1,0,1,0,0,1,1,1,1,1,0,0,1,1,1,1,0,1,1,1,1,1,0,0,1,0,0,0,0,0,1,1,14,18,text
20,M,0,1,1,1,1,0,1,0,0,0,1,0,0,0,0,1,1,0,0,0,1,0,1,1,1,1,1,0,0,0,0,0,1,0,1,0,0,1,0,1,1,0,1,1,0,0,1,0,1,0,1,0,0,1,1,1,0,1,0,1,14,15,text
18,F,0,1,0,0,0,0,1,1,1,0,1,0,1,0,1,1,1,0,1,0,1,0,1,0,1,0,1,0,0,1,1,0,0,0,0,0,1,1,1,0,1,0,0,0,1,1,1,1,1,1,0,0,0,1,0,0,0,0,0,1,15,13,video
17,M,1,0,0,1,1,1,1,1,0,1,0,0,1,0,0,1,1,0,0,1,1,1,1,1,0,0,1,0,1,1,0,0,1,1,1,0,0,0,1,1,0,1,1,0,0,0,1,1,0,1,1,1,1,1,1,1,1,1,0,1,18,19,text
19,M,1,1,1,0,1,0,1,1,1,0,1,0,0,0,1,0,1,0,1,1,1,1,1,0,0,1,1,1,1,0,1,1,1,1,1,1,1,1,1,1,1,0,1,0,0,1,0,0,1,1,1,0,1,0,1,0,1,0,0,1,19,20,text
20,M,0,1,1,0,0,0,1,1,1,1,1,0,1,0,1,1,1,1,0,1,1,0,1,1,1,1,1,1,0,0,0,1,1,0,1,1,1,0,1,0,0,1,1,0,0,1,1,0,0,0,1,0,1,0,0,1,1,0,0,0,20,14,video
20,F,1,1,1,0,1,0,0,1,0,1,1,1,1,0,1,1,0,1,1,1,0,0,1,0,1,1,1,0,1,0,0,1,0,0,1,0,0,0,1,1,0,1,1,0,1,1,1,0,1,0,0,1,1,1,0,0,0,1,1,1,19,16,video
19,M,1,1,1,0,1,1,1,0,0,0,1,0,0,1,1,1,1,0,0,0,1,0,1,1,0,1,0,0,0,1,0,0,0,0,1,0,0,1,0,0,1,1,1,0,0,1,0,1,1,1,1,1,0,0,1,1,1,1,1,0,16,16,equal
18,F,0,0,0,0,0,1,0,0,0,0,1,1,1,1,1,1,1,0,1,1,1,1,1,1,0,1,0,0,0,1,1,1,1,0,1,1,1,1,0,1,0,1,1,0,0,1,1,1,0,0,1,1,1,0,1,1,0,1,1,1,16,21,text
20,M,1,1,1,1,0,1,1,1,0,0,1,1,1,0,0,0,1,0,0,0,0,1,1,1,0,0,1,1,1,0,1,0,0,1,1,1,1,1,1,1,0,1,0,1,0,0,0,1,1,0,1,1,0,0,0,1,1,1,0,1,17,18,text
17,F,1,1,1,1,0,0,1,0,1,0,1,1,1,1,1,0,0,1,0,1,0,0,0,1,1,1,1,0,1,1,1,0,1,0,1,1,1,0,1,0,1,0,0,1,1,1,0,0,0,1,1,1,0,1,1,0,0,1,0,1,19,17,video
20,F,1,1,0,1,0,1,0,0,0,0,1,0,0,0,0,0,1,1,1,0,1,0,1,1,0,0,0,1,1,1,1,0,1,0,1,0,1,0,0,1,1,1,0,1,1,0,0,1,0,1,0,1,1,0,1,1,0,0,1,0,14,16,text
17,M,1,1,1,1,0,1,1,1,0,1,1,1,0,0,0,1,0,0,1,0,1,1,0,0,1,1,0,1,1,1,0,0,1,1,1,1,1,1,0,0,1,1,1,1,0,1,0,1,0,0,1,1,0,1,1,1,1,1,1,0,19,20,text
19,M,0,0,1,1,1,1,0,1,1,0,1,1,1,0,1,1,1,0,1,0,0,0,1,1,1,1,0,1,1,1,1,1,1,1,0,0,0,1,1,1,1,1,0,1,1,0,0,1,1,0,1,0,1,1,1,0,0,0,0,1,20,18,video
17,F,0,1,1,1,0,1,1,1,0,0,0,0,1,0,1,1,1,1,1,1,0,0,1,1,0,0,0,1,1,1,0,0,0,1,0,1,0,1,0,0,1,1,1,0,0,1,0,1,1,1,1,0,0,1,0,0,1,1,0,0,18,14,video
19,M,0,1,1,1,0,1,0,0,0,1,0,1,1,0,1,1,1,1,1,1,1,0,1,1,1,0,0,0,1,1,1,1,0,1,0,1,1,1,1,1,1,0,1,0,0,0,1,0,0,1,1,1,1,0,0,0,1,0,0,1,19,17,video
17,F,1,1,1,0,1,0,1,0,1,0,1,0,1,1,1,1,0,0,0,0,1,0,1,0,1,0,1,1,1,1,0,1,1,0,0,1,0,1,0,1,0,0,1,0,0,1,0,0,1,1,1,1,1,1,0,0,0,0,1,0,18,14,video
19,F,1,1,0,1,0,1,1,1,1,1,1,1,0,1,1,0,0,1,0,0,1,1,0,1,1,1,0,0,0,0,1,1,1,1,1,0,0,1,1,0,1,0,1,1,1,1,1,1,0,1,1,0,0,1,1,1,0,0,0,0,18,19,text
17,F,1,1,0,0,1,1,1,1,1,1,0,1,0,1,1,0,0,1,0,0,1,1,0,1,1,1,1,0,1,1,1,1,0,1,0,1,1,0,0,0,0,1,0,0,1,0,0,0,1,0,1,1,0,0,1,1,1,0,1,0,20,14,video
18,F,1,0,0,0,0,1,1,1,0,0,0,0,1,1,1,1,1,1,1,0,1,0,1,1,0,1,0,1,1,1,1,0,0,0,1,0,1,1,1,1,1,0,1,0,1,0,1,1,1,0,0,0,1,1,1,1,0,1,1,1,18,19,text
17,F,1,1,0,1,1,1,1,0,0,1,1,1,0,1,0,1,0,1,1,0,0,0,0,0,1,0,0,1,0,1,1,0,1,1,0,1,1,0,0,0,0,0,1,1,0,1,1,0,1,1,0,0,1,1,1,1,0,0,1,0,16,16,equal
17,M,1,0,1,1,1,1,1,0,0,0,1,0,0,1,0,0,1,0,0,1,0,1,1,0,1,0,1,1,1,1,0,0,1,1,0,0,1,0,0,0,1,0,0,0,0,1,1,1,1,1,1,0,0,1,0,1,1,0,1,0,17,14,video
18,F,1,0,0,0,1,0,0,1,1,1,1,0,1,0,1,1,1,0,1,0,1,0,0,0,1,1,1,0,1,1,1,0,1,1,1,0,1,1,1,1,1,1,0,1,1,0,1,0,1,0,0,1,1,1,0,1,0,0,1,0,17,19,text
20,F,1,1,0,0,1,0,0,1,0,0,1,0,1,1,0,0,0,1,0,1,1,1,1,1,0,0,0,0,1,0,1,1,1,1,1,1,0,0,0,0,0,1,1,1,1,0,0,0,1,0,0,1,1,0,1,0,0,0,1,0,14,15,text
20,M,0,1,0,1,1,1,0,0,1,1,0,0,1,1,0,1,1,1,0,0,1,1,1,1,1,1,1,1,0,0,0,1,1,1,0,1,1,0,1,0,0,1,1,1,1,0,1,1,1,1,1,0,1,1,0,0,1,1,1,1,19,21,text
17,F,1,1,1,0,1,1,0,0,1,1,0,0,1,0,0,0,1,0,0,1,0,1,1,1,0,1,0,0,1,1,0,1,0,0,0,1,1,1,0,1,1,1,1,0,0,0,0,1,1,1,1,0,0,0,0,1,1,0,0,1,16,15,video
18,M,0,0,1,1,1,1,1,1,1,1,0,0,1,0,1,0,0,0,1,0,1,1,1,0,0,1,1,1,1,0,1,1,0,1,1,0,0,1,1,0,1,1,0,0,0,0,1,0,0,0,0,0,0,1,1,1,1,1,1,0,18,15,video
17,M,1,1,1,0,1,0,1,0,1,1,1,1,1,1,1,1,0,0,1,1,1,1,0,0,1,1,0,1,1,0,1,1,1,1,0,1,1,0,1,1,1,0,0,0,1,1,1,1,1,1,0,0,1,0,0,0,1,0,0,0,21,17,video
19,M,1,1,0,1,0,1,0,0,1,0,0,1,0,0,1,1,1,1,1,1,1,1,1,1,1,0,1,1,1,1,0,1,1,0,1,1,1,0,0,0,0,1,0,1,1,0,1,1,1,0,1,1,0,1,1,0,0,0,0,1,21,16,video
19,F,1,0,1,0,1,1,0,0,0,0,1,0,1,0,1,1,0,1,1,1,0,0,0,0,1,1,1,1,1,1,0,1,1,1,0,1,1,1,1,0,1,0,0,0,0,1,1,0,0,1,0,1,1,1,1,1,1,1,0,1,17,19,text
17,F,1,0,1,0,0,0,0,1,0,0,1,0,1,0,1,0,0,0,0,1,1,0,1,1,1,1,0,1,0,0,1,0,0,0,0,1,1,1,0,0,1,1,1,0,1,0,0,0,0,1,0,0,1,1,1,0,0,0,0,1,13,13,equal
20,F,1,1,1,0,1,1,0,1,0,0,1,0,1,0,0,1,1,0,1,0,1,1,0,1,0,1,1,0,1,0,0,0,1,0,1,0,1,0,1,1,1,1,1,1,0,1,0,0,0,1,1,1,1,1,0,1,1,1,0,0,17,18,text
20,M,0,0,0,1,0,1,1,1,1,0,1,1,1,1,0,1,1,1,1,0,1,1,1,1,0,1,0,0,1,0,0,0,1,0,0,1,0,1,0,1,1,1,0,1,1,0,0,1,1,0,0,0,0,1,0,1,1,1,0,1,19,15,video
17,F,0,0,1,1,1,1,0,0,1,0,0,1,1,1,0,0,1,1,0,0,1,1,0,1,1,0,1,0,1,1,0,1,0,1,0,0,1,0,0,1,1,0,1,1,0,1,0,1,1,0,0,1,1,1,0,1,1,0,0,0,17,15,video
17,M,1,1,1,0,1,0,1,1,1,0,1,1,0,1,1,1,0,1,0,0,0,1,0,1,1,1,0,1,1,0,1,1,1,0,1,1,1,0,0,0,1,0,1,1,0,1,1,0,1,1,0,1,1,0,1,1,1,1,0,0,19,19,equal
19,F,1,1,0,0,1,1,0,0,1,0,1,1,1,1,0,1,1,0,1,0,1,0,1,1,0,0,0,0,1,1,1,1,1,1,0,1,0,1,0,1,0,0,1,0,0,1,1,1,1,1,1,0,0,1,1,0,1,0,1,0,17,18,text
20,M,0,0,0,0,1,1,1,0,0,1,1,1,0,0,1,0,1,1,0,0,0,1,1,1,1,1,1,1,1,0,1,0,1,1,1,1,1,1,1,0,0,0,1,1,0,1,0,0,1,1,0,0,1,1,0,1,1,0,0,1,17,18,text
17,F,0,0,1,1,1,1,1,1,0,0,1,0,1,0,0,0,1,1,1,1,0,0,0,1,0,1,1,0,1,1,1,0,1,1,0,0,0,0,0,0,1,0,0,0,0,0,1,1,1,1,1,1,0,1,1,0,1,1,1,1,17,16,video
19,F,1,0,0,1,0,0,0,0,0,0,1,1,1,1,1,1,1,1,1,0,0,1,1,1,1,1,0,1,0,0,0,0,0,0,1,0,0,0,1,1,1,1,0,1,1,0,1,1,0,0,0,0,1,1,1,1,0,1,1,0,17,15,video
20,F,1,1,1,1,1,0,0,0,1,1,1,1,1,0,1,0,0,1,0,1,1,0,1,0,0,0,0,1,1,1,1,0,1,0,0,0,1,1,1,0,1,0,1,1,1,0,0,1,0,1,0,1,0,0,1,1,1,1,0,1,18,17,video
18,M,1,1,0,1,0,0,1,1,1,1,1,1,0,1,0,0,1,1,0,0,1,1,1,1,1,1,0,1,1,1,1,0,1,1,1,0,0,0,1,1,0,0,0,1,1,1,1,1,1,1,0,1,1,0,1,1,0,1,0,1,21,19,video
19,M,0,1,0,1,1,1,0,1,0,0,0,1,0,1,1,1,0,1,1,1,1,1,1,1,1,0,1,1,1,0,1,0,0,0,1,1,1,1,1,1,1,1,1,0,1,1,1,0,0,0,0,1,1,0,1,1,0,1,0,1,20,19,video
20,F,1,1,1,0,1,1,1,1,1,0,1,0,1,1,1,1,0,1,0,0,1,0,1,1,0,1,1,0,0,1,0,0,0,1,0,0,1,0,1,1,1,0,1,0,1,1,0,1,1,1,0,0,0,1,1,0,0,0,0,1,20,14,video
20,F,0,1,0,1,0,1,0,0,1,1,0,0,1,1,0,1,1,0,1,1,1,0,1,0,0,1,0,1,0,1,1,0,1,1,1,1,0,1,0,1,0,0,0,1,1,1,1,1,0,0,1,1,0,0,1,0,0,0,0,1,16,16,equal
19,M,0,1,1,0,1,0,1,1,0,1,0,1,1,0,1,1,0,1,1,0,0,1,1,0,1,1,0,1,0,0,1,1,1,1,1,1,1,1,0,1,0,0,1,1,0,1,0,0,0,0,1,0,1,1,1,0,0,1,0,1,17,18,text
18,M,0,0,1,1,0,1,0,1,0,1,1,1,0,1,0,1,1,0,1,1,1,0,0,1,1,1,0,1,0,1,1,0,1,1,1,1,1,1,1,1,0,0,1,1,1,1,0,0,1,1,1,0,0,1,1,1,0,1,1,1,18,22,text
19,M,0,1,0,1,1,0,0,1,0,1,1,1,1,0,1,1,1,1,0,0,1,1,0,1,1,1,1,0,1,0,1,1,0,1,0,0,1,0,1,1,0,0,1,1,1,1,1,1,0,0,1,1,1,1,1,0,1,1,0,0,19,19,equal
20,F,1,1,0,0,0,1,0,1,1,0,0,0,0,1,1,0,1,1,1,1,0,1,1,0,1,0,1,0,1,1,1,1,0,1,1,1,1,1,0,1,0,1,1,0,0,0,1,1,0,0,0,0,1,0,1,0,0,1,0,0,17,15,video
17,M,1,1,0,1,0,1,0,0,1,1,0,1,1,0,0,0,0,1,0,1,1,0,1,1,0,1,1,1,1,0,1,0,1,0,1,1,1,1,0,1,0,1,1,0,0,0,1,0,1,0,0,0,0,0,0,0,1,1,1,0,17,14,video
17,F,1,1,1,0,0,1,1,0,1,1,1,1,0,0,0,0,0,0,1,1,0,0,1,1,1,1,1,1,0,0,0,0,0,1,1,1,1,1,1,0,1,1,0,0,0,1,0,1,1,0,1,0,0,1,1,1,0,1,1,1,17,18,text
19,M,0,0,1,1,1,0,1,0,1,0,1,0,1,1,0,0,1,0,0,0,1,1,1,0,0,0,1,1,0,1,1,0,0,1,1,1,0,1,1,1,1,0,1,1,0,0,1,1,0,1,0,1,1,1,1,1,0,1,0,0,15,19,text
20,F,0,1,1,0,1,1,0,0,0,0,1,1,1,1,1,0,1,0,1,1,1,0,1,1,0,1,1,0,1,1,1,0,0,1,1,0,0,0,0,0,1,0,0,0,1,0,0,0,1,0,1,0,0,1,1,1,0,1,1,0,19,12,video
17,M,0,0,1,1,1,1,1,1,1,0,0,0,1,1,1,0,1,1,1,1,1,1,1,0,1,0,1,1,1,1,0,0,1,0,1,0,0,0,1,0,0,1,0,0,1,0,0,0,0,1,1,0,0,0,1,0,1,0,0,1,22,10,video
20,M,1,1,1,1,1,1,1,1,0,1,1,0,0,0,0,0,0,1,0,0,0,0,1,1,0,1,0,1,0,0,1,0,0,1,1,1,1,0,1,0,0,1,0,0,0,1,1,0,1,0,1,1,0,1,1,1,1,1,0,0,15,17,text
19,M,1,1,1,0,0,1,1,0,0,1,1,0,1,0,1,0,1,0,1,1,1,0,1,1,1,1,1,1,0,0,1,0,0,0,0,1,1,1,0,0,0,0,1,0,1,0,1,1,1,0,0,1,1,1,1,1,0,0,0,1,19,15,video
17,M,0,0,1,0,1,1,1,1,1,1,0,1,1,1,1,1,1,1,0,0,1,1,0,1,1,1,0,0,0,1,0,1,1,1,0,0,0,1,0,0,1,1,0,0,0,1,1,0,0,1,0,1,1,1,0,1,0,0,0,1,20,14,video
20,M,1,1,0,0,1,1,1,1,1,1,0,1,1,1,1,1,0,1,0,1,1,1,0,1,1,1,0,1,1,1,0,0,1,1,0,1,1,0,0,1,1,1,1,1,1,1,0,1,1,0,1,0,0,0,1,1,1,1,0,0,23,18,video
17,F,1,1,1,0,1,0,0,1,1,0,0,0,0,1,0,1,1,1,0,1,0,0,0,0,1,0,0,0,0,1,0,1,0,1,0,1,0,1,1,0,0,0,1,1,1,0,1,0,0,0,0,0,1,1,1,1,1,0,1,0,13,15,text
19,M,1,1,0,1,0,1,0,0,1,0,0,1,1,1,0,1,1,1,1,0,0,1,0,0,1,1,0,0,0,1,0,0,1,0,0,1,0,1,1,1,1,0,1,1,0,0,1,0,1,0,0,1,1,1,1,1,1,1,1,1,16,19,text
20,M,0,1,0,0,0,0,1,0,1,0,1,0,1,0,1,1,0,0,1,1,1,0,0,0,1,1,0,1,1,1,1,0,0,1,1,1,0,0,0,1,0,0,1,0,1,1,1,1,0,0,1,1,1,0,1,0,0,0,1,1,15,16,text
17,M,0,0,1,0,1,1,1,1,1,0,1,1,1,1,1,1,0,0,0,1,0,1,1,1,1,0,1,1,1,0,1,1,0,1,1,1,0,1,0,0,0,0,1,1,0,0,1,1,1,0,0,1,1,1,0,0,0,0,1,0,20,15,video
19,F,0,1,0,0,1,0,1,1,0,1,1,0,1,1,1,1,1,0,1,0,1,0,0,1,0,0,0,1,0,0,0,1,0,1,0,0,1,0,0,0,1,0,1,1,1,1,0,1,1,1,1,1,0,1,0,0,0,0,0,1,15,15,equal
17,M,1,1,1,1,0,1,1,0,1,1,1,1,1,1,1,0,0,1,0,0,1,0,0,1,1,1,1,0,0,1,0,1,1,0,1,1,0,1,1,0,1,1,0,0,1,1,0,1,0,1,0,1,0,1,1,1,1,0,0,0,20,17,video
17,F,0,1,1,0,0,1,1,1,1,1,1,1,0,1,1,0,0,1,1,0,1,1,1,1,1,1,0,0,0,1,0,1,1,1,0,1,0,0,0,1,0,1,0,0,1,1,1,0,1,0,1,0,1,1,0,0,1,0,1,0,20,15,video
18,M,1,0,1,1,1,1,1,1,0,1,0,0,1,0,0,1,1,1,0,1,1,1,1,1,1,0,0,0,0,0,1,1,1,1,1,1,1,1,1,0,0,1,1,1,0,0,1,0,1,1,0,1,0,0,0,1,1,1,1,0,18,20,text
18,M,1,1,0,1,1,1,1,0,1,0,1,1,1,0,0,1,1,0,1,1,1,1,1,1,0,0,0,1,0,0,0,1,0,0,0,0,1,1,0,0,1,1,1,1,0,1,0,0,0,1,0,0,1,1,0,0,0,0,0,1,19,12,video
19,F,0,1,1,0,0,0,0,1,1,0,1,1,0,1,0,0,1,1,1,0,1,1,0,1,1,1,1,0,1,1,1,1,1,1,1,0,1,0,0,0,0,1,0,1,0,0,1,0,0,0,1,0,1,1,0,0,1,1,0,1,18,15,video
18,M,0,0,1,0,0,1,0,0,1,0,0,0,1,1,0,1,0,1,1,0,1,1,1,0,0,0,1,1,0,0,1,1,0,0,0,1,0,0,1,1,0,1,0,1,0,1,1,0,0,1,1,0,0,1,0,1,0,0,1,1,13,15,text
19,F,1,0,1,1,0,1,1,1,1,0,1,0,1,0,1,0,0,0,0,1,1,0,0,1,1,0,0,0,1,1,1,0,0,1,1,0,1,0,0,1,0,0,0,1,0,1,1,0,1,0,1,1,1,0,0,0,0,1,1,1,16,15,video
18,F,1,1,0,0,1,1,1,0,1,1,0,0,0,1,1,1,0,0,0,1,0,1,1,1,0,1,0,0,1,0,1,0,1,0,1,0,1,1,0,1,0,1,0,0,0,1,0,1,1,1,0,0,1,0,1,0,1,1,1,0,16,16,equal
17,M,1,1,0,0,1,0,0,1,1,0,1,0,0,1,0,1,0,1,0,1,0,1,1,1,0,1,0,0,0,1,1,1,0,1,1,0,0,0,1,1,0,1,1,1,0,1,0,1,0,1,1,0,0,1,1,0,1,0,0,0,15,16,text
19,F,0,1,0,0,1,1,1,1,0,1,0,1,0,0,0,1,0,1,1,0,0,1,1,1,1,1,0,1,0,1,1,1,1,1,1,1,1,1,1,0,0,0,1,0,0,0,1,0,1,1,1,1,0,0,0,1,0,1,1,0,17,18,text
19,M,0,1,0,1,1,1,0,0,1,1,1,1,0,0,0,0,0,1,1,1,1,0,0,0,1,1,0,0,1,0,0,0,1,0,0,1,0,1,1,0,1,1,1,1,1,0,1,1,1,0,0,0,1,1,0,1,0,1,1,1,15,18,text
17,M,0,1,1,0,0,1,0,0,0,1,0,1,0,0,1,1,0,0,1,1,1,1,0,0,0,1,0,1,0,1,1,1,1,0,0,0,0,0,1,0,1,0,1,0,0,1,0,0,0,0,0,1,1,1,1,1,0,1,1,0,14,14,equal
19,F,1,1,1,0,0,0,0,1,1,0,1,1,0,1,1,1,1,1,1,1,1,1,0,1,1,1,1,1,1,0,1,1,1,1,0,0,1,1,1,0,0,1,0,1,0,1,1,1,1,0,0,1,1,1,1,1,1,0,0,1,22,20,video
19,F,0,0,1,1,1,0,1,1,1,0,0,0,1,1,0,1,1,0,0,0,0,1,1,0,0,0,0,0,1,0,0,0,1,1,0,0,1,0,1,1,0,0,0,0,1,1,1,1,0,1,1,0,1,1,0,0,0,0,1,1,13,15,text
18,F,0,1,1,0,1,0,1,0,1,1,1,1,1,1,0,1,0,0,0,1,1,1,0,0,1,1,1,1,1,0,1,0,1,0,1,0,1,0,0,0,0,1,1,1,1,0,0,1,0,0,0,0,0,1,1,1,0,1,1,0,19,14,video
19,F,1,0,0,0,1,1,1,0,1,1,0,1,0,1,1,1,1,0,1,1,0,0,1,1,1,1,1,1,0,1,0,0,1,1,1,0,1,1,0,1,0,0,0,0,1,1,1,1,0,0,0,1,0,0,1,1,1,1,1,0,20,16,video
20,M,0,0,0,1,0,0,1,1,1,0,0,1,0,1,0,1,0,1,1,0,1,1,0,1,0,1,1,1,0,1,0,0,1,0,0,1,0,0,0,1,1,1,0,0,1,0,1,0,0,0,1,1,1,0,0,0,1,0,1,1,16,13,video
17,M,0,0,1,0,0,1,1,1,0,0,1,1,0,1,0,1,0,0,1,1,1,1,1,0,1,1,0,0,1,0,1,1,1,1,0,1,1,1,1,0,0,1,0,1,1,0,0,1,1,0,0,0,0,0,0,0,0,0,0,1,16,14,video
18,F,0,0,1,1,0,0,0,1,0,0,1,1,0,0,1,0,0,0,0,0,1,1,0,1,0,0,1,0,1,1,0,0,1,1,1,0,0,1,1,0,0,1,0,0,0,0,1,1,0,0,1,0,0,0,0,1,1,1,1,0,12,13,text
18,M,1,0,1,0,1,1,1,0,1,1,0,1,1,1,1,0,1,1,0,0,0,0,1,0,1,0,1,1,0,0,1,1,0,0,0,0,1,1,1,1,1,1,1,1,1,0,0,1,1,0,1,0,1,1,0,1,1,0,0,0,17,18,text
20,M,0,1,1,1,1,1,1,1,1,0,0,1,1,1,1,0,0,0,1,0,1,1,1,0,1,1,0,1,1,1,0,0,1,1,1,1,0,1,1,1,1,1,1,0,0,0,0,0,1,0,1,1,0,1,1,1,1,0,1,0,21,18,video
17,M,1,0,1,1,1,0,1,0,1,1,0,1,1,1,1,1,0,0,1,1,0,1,0,0,0,0,0,0,1,0,1,1,1,0,0,1,0,0,1,1,0,1,1,1,1,1,0,0,0,0,1,1,0,1,0,1,1,1,0,0,16,17,text
17,M,1,1,1,0,1,0,0,1,0,0,0,1,0,0,1,1,1,0,1,1,0,1,0,1,1,1,0,0,0,0,0,0,1,1,1,1,0,0,0,0,0,0,1,0,0,0,1,1,1,1,1,1,1,1,0,1,1,1,1,0,15,17,text
18,F,1,1,1,0,0,1,0,0,1,0,1,0,1,1,1,0,0,1,0,0,0,1,1,0,1,1,1,1,1,0,1,0,1,1,0,0,1,0,0,1,0,0,1,0,1,1,1,0,0,1,1,1,1,0,0,1,1,1,1,0,17,17,equal
19,F,1,1,1,0,0,0,1,1,0,0,0,1,1,1,0,1,1,1,1,1,1,0,1,1,1,1,0,1,0,1,1,1,0,0,1,1,0,1,0,0,1,1,1,0,0,0,1,1,1,0,0,1,1,0,1,0,1,1,1,1,20,18,video
18,M,0,1,1,0,1,1,0,1,1,0,0,0,1,1,1,1,0,1,1,0,0,0,0,0,1,1,1,1,0,1,1,1,1,1,1,1,1,0,1,1,1,0,1,1,0,1,0,0,0,0,1,0,1,1,1,1,1,1,1,1,17,22,text
17,F,1,1,1,0,0,1,1,0,0,1,0,0,0,0,0,1,0,0,0,0,1,1,1,0,1,1,1,0,0,0,0,1,1,0,0,1,0,1,1,0,1,0,1,0,0,1,0,0,0,1,1,0,1,1,1,0,1,0,1,1,13,16,text
20,F,0,0,0,1,1,0,0,0,1,1,1,1,1,1,1,0,0,0,0,1,0,1,1,1,1,0,1,0,0,1,0,1,0,1,1,0,1,1,1,0,0,0,1,1,1,1,1,0,0,0,1,1,1,0,0,0,0,0,1,1,16,16,equal
18,F,1,0,1,1,0,0,0,1,1,1,1,1,1,0,0,0,0,1,1,0,0,1,1,0,1,1,1,0,1,0,0,0,0,1,1,1,1,0,1,0,1,1,1,1,0,1,1,0,1,1,1,0,0,0,0,1,1,0,0,0,17,16,video
17,M,1,1,0,1,1,1,0,1,1,0,1,1,0,1,1,0,0,1,0,0,1,1,1,0,1,0,0,1,1,0,1,1,1,1,1,0,1,1,0,1,1,0,0,1,0,1,0,1,1,1,0,0,0,1,0,1,1,1,1,1,18,20,text
18,M,1,1,0,1,1,1,1,1,0,0,1,1,1,1,1,1,0,1,1,1,1,0,1,0,1,0,0,1,1,0,0,1,1,0,1,1,1,1,0,0,1,1,1,1,1,1,0,1,1,1,1,1,0,1,1,1,1,1,1,1,21,24,text
19,M,1,0,1,1,1,0,1,1,0,1,1,1,0,0,1,1,0,0,1,1,1,0,0,1,1,1,1,1,0,1,1,0,1,0,0,0,1,0,1,1,0,1,1,0,1,0,1,0,0,0,0,1,1,0,0,1,0,1,1,1,20,15,video
18,F,0,1,0,1,1,0,1,0,0,1,1,0,0,0,1,0,0,0,0,1,1,0,0,1,0,0,0,0,0,0,0,0,0,0,1,1,0,1,0,1,1,0,0,1,1,0,0,0,1,1,1,1,1,1,0,1,0,0,1,1,10,16,text
18,M,0,1,1,1,1,1,0,0,1,0,1,1,0,1,0,1,1,0,1,0,1,1,0,0,1,1,0,1,1,0,1,0,0,1,0,1,1,0,0,1,1,1,1,0,0,1,0,0,1,1,1,0,0,1,0,1,0,1,1,0,18,16,video
17,M,1,1,1,0,0,0,1,1,1,1,1,1,0,0,1,0,0,1,1,0,1,1,1,1,0,0,1,0,0,0,1,0,0,0,0,1,0,0,1,1,0,1,0,1,1,0,1,0,1,0,0,1,1,1,1,0,1,0,1,1,17,16,video
17,F,1,0,1,1,1,1,1,1,0,1,0,0,1,1,0,1,0,0,1,1,1,0,0,0,1,1,1,0,1,1,1,1,1,1,0,0,1,0,0,0,1,0,1,1,1,0,1,1,0,0,1,0,0,1,1,1,0,0,1,1,19,17,video
17,M,0,1,1,1,1,0,1,1,1,1,1,1,0,1,0,1,0,1,1,0,1,1,1,1,1,1,0,0,0,1,0,0,1,1,0,1,0,0,0,1,0,1,0,1,1,1,0,0,0,1,1,1,1,0,1,1,0,0,0,0,21,14,video
18,M,1,0,1,0,1,1,0,0,0,0,0,1,0,0,0,1,0,1,1,1,1,1,0,0,1,0,1,1,1,0,1,0,1,1,1,1,1,1,0,0,0,0,0,1,1,1,0,0,1,1,1,1,0,1,0,0,1,0,0,0,15,16,text
19,F,1,1,1,0,0,1,1,0,0,1,0,0,1,1,1,0,1,1,0,0,1,1,1,0,0,1,0,0,1,0,0,1,0,1,0,1,0,1,1,0,0,0,1,0,0,1,0,1,0,1,0,0,0,0,0,1,1,1,1,1,16,14,video
20,F,1,0,1,1,1,0,1,1,0,0,0,1,0,1,1,1,1,1,1,0,1,1,1,0,1,1,1,0,1,1,0,1,0,1,1,1,1,1,0,1,1,1,1,0,1,1,1,0,1,1,0,0,1,1,0,1,0,0,1,0,21,19,video
20,F,1,0,1,0,1,0,0,0,1,1,1,0,0,1,0,1,0,1,1,1,0,0,1,1,1,1,1,1,1,0,1,0,0,1,1,1,1,0,0,1,0,1,1,0,1,1,0,1,0,1,1,1,0,0,0,1,1,1,1,1,18,19,text
17,M,0,1,0,1,0,1,0,1,1,0,1,1,0,0,1,1,1,0,1,0,1,1,1,1,0,1,0,1,1,1,1,1,0,0,1,1,0,0,0,1,0,0,1,0,0,1,1,0,1,1,0,1,1,1,1,0,1,1,1,1,19,18,video
17,M,0,0,1,0,1,0,0,0,0,0,0,1,1,0,0,1,1,0,0,1,1,1,1,0,0,1,1,0,1,1,0,1,1,1,0,1,0,1,1,1,1,1,1,1,1,0,1,1,1,0,1,1,1,0,0,0,1,0,0,1,14,20,text
18,M,0,0,1,0,1,1,1,1,1,1,0,0,1,1,1,1,1,0,1,1,1,1,0,1,1,0,1,1,0,0,0,0,1,0,1,1,1,1,0,0,1,0,0,1,1,0,0,0,1,1,0,0,0,1,1,1,1,1,0,1,20,16,video
20,F,1,1,0,1,1,1,1,1,1,0,1,1,1,0,1,1,1,1,0,0,1,0,1,1,1,0,1,1,1,1,1,0,1,1,1,0,1,0,0,0,1,0,0,0,0,0,1,1,1,1,0,1,1,1,0,0,0,0,0,0,23,13,video
17,F,0,0,0,0,0,1,1,1,1,1,1,1,1,0,1,1,0,1,1,1,0,0,0,1,1,1,0,0,1,0,1,0,0,0,1,0,0,0,0,1,1,1,0,1,0,0,0,1,1,0,0,1,0,1,1,1,1,1,0,1,17,15,video
19,M,1,0,0,1,0,1,1,0,1,1,0,0,1,1,0,1,0,1,1,1,1,0,1,1,0,1,1,1,1,1,1,1,0,1,0,1,1,1,0,1,1,1,0,0,0,1,0,1,0,0,0,0,1,1,1,0,1,1,1,0,20,17,video
19,M,1,1,0,1,0,0,1,1,1,1,0,1,0,0,1,1,1,0,0,1,1,1,0,0,1,1,1,1,0,1,1,1,1,1,1,1,1,1,0,0,1,1,1,1,1,0,1,0,1,1,0,1,1,1,1,0,1,0,0,1,19,22,text
17,F,0,1,1,1,0,0,1,1,1,1,0,1,1,0,1,1,1,0,1,1,0,1,0,0,0,0,1,1,0,1,1,0,1,1,0,1,0,1,0,0,1,1,1,1,0,0,0,0,0,0,0,1,0,0,1,0,1,1,1,1,18,15,video
17,F,0,0,1,1,0,0,0,0,0,0,1,0,1,1,1,1,1,1,1,1,1,0,0,0,1,0,1,1,0,0,1,0,0,0,0,1,1,0,0,0,1,1,0,0,1,1,1,1,1,0,0,0,0,0,1,1,1,0,0,1,15,14,video
20,F,0,0,1,0,0,0,0,1,1,1,1,1,1,0,0,0,1,1,0,1,0,0,1,0,1,0,1,1,0,0,1,1,0,1,0,1,0,1,1,1,0,1,0,1,0,1,1,1,1,1,1,0,0,1,0,0,0,0,1,1,14,18,text
20,F,0,1,0,0,0,0,0,0,1,1,1,0,0,0,1,1,1,1,1,0,1,1,1,0,0,1,0,1,1,1,1,0,1,0,0,1,0,1,1,1,1,0,1,0,0,1,1,1,1,1,1,1,1,1,0,0,1,0,1,1,16,20,text
18,M,1,0,0,0,1,1,1,1,1,1,0,0,1,1,1,1,1,1,0,0,1,0,1,0,1,1,1,1,1,0,1,0,1,1,0,0,1,1,0,1,1,0,0,1,0,0,1,1,1,0,0,1,0,0,1,1,0,1,0,1,20,16,video
20,F,0,1,1,0,0,0,1,0,0,1,1,0,0,1,0,1,1,1,0,1,1,1,1,0,1,0,0,1,0,1,1,0,0,0,1,1,1,0,1,0,1,1,1,0,1,1,1,0,0,0,1,1,1,0,1,0,1,0,1,1,16,18,text
19,M,1,0,0,1,1,0,0,1,1,1,1,1,1,1,0,1,0,1,1,1,0,1,1,1,1,1,0,1,0,0,0,1,0,0,1,1,1,1,1,1,0,1,1,1,0,1,1,1,0,1,0,1,0,0,0,0,1,1,0,1,20,18,video
19,M,1,0,0,0,1,0,0,1,1,0,0,1,0,1,1,1,1,0,1,0,1,1,1,1,0,1,0,1,1,1,1,0,1,1,0,0,0,1,1,0,0,1,0,1,1,1,0,1,1,0,1,1,1,1,1,0,1,0,0,0,18,17,video
17,M,0,1,0,0,1,1,1,0,1,1,1,0,0,0,0,1,1,0,0,1,1,0,1,1,0,0,1,1,1,0,0,0,0,0,1,0,0,1,0,1,1,1,1,1,0,1,1,0,1,0,0,0,1,0,1,1,0,0,1,0,16,14,video
20,F,0,0,1,1,0,1,0,0,1,0,1,0,1,0,0,1,1,1,1,0,1,1,1,0,0,1,0,0,1,0,1,1,0,0,0,0,1,1,0,0,1,0,0,0,1,0,1,1,1,1,1,1,0,1,0,0,1,1,0,1,15,16,text
18,F,1,1,1,1,0,1,1,1,0,0,1,0,0,1,0,1,1,1,1,0,1,0,1,0,1,0,1,0,0,0,1,0,1,0,0,0,1,1,0,0,0,0,0,0,1,0,1,1,0,0,1,0,1,1,0,1,0,1,0,0,17,12,video
19,F,1,1,0,1,1,1,1,1,1,1,1,1,1,0,1,0,1,1,1,1,0,1,0,0,1,1,1,0,0,0,1,0,0,1,1,0,1,0,1,1,0,1,1,1,0,1,1,0,0,0,1,1,0,1,1,1,1,0,1,1,21,19,video
19,F,1,0,0,1,0,1,1,0,1,1,1,1,1,0,1,1,0,1,1,1,1,1,1,1,0,1,0,0,1,0,1,1,1,0,1,1,1,1,0,0,0,1,1,1,0,1,1,1,1,0,1,1,1,0,1,0,0,1,1,0,20,20,equal
18,M,1,1,1,0,1,1,1,0,1,1,1,0,1,1,0,1,0,0,0,1,1,1,0,0,1,0,0,1,1,1,1,1,1,1,0,0,1,0,0,1,1,0,1,1,1,1,0,1,1,1,0,1,0,1,1,1,0,1,0,1,19,20,text
18,F,1,0,0,1,1,1,0,0,1,0,1,1,0,1,1,1,1,1,1,0,1,1,1,0,1,0,1,1,1,0,0,1,1,1,1,0,1,0,1,0,0,0,1,0,1,1,0,1,0,0,0,1,0,1,1,0,0,0,1,0,20,14,video
19,F,1,1,1,1,1,1,1,1,1,1,0,1,1,1,1,0,0,0,1,1,1,1,1,1,0,1,0,1,0,1,0,1,1,1,1,1,1,1,0,0,1,1,1,0,0,1,0,0,1,1,0,1,0,0,0,0,1,0,1,1,23,17,video
19,M,0,1,1,1,0,0,1,0,1,1,1,0,1,1,1,1,1,1,1,1,1,1,0,1,0,1,1,1,0,0,0,1,1,0,1,1,1,1,1,0,1,1,1,1,1,1,0,1,1,0,1,1,0,1,1,0,0,0,0,1,21,20,video
18,F,1,1,0,1,0,1,0,1,1,0,1,1,1,1,1,0,0,1,0,1,0,1,0,0,1,1,1,1,1,1,0,0,0,0,1,1,0,0,0,1,1,1,0,1,0,0,0,0,0,0,1,0,1,1,0,1,0,1,0,0,20,11,video
19,M,0,0,1,1,0,0,1,1,0,0,1,0,0,1,0,1,0,1,1,0,0,0,1,1,0,0,0,1,1,1,0,1,1,0,0,1,0,1,1,0,1,1,0,0,0,1,0,0,0,1,1,0,1,1,1,1,1,0,0,1,14,16,text
17,M,0,0,1,1,1,0,1,0,1,1,1,0,1,0,0,1,1,0,1,1,0,0,1,1,0,1,1,1,1,0,0,1,1,1,1,1,0,0,1,1,1,0,1,0,1,1,0,1,0,0,0,0,0,1,0,0,1,1,1,1,18,17,video
17,M,0,0,0,1,1,0,1,1,1,1,1,1,1,1,1,1,0,0,1,0,0,1,1,0,0,1,0,1,1,1,1,1,0,1,0,0,1,1,0,0,0,0,0,1,1,1,0,1,0,1,1,0,0,1,0,1,0,0,1,0,19,14,video
18,M,1,1,0,1,1,1,1,0,1,1,1,1,1,1,1,1,0,1,1,0,0,1,0,0,1,1,1,1,1,0,0,1,0,0,0,0,1,1,1,0,0,1,1,1,1,1,0,1,0,0,0,1,0,1,0,0,0,0,1,0,22,13,video
20,M,0,1,1,1,0,0,1,0,1,0,1,1,1,0,1,0,1,1,1,0,0,0,0,0,0,1,0,0,1,0,0,1,0,1,0,1,1,1,1,0,1,0,0,1,1,0,0,1,1,0,1,0,1,1,0,1,1,1,0,1,14,18,text
18,M,1,1,0,1,1,0,1,1,0,1,1,1,1,1,0,1,1,0,0,1,1,0,0,0,1,1,1,0,0,1,1,1,1,1,0,1,0,1,1,1,1,1,0,0,1,0,1,1,1,1,1,0,1,1,0,1,0,1,1,0,19,21,text
18,M,1,0,1,1,0,1,1,1,1,1,0,1,0,1,1,0,1,0,1,1,1,0,1,0,1,1,1,1,1,0,1,0,1,1,1,1,1,1,1,1,0,1,0,0,1,1,1,1,1,1,1,1,1,1,1,0,0,1,0,1,21,23,text
20,M,1,1,0,1,1,1,1,1,1,1,0,0,0,1,1,1,1,1,1,1,0,1,0,0,1,1,1,0,1,1,1,1,1,0,0,0,1,1,1,0,1,0,1,0,1,0,1,0,0,0,1,0,0,0,1,0,1,1,1,1,22,16,video
20,F,1,1,0,1,1,1,0,0,0,0,0,1,1,1,1,1,1,1,0,1,1,0,1,0,1,0,0,1,0,1,1,1,0,0,0,0,1,1,0,0,0,1,1,1,1,0,1,0,1,1,0,1,1,1,1,0,1,0,1,1,18,18,equal
20,F,1,0,0,1,1,0,1,0,0,1,1,1,0,0,1,1,0,1,0,1,0,0,1,0,1,1,1,0,0,0,0,1,0,1,0,0,1,1,0,1,0,0,0,0,1,0,1,1,0,1,0,0,0,1,0,1,1,0,0,0,15,12,video
17,F,0,1,1,1,0,0,1,0,1,1,1,0,1,0,1,1,1,0,1,0,1,1,0,1,0,1,0,0,0,1,1,0,0,1,1,1,1,1,1,0,1,0,1,1,1,0,1,1,0,1,0,1,0,1,1,1,1,0,0,0,17,19,text
19,F,0,1,1,1,1,0,0,1,0,1,0,0,0,1,0,1,0,1,0,1,0,1,0,0,0,0,1,0,1,0,1,0,1,1,1,0,1,1,0,1,0,0,1,0,1,1,0,0,1,1,1,0,0,1,0,0,1,1,1,0,13,17,text
17,M,0,1,0,0,1,1,1,0,1,1,1,1,0,1,0,1,1,1,0,1,1,1,1,0,0,1,1,0,1,1,1,0,0,1,0,1,0,0,0,0,1,1,0,1,0,0,1,1,1,1,1,0,1,1,1,1,0,1,1,0,20,17,video
19,F,1,1,1,1,1,1,0,0,0,0,1,1,0,1,1,1,1,0,0,0,0,1,0,1,0,1,0,0,1,1,1,1,0,0,1,0,1,1,0,0,1,1,0,0,0,0,1,0,0,1,1,1,1,1,1,1,0,1,0,0,17,16,video
17,M,1,1,1,0,1,1,0,1,1,0,0,1,1,1,1,1,0,0,1,1,1,1,0,0,1,1,0,1,1,1,1,1,0,1,0,1,1,1,0,0,1,0,1,0,1,1,1,1,0,0,0,1,0,1,0,0,0,0,0,1,21,15,video
19,F,1,1,0,1,1,0,1,1,1,1,0,1,0,0,1,1,1,1,1,1,0,1,1,1,1,0,0,1,0,0,0,1,1,0,1,0,0,1,1,0,0,0,0,1,1,0,0,1,1,1,0,0,1,1,1,0,0,0,1,1,20,15,video
17,F,0,0,0,1,1,1,1,0,0,0,1,0,0,0,0,1,1,0,1,1,1,1,0,0,0,1,1,0,0,0,1,0,1,0,1,1,0,0,0,0,1,1,0,1,1,0,0,0,1,0,0,0,1,1,0,0,1,1,0,0,13,13,equal
20,F,0,1,1,0,0,0,1,0,1,1,1,0,1,1,1,0,1,0,1,1,0,1,1,1,0,1,1,0,1,1,1,1,0,1,1,0,1,0,0,0,0,1,1,1,0,1,1,1,0,0,1,0,0,1,1,1,0,1,1,0,19,17,video
18,M,1,0,1,0,0,1,0,1,1,0,1,1,1,1,1,0,0,1,1,1,1,1,1,1,1,0,1,0,0,0,0,0,1,0,0,0,0,0,0,1,1,1,0,1,1,1,0,1,1,1,1,0,0,1,0,0,1,1,0,0,19,14,video
17,F,0,0,0,1,0,0,1,0,1,1,1,0,0,0,0,1,0,1,0,1,1,0,0,1,0,1,1,0,1,0,0,1,0,0,0,1,1,1,0,1,0,1,1,1,1,1,1,1,1,0,1,1,0,1,0,1,0,1,1,0,13,19,text
19,M,1,1,1,1,1,0,0,0,0,1,1,1,1,0,1,1,1,1,1,0,1,0,1,0,0,0,1,1,0,1,1,0,1,1,0,1,1,1,0,1,1,1,0,0,1,1,0,1,1,1,1,1,0,0,1,0,1,1,0,0,19,19,equal
20,M,1,1,0,1,0,1,1,1,1,1,1,1,0,0,1,1,1,1,1,0,0,0,1,0,0,1,0,1,1,1,0,0,1,1,0,1,0,1,0,1,0,0,1,1,0,1,1,1,1,1,0,1,1,1,0,0,1,1,1,0,20,18,video
17,F,0,0,0,0,1,1,0,0,1,0,1,0,0,0,1,1,1,0,0,0,1,1,1,1,0,0,0,1,1,1,0,1,0,1,1,1,0,0,1,0,1,1,0,0,1,0,0,1,1,1,0,0,1,1,1,0,0,1,1,1,14,17,text
17,F,0,0,1,1,0,0,1,0,1,0,1,1,1,1,1,0,1,0,1,1,0,0,1,1,0,1,1,1,1,1,0,0,0,1,1,0,0,0,1,1,1,1,1,1,0,0,1,0,0,1,0,1,1,0,1,0,0,1,1,1,19,16,video
20,F,0,1,1,0,0,1,0,0,1,1,0,1,1,0,1,0,1,1,1,1,0,0,1,0,1,1,1,1,0,1,1,1,1,0,0,1,0,0,1,0,0,0,1,1,1,1,1,1,1,0,0,1,0,0,1,0,0,1,1,1,18,17,video
17,M,1,1,0,0,0,1,1,1,1,0,1,1,1,1,1,1,1,0,1,0,0,0,1,1,0,1,1,1,0,0,1,0,0,1,0,1,1,1,1,1,0,1,0,1,0,0,1,0,1,1,1,0,1,1,0,0,1,0,0,1,19,17,video
18,F,1,1,0,1,1,1,0,1,1,1,0,0,1,0,1,1,0,1,1,1,0,0,0,1,0,1,0,0,1,1,1,1,0,1,1,0,0,1,0,0,0,0,0,0,0,0,0,1,1,1,1,0,1,0,0,1,1,0,1,0,18,13,video
17,M,1,0,1,1,1,1,0,1,1,0,0,1,1,0,1,0,1,1,1,1,0,0,0,0,0,0,0,1,1,0,1,0,1,1,1,0,1,1,1,0,0,1,0,1,0,1,0,1,0,1,0,1,1,0,0,0,1,0,0,1,16,16,equal
18,M,0,0,0,1,0,0,1,0,1,0,0,1,1,1,1,1,1,0,1,1,0,0,0,0,1,1,1,0,1,0,0,0,0,0,0,0,0,1,0,0,1,0,0,0,0,1,1,1,0,1,0,1,1,1,0,1,1,1,0,0,15,12,video
18,F,1,1,1,0,1,1,1,1,0,1,1,0,1,1,1,1,1,0,0,1,0,1,1,0,1,1,0,1,1,0,1,0,0,0,1,1,0,1,1,1,0,0,1,0,1,0,1,1,0,0,1,1,0,1,0,1,1,0,0,1,21,16,video
20,F,0,0,1,1,1,1,1,0,1,1,1,0,0,0,1,1,1,0,1,1,1,1,1,1,1,1,1,0,1,0,1,0,1,0,1,1,1,0,1,0,1,0,0,0,0,1,1,0,0,1,0,1,0,1,0,1,1,0,0,1,21,15,video
17,M,1,1,0,0,1,1,1,1,1,1,1,1,0,0,1,0,0,1,1,0,1,0,1,1,0,0,1,0,1,0,1,1,1,0,1,1,1,0,1,1,0,0,0,1,0,0,0,1,0,0,0,1,1,0,1,1,0,1,0,0,18,15,video
20,M,0,1,1,1,1,1,0,1,1,0,1,1,1,1,1,0,1,0,0,0,1,1,0,1,1,0,0,1,0,1,0,1,1,0,0,0,0,1,1,0,1,0,1,1,1,1,0,1,0,0,1,1,0,1,0,1,0,1,1,0,19,16,video
17,M,1,0,0,0,1,0,1,1,0,1,1,1,1,1,1,1,1,0,0,1,1,0,1,1,0,1,1,1,1,1,1,1,1,0,1,0,1,1,0,1,0,1,0,1,0,0,1,1,1,0,0,0,1,0,1,0,1,1,1,1,21,18,video
17,F,0,0,1,0,0,1,1,1,0,1,0,1,1,1,0,1,1,1,0,0,1,0,1,1,1,1,1,0,0,0,1,1,1,1,1,1,0,1,1,1,0,1,1,0,1,1,1,1,1,1,0,1,1,1,1,1,0,1,0,0,17,23,text
19,M,0,0,1,0,0,0,1,1,0,0,1,1,1,0,1,1,1,1,1,0,0,1,0,1,1,1,1,0,1,0,1,0,0,1,1,1,1,0,1,0,1,0,1,1,1,0,1,1,1,1,1,1,1,0,1,0,0,1,1,0,17,20,text
17,F,0,0,0,0,1,1,1,0,1,0,1,1,1,0,1,1,1,1,1,1,1,1,0,0,1,1,1,0,1,1,1,1,0,0,1,0,1,1,0,0,1,1,0,1,1,0,1,0,1,1,1,1,1,0,0,0,0,1,0,1,20,17,video
20,M,1,1,1,0,1,1,1,0,1,1,0,0,1,1,1,0,1,1,1,1,1,0,1,0,1,0,0,1,0,1,1,0,1,1,0,1,0,0,0,1,1,0,1,0,1,1,0,0,1,1,1,1,1,0,0,0,1,0,1,0,20,16,video
18,M,1,1,1,0,0,1,0,0,1,1,1,0,1,1,0,0,1,0,0,1,0,1,1,1,1,1,1,0,0,1,0,1,1,1,1,0,1,1,1,0,1,1,1,1,1,0,1,1,1,0,1,0,0,0,1,1,0,0,0,0,18,18,equal
17,F,1,0,1,1,1,0,0,0,1,0,1,1,1,0,1,1,0,0,0,1,0,0,1,1,1,1,1,1,1,1,0,0,0,1,1,1,1,1,1,0,1,0,1,0,1,1,0,0,1,0,1,1,1,0,1,1,0,1,1,0,19,18,video
19,M,0,1,1,0,1,1,1,0,0,0,0,1,0,0,1,0,1,1,0,0,1,0,0,0,1,1,0,1,0,0,1,0,1,0,1,1,1,1,0,1,1,1,0,1,1,0,0,0,1,1,1,0,1,1,1,0,0,1,1,1,13,20,text
20,F,0,1,1,0,1,0,0,1,0,1,1,1,0,1,1,1,1,1,1,0,1,0,1,0,1,0,0,0,0,1,1,0,0,0,0,1,0,0,1,0,0,0,1,1,0,1,0,0,0,1,1,0,1,0,0,1,1,0,1,1,17,13,video
17,F,0,1,0,0,0,1,1,1,1,1,1,0,1,0,1,0,0,0,1,1,0,1,0,1,1,0,1,1,1,0,0,0,0,1,0,1,1,0,1,1,0,0,0,1,1,1,0,1,1,0,0,1,0,1,0,0,1,1,1,0,17,15,video
20,M,1,0,1,0,0,1,1,1,0,1,1,1,1,1,0,0,1,0,0,0,1,1,0,0,1,1,1,1,1,1,1,0,0,1,0,0,1,1,1,0,1,0,1,1,0,1,0,1,0,0,0,1,1,1,0,1,1,0,1,1,19,17,video
19,F,1,0,1,1,1,1,1,0,1,0,0,0,0,0,1,0,1,1,1,0,1,0,1,0,1,1,1,1,1,0,0,0,1,0,1,0,1,1,0,1,1,1,0,1,1,1,1,0,0,0,1,0,1,0,1,1,1,0,0,1,18,17,video
19,F,1,0,1,1,1,1,0,0,1,0,1,0,0,0,1,1,1,0,0,1,0,0,1,0,1,1,1,1,0,1,1,0,1,1,1,1,1,0,1,0,0,1,0,0,0,1,1,0,0,0,1,0,1,1,0,0,1,1,1,0,17,16,video
20,M,1,1,1,0,1,1,0,0,1,0,0,0,0,0,1,0,0,1,0,0,1,0,1,0,1,0,1,0,0,1,0,0,1,1,1,1,0,1,1,0,1,1,1,0,1,1,0,0,1,1,0,1,0,0,1,1,1,1,1,1,13,20,text
17,F,0,1,0,0,0,0,1,1,0,1,1,1,1,1,0,0,0,1,1,1,0,1,1,1,0,0,1,1,0,1,0,0,1,0,1,1,1,0,0,0,1,1,1,1,1,1,1,1,1,0,0,0,1,1,1,1,0,1,0,0,17,18,text
18,F,0,0,0,0,0,0,1,1,0,1,0,1,0,0,0,1,0,1,1,1,0,1,0,0,0,0,1,0,0,1,0,0,0,1,0,1,1,1,1,1,0,1,1,1,0,1,1,1,0,0,0,0,1,1,0,1,1,0,0,1,11,17,text
19,F,1,1,1,1,0,0,1,0,1,1,0,0,1,1,1,1,0,0,0,1,0,1,0,1,0,0,0,1,0,0,1,1,0,1,1,0,0,0,0,1,0,0,0,1,1,1,0,1,0,1,1,0,0,1,0,0,1,0,1,0,15,14,video
17,M,0,1,1,1,1,0,0,1,0,1,1,1,0,0,1,0,1,1,1,1,0,0,1,1,1,1,1,1,0,1,1,1,1,1,1,1,1,1,1,1,1,1,1,0,1,1,1,1,1,0,1,1,1,1,1,1,0,0,0,1,20,25,text
17,F,1,0,1,1,1,1,1,1,0,0,0,1,1,1,1,1,1,1,1,1,1,1,1,1,1,1,1,1,0,1,1,1,0,1,1,1,1,0,1,1,0,0,0,1,1,1,1,0,0,1,1,0,1,1,0,1,0,0,0,1,25,18,video
18,M,1,1,1,1,0,0,1,0,1,1,0,1,1,0,1,0,0,0,1,1,0,0,1,0,1,1,1,1,0,1,0,1,1,1,1,0,0,1,1,1,1,1,0,0,1,1,0,1,0,0,1,1,1,1,0,1,1,0,1,0,18,19,text
19,M,0,1,1,0,1,0,1,1,0,0,1,0,0,1,0,1,1,1,1,1,1,1,0,1,0,1,0,1,1,1,0,1,1,0,0,1,1,0,0,0,0,0,1,1,1,0,0,1,1,1,0,1,0,1,0,1,1,1,1,1,19,17,video
19,F,1,1,0,0,0,1,1,0,1,0,1,0,0,0,1,1,0,0,1,1,0,1,0,0,0,1,1,1,0,1,0,0,1,0,0,1,0,0,0,1,0,0,1,1,1,1,1,1,1,1,1,1,0,1,0,1,1,0,0,1,15,17,text
17,F,1,1,1,0,0,0,1,0,1,0,1,1,1,1,0,1,1,0,1,1,1,0,1,0,1,1,1,0,1,0,0,1,0,1,0,1,1,0,1,1,1,1,0,0,1,0,1,0,1,0,1,0,1,1,1,1,1,1,0,1,19,19,equal
17,F,1,1,0,0,1,0,0,1,1,1,1,0,1,1,1,0,0,1,1,1,0,1,0,1,0,0,0,1,0,1,0,1,1,1,0,1,0,0,1,1,1,1,1,0,0,0,1,1,1,1,0,0,1,1,1,0,0,1,1,0,17,18,text
18,M,1,0,0,0,1,0,1,1,0,1,0,1,1,0,0,1,1,0,1,1,0,1,0,0,0,1,0,1,1,1,0,1,1,1,1,1,0,1,1,1,1,1,1,1,1,0,0,1,1,1,1,1,1,1,0,0,0,1,0,1,16,22,text
18,F,1,1,1,1,1,0,1,0,0,0,1,0,1,0,1,0,0,1,1,0,1,1,0,1,0,1,1,1,0,0,1,0,1,1,1,1,0,1,0,1,1,1,1,1,0,1,0,0,1,0,0,0,1,1,0,1,1,1,1,1,17,20,text
19,F,1,1,1,0,1,1,1,1,1,1,0,0,0,1,1,1,0,0,0,1,0,0,1,0,0,0,0,1,0,0,1,1,1,1,1,0,1,1,1,0,1,1,0,1,1,1,1,0,1,0,1,1,1,1,1,0,0,1,1,1,15,23,text
20,F,1,1,1,1,0,1,1,1,1,1,1,1,0,1,1,1,1,1,1,1,1,1,0,1,0,0,0,1,0,1,0,0,0,1,0,1,1,1,0,0,0,0,1,0,1,1,1,0,0,1,1,1,1,1,1,1,0,1,0,1,23,17,video
19,F,1,1,0,1,0,1,0,0,0,1,0,0,1,1,0,1,0,1,1,1,1,1,0,1,0,0,1,1,1,1,0,0,0,1,1,0,1,1,0,1,1,1,1,1,1,1,0,0,0,1,0,1,1,1,0,1,0,0,1,0,18,17,video
17,F,1,1,0,1,1,0,0,0,0,1,0,0,1,1,1,1,1,0,1,1,1,0,1,1,0,1,1,1,0,0,1,1,1,0,0,0,1,1,1,0,0,0,0,0,0,1,1,0,1,0,0,0,1,1,1,0,0,1,1,0,18,14,video
19,M,1,1,0,0,0,0,1,0,0,0,0,1,0,0,0,1,0,0,1,0,0,1,1,1,1,1,1,1,1,1,1,0,1,0,1,1,1,0,1,0,1,0,1,1,1,0,1,1,0,1,1,1,1,1,0,1,0,1,1,0,15,20,text
20,M,0,1,0,1,1,1,0,0,0,1,0,1,0,1,1,1,0,1,1,1,0,1,0,0,0,0,0,1,1,0,1,1,1,0,1,0,1,1,1,1,1,0,0,1,0,0,1,1,1,1,0,1,0,0,1,1,0,1,0,1,15,19,text
18,F,1,1,0,1,0,0,1,1,1,0,1,1,0,1,1,1,1,1,0,1,1,1,1,0,1,0,1,0,1,1,0,0,1,1,1,1,0,1,1,0,1,0,1,1,1,1,0,1,1,1,1,0,1,1,1,1,1,0,0,1,21,21,equal
20,F,1,0,1,1,0,1,1,0,1,0,1,1,1,0,0,0,1,0,1,1,0,1,1,1,0,1,1,0,1,1,1,0,1,1,1,0,1,1,0,1,0,0,1,1,1,0,0,0,0,0,0,0,1,0,1,1,1,0,1,1,19,16,video
20,F,0,0,1,0,1,1,1,1,1,0,0,0,0,1,1,0,0,0,1,1,1,1,1,1,0,1,1,0,1,1,1,0,1,0,0,0,0,0,1,1,1,1,1,1,1,0,0,0,1,1,1,1,0,1,1,1,1,0,0,1,18,18,equal
20,F,1,0,1,0,1,1,1,1,1,0,1,0,0,0,1,0,1,1,0,1,0,1,1,1,1,1,1,0,0,0,1,0,0,1,1,1,0,1,1,0,0,1,1,0,1,0,1,0,1,1,1,0,1,1,0,0,1,1,1,1,18,19,text
18,M,0,1,0,1,1,0,1,0,1,1,1,1,0,0,1,1,1,0,1,0,0,0,1,0,0,0,0,0,0,0,1,1,0,0,0,1,0,0,0,1,1,0,1,0,0,0,0,1,1,0,1,0,0,1,1,0,1,1,1,0,13,14,text
20,F,0,0,1,1,0,1,1,1,0,1,1,1,0,0,1,1,0,0,0,0,0,1,1,0,0,0,0,0,0,1,0,1,0,1,0,1,1,0,1,1,1,1,1,0,0,1,0,1,0,1,1,1,0,0,1,1,0,0,0,1,13,17,text
20,M,1,0,1,1,0,0,1,0,1,1,0,0,1,1,1,0,0,1,1,0,0,0,1,0,1,1,1,1,0,0,1,0,1,1,1,1,0,0,0,1,1,1,1,1,1,1,0,0,0,1,1,1,0,1,1,1,0,0,0,1,16,19,text
20,M,1,1,1,1,0,0,1,1,1,0,1,1,1,1,1,0,0,1,1,0,0,1,0,0,1,1,0,0,1,1,0,0,1,1,1,0,1,1,1,1,1,0,1,1,0,0,0,1,1,1,1,1,1,0,0,1,0,1,1,0,19,19,equal
17,F,1,0,1,1,0,1,0,1,1,1,0,0,1,0,0,1,1,1,0,0,1,1,1,1,1,1,1,0,1,1,0,0,0,1,1,0,1,0,1,0,1,0,0,1,1,0,0,1,1,1,0,0,0,1,1,0,0,1,0,1,20,14,video
20,M,1,1,0,0,1,1,1,1,0,1,0,1,1,1,0,1,1,1,0,1,0,0,0,1,0,1,1,0,1,0,1,0,0,0,0,1,1,0,0,0,1,0,0,0,0,0,1,0,0,0,1,1,0,0,1,1,1,1,1,1,18,13,video
18,M,1,0,1,0,1,1,0,0,1,1,1,1,1,0,1,1,0,1,0,0,0,0,0,1,1,0,1,1,0,0,0,0,0,1,1,0,1,1,1,1,1,1,0,0,1,1,1,1,0,1,1,1,1,0,0,0,0,0,1,0,16,17,text
20,M,1,0,0,0,0,1,0,0,0,0,1,1,1,0,0,1,0,0,1,1,1,0,0,1,1,0,0,0,1,1,0,1,1,1,0,0,0,1,0,1,1,1,1,1,1,0,0,0,1,1,1,0,0,0,1,1,1,0,1,1,13,18,text
20,M,0,1,1,0,0,0,0,1,1,1,0,1,0,1,1,1,0,1,0,1,0,0,1,0,1,0,0,1,1,1,0,1,0,1,0,1,1,1,1,1,1,0,1,1,0,0,0,1,1,0,1,0,1,0,0,1,1,0,1,1,16,18,text
18,F,0,1,0,0,0,1,1,1,1,1,1,1,1,1,1,1,1,1,0,1,0,1,0,0,0,0,1,1,1,1,0,0,1,0,1,1,1,1,1,1,1,1,1,1,1,1,0,1,1,0,1,0,0,0,1,0,0,0,1,1,20,19,video
20,F,1,1,1,1,1,0,0,1,1,1,0,1,0,1,1,0,0,0,1,0,1,1,1,1,0,1,0,1,1,0,1,1,1,1,1,0,1,1,0,1,0,1,0,0,0,1,0,1,1,0,1,1,0,1,0,0,1,0,1,1,19,18,video
18,M,0,0,0,1,0,0,1,1,1,1,0,1,0,1,1,0,1,1,0,0,1,1,1,0,0,1,0,1,1,1,1,0,0,0,1,1,1,1,1,0,1,1,0,1,1,0,1,0,1,0,1,1,1,1,0,1,0,0,1,0,17,18,text
20,F,1,1,0,1,0,0,0,1,1,0,1,0,1,1,0,0,1,1,0,1,1,1,1,1,1,0,0,0,1,1,0,0,0,1,1,1,0,1,0,1,0,0,0,1,1,0,0,1,0,1,0,0,0,1,1,0,0,0,1,1,18,13,video
18,F,0,1,0,1,0,0,1,1,1,1,1,0,1,1,1,1,1,0,0,1,1,0,1,1,0,1,1,0,1,0,1,0,1,0,1,1,0,0,1,1,0,1,0,1,0,0,1,0,1,1,1,0,1,1,1,0,0,1,1,0,19,17,video
20,F,1,0,1,1,0,0,1,0,1,0,0,1,1,1,0,1,0,1,0,0,0,0,1,1,0,1,0,0,0,1,1,0,1,1,1,1,0,0,1,0,1,0,1,1,0,1,0,0,0,0,1,0,1,0,0,0,1,1,1,0,14,15,text
20,F,1,0,1,0,1,1,1,0,1,1,0,0,0,1,0,1,0,0,1,1,0,1,0,1,0,1,1,1,1,1,0,0,0,0,1,1,1,0,1,1,0,0,0,1,0,1,0,1,0,0,0,0,0,1,1,0,0,0,0,0,18,10,video
17,F,1,1,0,1,0,1,1,1,0,1,1,1,1,1,1,1,0,1,1,1,1,1,0,0,0,1,1,1,0,0,1,1,0,1,1,0,1,1,1,1,0,0,1,1,0,0,1,1,1,0,0,1,1,1,1,1,1,0,0,1,21,20,video
17,M,1,0,1,1,1,1,0,0,0,1,0,0,1,1,0,0,0,1,1,0,0,1,0,0,0,0,1,0,1,0,1,0,1,1,1,1,1,0,1,1,1,1,1,0,1,0,0,0,1,1,1,1,1,0,0,1,0,0,1,1,13,20,text
20,F,1,0,0,0,1,1,0,1,1,0,0,0,1,0,0,0,0,1,0,0,1,1,0,1,1,1,1,0,1,1,1,1,1,1,1,1,1,1,1,1,0,1,1,0,1,1,1,0,0,1,1,0,1,0,1,1,1,1,1,0,15,23,text
20,F,0,1,0,0,0,0,1,1,1,1,1,1,1,1,1,1,1,0,0,0,0,0,0,1,1,0,1,1,1,1,1,1,1,0,1,1,1,1,0,1,1,0,1,0,0,1,1,0,1,1,1,1,1,1,1,1,1,1,1,1,18,24,text
19,F,0,1,1,1,0,0,1,0,1,0,0,0,1,1,1,1,1,1,1,0,1,0,0,0,0,0,0,1,1,0,1,1,1,0,1,1,0,1,1,0,1,0,1,0,1,0,0,1,0,1,0,0,0,1,0,1,1,1,0,0,15,16,text
