age,gender,time_video,time_text,time_total,video_q1,video_q2,video_q3,video_q4,video_q5,video_q6,video_q7,video_q8,video_q9,video_q10,video_q11,video_q12,video_q13,video_q14,video_q15,video_q16,video_q17,video_q18,video_q19,video_q20,video_q21,video_q22,video_q23,video_q24,video_q25,video_q26,video_q27,video_q28,video_q29,video_q30,text_q1,text_q2,text_q3,text_q4,text_q5,text_q6,text_q7,text_q8,text_q9,text_q10,text_q11,text_q12,text_q13,text_q14,text_q15,text_q16,text_q17,text_q18,text_q19,text_q20,text_q21,text_q22,text_q23,text_q24,text_q25,text_q26,text_q27,text_q28,text_q29,text_q30,video_easy,video_medium,video_hard,text_easy,text_medium,text_hard,video_total,text_total,score_diff,preferred_method
19,M,1260.1993819051463,1070.7814165585987,2330.980798463745,1,1,0,0,0,0,0,0,1,1,1,0,0,1,0,0,1,1,0,1,0,1,0,0,0,1,0,0,1,0,1,1,0,0,0,1,0,1,0,1,0,1,1,1,1,0,1,1,1,0,1,1,0,0,0,0,1,0,0,0,4,5,3,5,7,3,12,15,-3,text
20,F,1282.322280741591,977.7850324794549,2260.107313221046,1,0,1,1,1,0,1,0,1,1,1,0,1,0,0,0,1,1,0,1,0,1,0,0,0,1,0,1,1,0,1,0,1,0,1,1,1,1,0,0,0,1,0,0,1,0,1,1,1,1,1,1,0,1,1,0,1,0,1,1,7,5,4,6,6,7,16,19,-3,text
17,F,1292.8360977002892,967.6751400626011,2260.5112377628902,0,0,0,1,1,0,1,1,1,1,1,1,1,1,0,1,1,0,1,0,0,1,1,0,0,1,0,1,0,1,1,0,1,0,0,0,1,0,1,0,1,1,1,0,1,1,1,0,0,1,0,0,1,1,1,0,0,1,1,1,6,7,5,4,7,6,18,17,1,equal
19,F,1306.953940737812,981.1371113917384,2288.0910521295505,0,0,0,1,1,1,1,1,0,1,1,0,0,0,0,1,1,0,0,1,0,1,1,1,0,0,1,0,1,1,1,0,0,1,0,1,0,1,0,1,1,0,1,0,0,0,0,1,0,0,1,0,0,0,1,0,1,0,1,1,6,4,6,5,3,5,16,13,3,video
19,F,1330.3454508635964,993.6237219541297,2323.969172817726,0,0,0,0,0,1,1,1,1,1,0,1,1,1,0,1,0,1,1,0,0,1,0,1,1,0,0,0,0,0,0,0,0,1,0,0,0,1,1,0,1,0,1,0,0,0,1,0,1,0,1,0,0,1,0,1,0,0,1,1,5,6,3,3,4,5,14,12,2,equal
20,F,1258.9156503221766,912.9501242157166,2171.8657745378932,0,0,0,0,0,0,1,0,0,1,0,1,1,0,1,0,0,1,1,1,0,0,0,1,0,1,0,1,0,1,0,1,1,1,1,1,1,1,0,0,1,0,0,1,0,0,1,1,1,0,1,0,0,1,1,1,1,1,0,0,2,6,4,7,5,6,12,18,-6,text
17,M,1182.0882769527143,1047.9836079898269,2230.071884942541,0,1,0,0,1,0,0,1,1,0,1,0,1,0,1,0,0,0,0,1,0,1,1,1,1,0,0,1,1,0,1,0,1,1,0,1,0,0,0,1,1,1,0,0,0,0,0,0,1,0,0,1,0,0,0,0,1,1,1,1,4,4,6,5,3,5,14,13,1,video
17,F,1321.514480798618,1017.085392020876,2338.599872819494,1,1,1,0,0,1,1,0,0,1,0,1,1,0,1,0,1,1,0,1,0,1,1,1,0,1,0,1,0,1,1,1,0,1,1,1,1,1,1,1,1,1,0,1,0,1,1,1,0,1,0,0,1,0,1,1,1,1,1,0,6,6,6,9,7,6,18,22,-4,text
19,M,1176.5741550376047,1000.619415533053,2177.193570570658,0,0,0,0,0,0,1,1,0,0,0,1,1,1,0,1,1,1,1,0,1,0,1,1,1,1,1,1,0,1,1,0,1,0,1,0,0,1,1,1,1,1,0,1,1,1,0,1,1,1,1,0,0,0,1,0,1,1,1,1,2,7,8,6,8,6,17,20,-3,equal
18,M,1238.9656635017568,1018.7207270168831,2257.68639051864,0,0,0,1,1,1,1,0,1,1,0,0,1,1,1,1,1,1,1,1,1,1,1,0,0,1,1,1,0,0,1,1,1,1,0,0,1,0,0,0,1,0,1,0,0,0,1,0,1,1,1,0,0,0,1,1,1,1,1,1,6,8,6,5,5,7,20,17,3,video
19,F,1185.5226589310723,991.400710766254,2176.923369697326,1,0,1,1,0,0,0,0,1,0,1,0,1,0,1,0,1,0,1,1,1,1,0,1,0,1,1,0,0,1,1,0,0,0,1,1,1,1,0,1,0,0,1,1,0,0,0,0,1,1,1,1,1,1,0,0,1,1,0,1,4,6,6,6,4,7,16,17,-1,equal
19,F,1246.7732077020855,944.224739500107,2190.9979472021923,1,0,1,0,0,0,1,0,1,1,1,1,0,0,0,1,1,1,0,1,0,1,1,0,1,0,0,1,1,0,0,0,1,1,0,1,1,1,0,1,0,1,1,0,1,1,1,1,1,0,0,0,0,0,0,0,1,1,0,1,5,6,5,6,7,3,16,16,0,video
19,M,1225.7189210437011,968.6158140762747,2194.334735119976,0,1,0,0,0,1,0,0,1,1,0,1,0,1,1,0,1,1,1,0,1,1,0,1,0,1,0,1,0,1,0,1,1,0,1,0,0,0,1,1,1,0,1,1,1,1,0,1,1,0,0,0,0,1,1,0,0,0,0,0,4,6,6,5,7,2,16,14,2,video
19,F,1262.2118629032195,981.0528655604891,2243.2647284637087,1,1,1,1,1,0,1,1,0,0,1,1,1,0,0,1,0,0,0,0,1,1,1,1,1,0,1,1,1,0,1,1,0,0,0,0,1,1,1,0,1,1,0,1,0,1,1,0,0,1,0,1,1,1,0,1,1,0,1,1,7,4,8,5,6,7,19,18,1,equal
20,F,1257.802177930496,890.6208289392821,2148.423006869778,1,1,1,1,0,0,1,0,0,0,1,1,1,0,1,1,1,0,1,0,0,1,0,1,0,1,0,0,0,0,1,0,1,0,1,1,0,1,0,1,1,1,1,1,1,1,1,1,1,1,1,0,0,0,1,1,1,0,1,1,5,7,3,6,10,6,15,22,-7,text
17,M,1287.770436208283,949.8455073552865,2237.6159435635695,1,0,0,1,1,0,0,0,1,0,1,0,1,0,0,1,0,1,0,0,1,0,0,1,1,0,0,0,0,1,1,0,0,1,1,0,1,1,0,1,1,1,0,1,0,1,0,0,1,1,0,0,1,0,1,1,0,1,1,0,4,4,4,6,6,5,12,17,-5,text
20,M,1179.8144222834956,993.8050663091124,2173.619488592608,0,1,1,1,1,1,1,0,1,1,1,1,1,1,0,0,0,1,1,0,1,1,1,1,1,1,0,1,0,0,0,0,0,0,0,1,1,1,0,1,1,0,1,1,1,0,1,1,1,1,1,0,1,1,0,0,1,1,0,1,8,6,7,4,8,6,21,18,3,video
20,F,1235.8637854300798,989.8655049764517,2225.7292904065316,0,0,0,1,1,1,0,0,1,0,1,0,1,1,1,1,1,1,0,1,1,0,0,1,1,1,1,0,1,1,0,1,1,0,1,1,0,1,1,0,0,1,0,1,0,0,0,0,1,1,1,1,1,0,0,1,0,0,1,1,4,8,7,6,4,6,19,16,3,video
20,M,1317.9643382468432,1007.2602075149248,2325.2245457617682,0,1,1,1,0,1,0,1,1,0,0,0,0,0,1,1,0,1,0,0,1,1,0,1,0,1,0,1,0,1,1,1,0,0,1,1,1,0,0,1,0,1,1,0,1,1,0,1,1,1,1,1,1,0,0,1,1,0,0,1,6,3,6,6,7,6,15,19,-4,text
19,F,1285.83580402935,946.7325177628718,2232.5683217922215,0,1,0,0,1,1,1,0,0,1,1,1,0,1,0,1,0,1,1,0,0,0,1,1,0,1,1,1,1,0,0,1,0,1,0,1,0,1,1,0,0,0,1,0,0,1,0,0,0,0,0,0,0,0,0,0,1,1,1,0,5,6,6,5,2,3,17,10,7,video
18,F,1265.5775724083337,969.9957128670819,2235.5732852754154,1,1,1,1,1,1,1,0,1,1,0,0,1,1,1,0,0,0,1,0,1,1,1,0,1,0,1,1,1,1,1,1,1,0,0,0,1,1,1,1,0,1,1,1,1,1,1,1,1,1,0,0,1,0,0,1,1,1,1,0,9,4,8,7,9,5,21,21,0,equal
17,F,1295.9326000295953,996.6830738184498,2292.615673848045,0,1,0,0,0,1,1,1,0,0,1,0,1,0,1,0,1,0,0,0,1,1,1,1,1,0,1,1,1,1,1,0,1,0,0,0,0,1,0,1,0,1,1,0,1,1,1,0,0,0,0,1,1,0,0,1,1,1,1,1,4,4,9,4,5,7,17,16,1,video
18,M,1250.1207636176123,949.2084467133685,2199.329210330981,0,1,0,1,0,0,1,0,1,0,1,0,0,0,0,1,1,1,1,0,1,0,0,0,1,0,0,1,0,0,1,1,1,0,0,1,1,0,1,0,1,0,1,1,0,0,1,0,1,0,1,1,0,1,1,1,1,0,1,0,4,5,3,6,5,7,12,18,-6,text
20,M,1331.265210554142,1041.6063505992176,2372.87156115336,1,1,1,1,1,1,1,1,0,1,0,1,1,1,1,1,0,1,0,0,1,1,0,1,1,0,1,0,0,1,1,1,1,0,1,1,1,0,1,0,1,1,1,1,1,0,1,1,1,1,1,0,1,0,1,1,1,1,1,1,9,6,6,7,9,8,21,24,-3,text
20,M,1283.6828288282543,1022.437682893601,2306.120511721855,1,1,1,1,0,1,1,0,0,0,1,0,1,1,1,0,1,1,1,1,0,0,0,1,1,1,1,1,0,1,1,0,1,0,1,0,1,1,0,1,0,0,1,0,0,0,0,1,1,0,1,1,1,0,1,0,1,1,0,0,6,8,6,6,3,6,20,15,5,video
18,M,1239.1635183041897,1018.9175480989677,2258.0810664031574,1,1,1,1,0,0,0,1,1,1,1,0,1,1,1,1,0,1,1,1,1,0,0,0,0,1,0,1,1,0,1,1,1,0,1,1,0,1,1,0,0,0,1,0,0,1,0,1,0,0,0,1,0,1,0,0,1,1,0,1,7,8,4,7,3,5,19,15,4,video
18,M,1219.812450405789,1040.9175797480088,2260.730030153798,1,0,1,0,0,0,0,0,1,1,1,0,1,0,1,1,0,1,1,1,0,0,1,1,1,0,0,1,1,1,0,1,0,1,1,0,0,1,0,1,0,1,1,1,1,0,0,1,1,0,1,1,1,1,1,0,1,0,1,0,4,7,6,5,6,7,17,18,-1,text
18,F,1322.5883025977469,990.394755776309,2312.983058374056,0,0,1,1,1,0,1,0,0,1,1,1,0,0,0,1,1,0,0,1,0,0,0,0,0,0,1,1,0,1,1,0,1,1,0,1,0,0,1,1,1,0,1,0,0,1,0,1,1,0,1,1,0,0,1,0,1,0,0,1,5,5,3,6,5,5,13,16,-3,text
20,F,1252.3486950189235,937.3082611133091,2189.6569561322326,1,1,1,0,0,1,1,1,0,0,1,0,0,0,0,1,0,1,0,0,0,0,1,1,0,0,1,1,1,0,1,0,0,1,1,1,1,0,1,0,0,0,1,0,0,1,1,0,1,0,1,1,1,1,1,1,1,1,1,0,6,3,5,6,4,9,14,19,-5,text
20,F,1283.8745538737733,1101.6640962566394,2385.538650130413,0,1,1,0,0,1,0,1,1,1,0,0,0,0,1,1,1,1,0,0,1,1,0,1,1,0,0,1,1,0,1,0,0,1,1,0,0,1,0,1,1,1,1,0,0,0,1,1,1,1,1,0,1,0,0,0,0,1,1,0,6,4,6,5,7,4,16,16,0,equal
17,F,1206.8567559132389,983.0907121009163,2189.947468014155,1,1,0,1,0,1,0,1,1,1,1,0,0,1,1,0,0,0,1,1,0,1,0,1,0,1,0,1,0,1,0,1,0,0,1,1,0,1,1,1,0,0,1,1,1,1,1,1,1,0,1,1,1,0,1,1,0,0,0,1,7,5,5,6,7,6,17,19,-2,text
17,M,1274.934693365349,1009.1596400279893,2284.0943333933383,1,1,1,0,0,0,1,0,1,1,1,1,0,0,0,1,1,1,1,1,1,1,0,0,0,0,0,1,0,0,1,0,1,1,0,0,0,0,0,0,1,0,1,0,1,1,0,1,0,1,1,1,1,0,1,1,1,0,0,1,6,7,3,3,6,7,16,16,0,text
20,F,1278.2651493655778,966.7452569757628,2245.0104063413405,1,1,0,1,1,0,1,1,1,1,1,0,1,1,1,0,1,1,0,0,1,0,1,1,1,1,0,1,1,0,0,0,0,1,0,1,0,0,0,1,0,1,1,1,0,1,1,1,0,0,0,1,0,0,0,0,0,0,1,1,8,6,7,3,6,3,21,12,9,video
18,M,1316.5261632732029,940.5073346955807,2257.0334979687836,0,1,0,1,0,0,0,1,1,1,1,1,0,1,1,0,1,0,1,1,1,1,0,1,1,1,1,0,1,0,0,0,0,1,1,1,0,0,1,1,1,1,1,0,0,1,0,0,0,0,1,1,1,0,0,1,0,1,0,1,5,7,7,5,4,6,19,15,4,video
18,F,1265.6062701766484,1017.2302047264149,2282.8364749030634,0,1,0,1,1,1,0,0,1,0,1,1,1,0,0,1,1,1,1,1,0,1,1,1,0,0,1,0,1,1,1,1,1,0,1,0,1,1,0,0,1,0,0,1,0,1,1,0,1,1,1,0,0,1,0,1,0,0,0,1,5,8,6,6,6,4,19,16,3,video
17,M,1234.7954798646358,979.3897316579363,2214.185211522572,1,1,1,0,0,0,1,1,0,1,1,1,0,1,1,0,1,1,1,1,0,1,1,0,0,0,1,1,0,0,0,1,0,1,1,1,1,0,0,1,1,1,0,1,1,1,0,1,1,0,1,1,1,0,1,1,1,0,1,0,6,8,4,6,7,7,18,20,-2,text
20,M,1298.412244658739,1005.3415619044131,2303.753806563152,1,1,1,0,1,1,1,0,0,1,0,0,1,1,1,0,1,0,0,1,0,1,1,0,0,1,0,0,1,0,0,0,0,1,1,1,0,0,0,1,0,0,0,0,0,1,1,1,1,1,0,0,1,1,1,1,1,0,1,1,7,5,4,4,5,7,16,16,0,text
17,F,1288.8824719570089,947.8418167001187,2236.7242886571275,1,1,1,0,0,1,1,0,1,0,0,1,0,1,0,0,0,1,0,1,1,1,1,1,0,0,1,0,1,0,1,0,0,1,0,0,1,1,1,1,0,1,1,1,1,0,1,1,0,1,1,1,1,1,1,1,0,1,0,1,6,4,6,6,7,8,16,21,-5,text
17,F,1256.887361866599,1003.0941422588751,2259.981504125474,0,1,0,1,1,0,1,1,1,0,1,1,0,0,1,1,1,1,1,0,0,0,1,0,1,0,0,1,0,1,0,0,1,0,0,1,0,1,1,0,1,0,0,0,1,0,1,1,1,0,1,0,1,1,0,1,1,0,1,0,6,7,4,4,5,6,17,15,2,equal
19,F,1257.1191467394276,1001.3914757832538,2258.5106225226814,0,1,1,0,1,0,1,0,0,1,1,1,1,1,0,0,0,0,0,0,1,0,0,1,1,1,1,0,1,1,1,1,1,1,0,1,0,1,1,0,0,0,0,1,0,1,1,0,1,0,1,1,1,0,1,1,0,1,1,0,5,4,7,7,4,7,16,18,-2,text
19,F,1260.4165608063565,952.6910442787755,2213.107605085132,0,1,1,1,0,0,1,0,1,0,0,0,1,0,0,1,0,1,0,1,0,1,1,1,1,1,1,0,1,1,0,1,0,1,1,0,0,1,1,1,1,0,1,1,0,0,1,0,0,1,0,0,1,1,0,1,1,1,0,1,5,4,8,6,5,6,17,17,0,video
19,M,1189.3468285050956,958.2559319689421,2147.6027604740375,0,1,0,0,0,0,0,1,1,1,0,1,0,0,0,1,1,0,0,1,1,0,0,0,0,1,1,1,1,1,1,1,0,1,1,1,1,1,0,0,0,1,1,0,1,0,0,0,1,1,1,0,0,0,1,0,0,1,1,0,4,4,6,7,5,4,14,16,-2,equal
18,F,1310.9389903281244,990.8360739133564,2301.775064241481,0,0,0,1,0,0,0,0,1,1,1,1,1,0,0,0,0,1,0,1,1,1,1,1,1,1,0,1,1,1,1,1,1,0,1,1,0,0,0,1,0,0,0,1,1,1,0,1,1,1,1,1,0,0,1,1,1,0,1,0,3,5,9,6,6,6,17,18,-1,video
20,F,1304.935461309763,1036.791184865028,2341.7266461747913,0,1,1,1,1,1,1,1,1,1,0,1,1,1,0,1,1,0,1,1,1,0,1,0,0,1,1,1,1,1,0,1,0,0,1,1,1,1,1,1,1,1,0,0,0,0,0,0,1,0,1,0,0,0,1,1,1,1,1,1,9,7,7,7,3,7,23,17,6,video
20,M,1264.4043989847335,985.4431649626893,2249.8475639474227,0,0,0,1,0,0,0,1,0,1,1,1,0,0,1,1,1,1,1,1,0,1,1,1,0,0,0,1,0,1,0,1,0,1,1,0,0,1,0,0,0,0,1,0,0,0,0,0,1,1,0,0,1,1,0,1,1,1,0,1,3,8,5,4,3,6,16,13,3,video
20,F,1307.8291828062236,1015.4170653317577,2323.246248137981,0,0,0,0,0,1,0,1,1,1,1,1,1,1,1,1,1,1,1,0,0,0,0,1,0,1,1,0,1,0,1,0,0,1,1,0,0,1,1,0,0,1,1,1,1,1,1,0,1,0,0,0,0,0,0,1,1,1,1,1,4,9,4,5,7,5,17,17,0,equal
20,F,1233.0120402439861,998.8024166121304,2231.8144568561165,0,0,0,1,1,0,1,0,0,0,1,1,1,1,0,1,1,1,0,0,1,1,1,1,0,0,1,1,0,1,0,1,0,1,0,1,0,1,0,1,0,1,0,0,0,1,0,1,1,1,1,0,1,1,0,0,0,0,0,0,3,7,7,5,5,3,17,13,4,video
19,F,1270.0930237048362,999.346562513214,2269.4395862180504,0,1,1,1,1,0,1,1,1,1,1,1,0,1,1,0,1,0,1,0,0,0,0,1,0,1,1,1,1,1,0,1,1,0,0,1,0,0,1,1,0,1,1,0,0,0,0,0,0,1,0,0,0,1,1,1,0,0,0,1,8,6,6,5,3,4,20,12,8,video
18,F,1258.3720261405583,990.1140987764281,2248.4861249169862,1,1,0,0,1,1,1,1,1,1,1,0,1,1,0,1,1,0,1,1,0,0,0,1,0,1,1,1,1,1,1,1,1,0,0,1,1,1,1,0,0,0,0,1,1,1,0,0,0,1,0,1,1,1,1,0,0,1,1,1,8,7,6,7,4,7,21,18,3,video
18,F,1290.4691162984761,1020.2990566890184,2310.7681729874944,1,0,0,0,1,0,1,0,1,0,1,0,0,1,1,0,1,0,0,1,1,1,0,1,1,1,1,0,0,1,1,1,0,1,0,1,1,1,0,1,1,0,1,0,1,0,1,1,1,1,0,0,1,1,1,0,1,1,0,1,4,5,7,7,7,6,16,20,-4,text
19,M,1252.4173808522019,1012.9856563847733,2265.4030372369753,0,0,1,0,1,1,0,1,0,0,1,0,1,1,0,0,1,1,0,0,0,1,1,1,0,1,1,0,1,0,1,1,0,1,0,1,1,0,1,1,1,1,0,1,0,0,0,0,0,1,1,1,0,0,1,0,0,1,1,1,4,5,6,7,4,6,15,17,-2,equal
18,F,1296.7999413839188,1015.9841555636511,2312.78409694757,0,0,1,1,0,0,0,1,0,0,0,0,0,0,1,1,1,1,1,1,1,1,0,0,1,0,1,1,1,1,0,1,1,0,0,1,1,1,0,0,0,1,1,1,1,1,0,1,1,0,1,0,1,1,1,0,0,1,1,0,3,6,7,5,7,6,16,18,-2,equal
19,F,1326.8068334461254,1009.4834785365985,2336.290311982724,0,0,1,1,1,1,1,1,0,0,1,0,1,1,1,0,0,0,1,0,1,0,1,1,0,0,1,0,1,0,1,0,0,0,0,1,1,1,1,0,1,0,0,1,1,1,1,1,1,0,0,1,1,0,1,1,0,0,0,1,6,5,5,5,7,5,16,17,-1,text
20,F,1218.2202021120502,1000.2989331551071,2218.5191352671573,0,0,1,1,1,0,1,1,1,1,0,1,0,1,1,1,1,1,0,1,0,1,1,0,1,1,1,1,0,1,1,1,0,1,1,0,0,0,1,1,0,0,1,1,0,1,0,1,1,0,1,0,1,1,0,0,0,1,1,0,7,7,7,6,5,5,21,16,5,video
19,F,1295.5313815933177,962.6853736216364,2258.216755214954,0,0,1,0,1,0,1,0,1,1,0,0,1,1,0,0,0,0,0,0,1,1,0,0,1,1,0,1,1,1,1,0,1,0,0,1,0,1,1,1,0,1,0,1,1,0,1,0,0,0,1,1,0,0,1,0,1,1,0,1,5,2,7,6,4,6,14,16,-2,text
20,F,1233.0179089694773,997.6263137080801,2230.6442226775575,1,1,1,1,0,1,0,0,1,0,1,0,1,0,0,1,1,0,0,1,0,1,0,1,0,1,1,1,1,1,1,1,1,0,1,0,0,1,1,1,0,1,1,1,0,0,0,0,1,0,1,1,0,1,1,0,1,1,0,1,6,5,7,7,4,7,18,18,0,equal
20,M,1233.848643001274,962.4007252399746,2196.2493682412487,1,0,1,1,1,1,1,1,1,1,1,0,1,1,0,1,0,1,0,0,1,0,1,1,0,0,1,1,1,1,0,0,1,1,0,0,1,1,1,0,1,0,0,0,0,1,1,0,1,1,0,1,0,1,1,1,0,0,1,1,9,5,7,5,5,6,21,16,5,video
17,F,1199.673339409267,1017.1161719145505,2216.7895113238174,0,1,1,1,1,1,0,0,0,1,0,0,0,1,1,1,1,1,1,1,0,1,1,0,0,0,0,1,0,1,0,1,1,1,0,1,1,0,1,0,1,1,1,0,1,1,0,0,1,1,1,0,0,0,0,0,1,1,0,1,6,7,4,6,7,4,17,17,0,equal
19,M,1286.5512113392442,966.3455840310784,2252.8967953703227,1,1,1,1,0,0,1,1,0,0,1,0,1,1,0,1,1,0,0,1,1,1,0,1,1,0,1,1,1,0,1,1,0,1,1,0,1,0,1,0,1,0,0,0,0,1,0,0,0,0,1,0,1,0,1,1,0,0,0,0,6,6,7,6,2,4,19,12,7,video
17,M,1202.731123647769,988.6218558668679,2191.352979514637,1,1,0,1,1,1,1,1,1,1,1,0,0,0,0,1,0,1,0,0,0,0,1,1,1,0,1,0,0,1,0,0,1,0,0,0,0,1,1,0,1,0,1,0,0,0,1,1,0,0,1,1,1,0,0,0,0,1,0,1,9,3,5,3,4,5,17,12,5,video
19,F,1275.425232967793,1020.3226933722383,2295.747926340031,0,0,0,0,1,0,0,1,1,0,1,0,0,1,1,0,1,1,1,1,0,1,0,1,1,0,0,1,1,1,1,1,1,1,1,1,1,0,1,1,1,1,0,0,0,1,1,1,0,0,1,1,1,1,0,0,0,1,1,0,3,7,6,9,5,6,16,20,-4,text
19,F,1252.4035709470209,1017.4544058868319,2269.8579768338527,1,0,1,1,1,0,0,1,0,1,1,0,0,0,1,1,0,1,1,1,0,1,1,0,1,1,1,1,1,1,0,1,1,0,1,1,1,0,1,0,1,1,0,0,0,1,1,0,1,1,1,1,1,0,0,0,0,1,1,0,6,6,8,6,6,5,20,17,3,video
17,F,1209.5086082181397,971.852085838482,2181.3606940566215,0,1,0,0,1,0,1,0,1,1,0,0,0,1,0,1,1,1,0,1,1,0,1,1,1,0,1,1,0,0,0,1,1,1,1,1,1,0,1,0,1,0,1,0,1,0,0,1,1,1,1,1,0,1,0,0,0,1,0,1,5,5,6,7,6,5,16,18,-2,equal
17,F,1383.232464704712,1049.3104059900572,2432.542870694769,1,0,0,0,1,0,1,1,1,1,1,0,1,1,1,1,0,1,1,1,1,1,0,0,1,0,0,0,1,1,1,1,0,0,1,1,1,0,0,1,1,0,1,1,0,1,0,1,0,0,1,0,1,1,1,1,1,0,1,1,6,8,5,6,5,8,19,19,0,text
19,M,1241.6323230651794,1073.9516270136073,2315.583950078787,1,0,0,1,1,0,0,0,0,1,0,0,1,1,0,1,0,0,0,1,1,0,1,0,0,1,1,1,1,0,0,0,1,1,1,1,0,1,0,0,0,1,0,0,0,0,1,0,0,1,0,0,0,0,1,0,0,0,0,1,4,4,6,5,3,2,14,10,4,video
18,F,1284.6812905025906,981.9611910152064,2266.642481517797,0,0,0,1,0,0,0,0,1,0,1,1,1,0,0,0,0,1,0,1,1,1,0,0,1,1,0,1,0,0,1,0,0,1,0,0,0,0,1,0,0,0,0,1,0,0,0,0,0,0,0,1,1,1,1,0,1,0,1,1,2,5,5,3,1,7,12,11,1,equal
20,F,1293.3608991083443,950.3793227684879,2243.740221876832,1,1,0,0,1,0,1,1,0,0,1,0,1,1,1,0,1,1,1,0,0,0,1,0,1,0,0,1,0,1,1,1,0,1,0,0,0,1,1,1,1,0,1,1,1,0,1,1,0,1,1,1,0,1,1,0,1,0,1,1,5,7,4,6,7,7,16,20,-4,text
17,F,1213.9590580812448,984.005923082746,2197.964981163991,1,1,1,1,0,1,0,1,1,0,1,1,0,1,1,1,0,0,0,0,1,1,0,1,1,1,1,0,1,1,0,0,1,0,0,1,0,1,1,1,0,1,0,1,1,0,0,1,1,0,1,0,0,0,0,0,1,1,1,1,7,5,8,5,5,5,20,15,5,video
20,F,1263.9047052095605,960.141342860348,2224.0460480699085,1,0,1,1,0,0,1,1,1,1,1,1,1,1,0,0,0,1,1,0,1,1,0,0,0,1,1,0,1,0,0,1,0,0,0,1,0,1,0,1,0,1,1,1,0,0,1,1,1,1,1,1,0,1,0,1,0,0,1,1,7,6,5,4,7,6,18,17,1,text
18,F,1290.1582590166913,948.9677677263854,2239.1260267430766,0,0,1,1,0,0,0,1,1,0,0,0,1,0,0,0,1,1,0,1,1,0,1,0,1,0,0,1,1,1,1,1,1,1,1,1,1,1,1,0,0,0,1,1,1,1,0,1,0,0,0,1,1,1,1,0,1,1,1,1,4,4,6,9,5,8,14,22,-8,text
18,F,1230.128286955663,1013.3624355865112,2243.4907225421744,1,0,0,1,1,1,0,1,0,0,0,1,0,1,1,0,0,1,1,1,1,1,1,1,0,0,0,1,0,0,1,1,0,0,1,1,1,0,1,0,1,1,1,0,1,1,1,0,1,0,0,0,1,1,1,0,0,1,0,0,5,6,5,6,7,4,16,17,-1,equal
18,M,1269.9072112451558,1039.0719480108573,2308.979159256013,0,0,0,1,1,0,0,0,1,1,1,0,0,1,1,1,0,0,0,1,0,1,0,1,1,0,0,1,0,1,1,0,1,1,1,0,1,0,0,0,0,1,0,1,0,1,1,0,1,1,1,1,1,1,0,1,1,0,1,0,4,5,5,5,6,7,14,18,-4,text
17,M,1279.0389085575296,1060.3360175331154,2339.374926090645,1,1,1,1,1,1,0,1,0,1,0,1,1,1,1,1,0,0,0,0,1,1,1,1,1,1,1,1,0,0,1,1,1,0,0,1,1,0,0,1,0,0,1,1,0,1,0,1,0,1,1,1,1,1,1,0,0,0,1,1,8,5,8,6,5,7,21,18,3,video
18,F,1200.7626918287713,955.5960030586623,2156.3586948874336,1,0,0,1,1,1,0,0,1,1,1,1,1,0,0,0,0,0,1,0,1,0,1,0,1,1,1,1,0,0,1,0,1,0,1,0,1,1,0,0,0,1,1,0,1,1,0,0,0,0,1,1,0,0,0,0,1,1,1,0,6,4,6,5,4,5,16,14,2,video
17,F,1288.5233912409328,895.4284714689553,2183.9518627098882,1,1,1,1,1,0,1,1,1,1,1,0,1,1,1,1,1,0,0,1,1,1,1,0,0,1,1,1,0,0,1,0,1,1,1,0,1,0,1,1,1,0,1,0,1,1,1,1,0,0,0,1,1,1,1,1,0,0,0,1,9,7,6,7,6,6,22,19,3,video
18,F,1274.074808678345,993.9136899663127,2267.9884986446577,1,1,0,1,1,1,0,1,1,0,1,1,1,1,0,1,1,1,0,0,1,1,0,1,0,0,0,1,1,0,1,1,1,0,1,0,0,1,0,0,1,0,1,0,1,1,1,0,1,1,1,1,0,0,0,0,0,0,0,1,7,7,5,5,7,3,19,15,4,video
20,M,1277.5437911501003,933.6606864814378,2211.204477631538,1,1,0,0,1,1,1,0,0,1,1,0,1,1,0,1,0,1,1,0,1,0,1,1,1,1,1,1,1,1,1,0,0,0,1,0,0,1,1,1,0,0,0,1,0,1,1,1,0,1,1,1,1,0,1,0,0,1,0,1,6,6,9,5,5,6,21,16,5,video
20,F,1262.9080192368863,957.3154661630795,2220.2234853999657,0,0,0,1,1,0,1,1,0,0,1,1,0,0,0,0,0,1,1,0,0,0,1,1,0,0,0,0,0,0,0,1,0,0,1,1,1,1,0,0,1,1,1,1,1,0,0,1,1,1,0,0,0,1,0,1,1,0,1,1,4,4,2,5,8,5,10,18,-8,text
19,M,1256.1419472855414,1016.4985762395955,2272.640523525137,0,1,0,1,1,0,1,1,1,1,1,1,0,1,1,1,0,1,0,0,0,1,0,1,0,0,1,1,1,0,1,0,1,1,1,0,1,0,1,0,1,0,0,1,0,0,1,0,0,1,1,0,1,0,0,1,1,0,1,1,7,6,5,6,4,6,18,16,2,video
20,F,1233.5231362063103,975.0493371791403,2208.5724733854504,1,0,1,0,0,0,0,1,1,0,1,1,1,1,1,0,1,1,1,0,1,0,0,1,0,0,0,0,1,1,0,0,0,1,1,0,0,1,0,1,1,1,1,0,0,1,0,0,1,0,0,0,0,1,1,0,0,1,1,0,4,8,4,4,5,4,16,13,3,video
19,F,1265.128663010927,922.7054764876672,2187.834139498594,1,1,0,1,0,0,0,0,1,1,1,1,1,1,0,1,1,0,1,1,0,0,0,1,0,0,1,0,0,0,1,1,1,1,1,0,1,0,0,0,0,0,1,1,1,1,1,0,1,1,0,1,0,1,1,0,0,1,0,0,5,8,2,6,7,4,15,17,-2,text
20,F,1240.8294824844727,885.4293292696818,2126.2588117541545,0,0,0,1,0,1,1,0,0,0,1,1,1,0,0,0,0,0,0,1,1,0,0,1,0,1,1,0,0,0,1,0,0,0,0,0,1,0,0,1,0,1,1,0,0,0,1,1,0,0,0,0,1,0,1,1,1,0,1,1,3,4,4,3,4,6,11,13,-2,text
17,F,1268.7180070340075,990.7380335408864,2259.456040574894,1,1,0,0,1,0,1,0,0,1,1,0,0,0,0,0,0,1,1,1,1,1,1,0,0,0,1,1,1,1,1,0,0,1,1,1,1,1,1,0,1,0,0,1,1,0,1,1,1,0,0,1,1,1,1,1,0,1,1,1,5,4,7,7,6,8,16,21,-5,text
20,M,1295.4513616735762,975.5936190762648,2271.0449807498408,1,0,0,0,0,1,0,0,1,0,1,0,0,1,0,0,0,1,0,1,1,1,0,0,0,0,1,1,1,1,1,0,1,1,1,1,0,1,1,1,0,0,0,1,0,1,1,0,1,1,1,1,1,0,1,0,0,1,1,0,3,4,6,8,5,6,13,19,-6,text
19,M,1272.166455234493,948.0455327384761,2220.211987972969,1,1,1,1,1,1,0,0,0,1,1,0,1,1,1,1,1,1,0,1,1,0,1,1,0,1,1,1,1,1,0,1,1,0,0,0,0,0,1,0,0,1,0,1,1,0,1,1,1,1,0,1,1,1,1,0,0,1,1,0,7,8,8,3,7,6,23,16,7,video
19,F,1232.1173674688202,1027.8892656500777,2260.006633118898,0,1,0,1,1,0,1,1,1,1,1,0,1,1,1,0,1,0,0,0,1,1,0,0,0,1,1,1,0,1,1,1,0,1,1,1,1,1,0,1,0,0,0,0,0,1,0,1,0,0,0,1,0,1,0,1,0,0,1,1,7,5,6,8,2,5,18,15,3,video
18,F,1209.500302890311,990.8360041698654,2200.3363070601763,1,0,1,0,1,1,1,0,1,1,0,1,1,1,1,0,1,1,1,0,1,1,1,1,1,1,0,1,0,0,1,0,0,1,1,0,1,0,1,1,1,1,1,1,1,0,0,1,0,0,0,0,0,1,1,1,0,0,1,1,7,7,7,6,6,5,21,17,4,video
17,M,1244.6256963987096,1048.3108828815248,2292.9365792802346,1,1,1,0,1,1,1,0,0,1,0,1,1,0,1,1,1,0,0,0,0,1,1,1,1,1,0,1,1,1,0,1,1,1,0,1,1,1,1,1,1,1,1,0,1,0,1,1,0,1,1,1,0,0,1,0,1,0,1,0,7,5,8,8,7,5,20,20,0,video
20,M,1205.0960608620035,957.3652117496362,2162.4612726116397,1,0,1,1,0,1,1,1,0,0,0,1,0,1,1,1,1,1,0,0,1,1,1,1,1,1,0,1,1,1,1,1,1,0,0,1,0,0,0,1,1,1,1,0,0,0,1,0,1,0,1,0,0,0,1,1,1,1,0,0,6,6,9,5,5,5,21,15,6,video
18,M,1241.7393217142428,975.9756652452701,2217.7149869595128,1,1,0,1,0,1,1,1,0,1,0,1,0,1,0,1,0,1,1,1,0,1,0,1,1,1,0,0,0,1,1,0,0,1,1,0,0,1,1,1,0,1,1,0,0,0,1,1,0,0,0,0,0,1,1,0,0,1,0,1,7,6,5,6,4,4,18,14,4,video
20,M,1261.8628130024915,982.0368730152222,2243.899686017714,0,0,1,0,0,0,0,1,1,0,1,0,0,0,0,1,1,1,1,1,1,0,0,1,1,0,1,1,1,0,0,1,1,0,1,1,1,0,0,0,0,0,1,1,1,0,0,1,1,1,1,0,0,0,1,0,1,1,0,1,3,6,6,5,6,5,15,16,-1,equal
20,F,1320.2987064137947,987.6866937213395,2307.985400135134,1,0,1,1,1,1,0,0,0,1,0,0,0,1,1,1,0,1,1,0,0,0,1,0,1,1,1,1,1,0,1,1,0,0,1,0,1,1,1,0,1,0,1,0,0,1,0,1,1,1,0,1,1,0,1,1,0,1,1,0,6,5,6,6,6,6,17,18,-1,text
18,M,1310.5821056633547,986.4640150875239,2297.046120750879,1,0,1,1,1,1,0,1,1,1,1,0,1,0,0,0,0,1,0,0,1,1,1,0,0,1,1,1,1,0,1,1,1,0,1,1,1,1,0,1,0,1,1,1,1,1,0,0,1,0,0,1,1,0,1,0,0,1,0,1,8,3,7,8,6,5,18,19,-1,equal
18,F,1259.0086010441073,1012.3291029664766,2271.337704010584,1,1,0,0,1,0,1,1,1,1,1,0,0,0,1,0,1,1,1,1,0,1,1,0,1,1,1,0,0,1,1,1,1,1,1,0,1,1,1,1,1,0,1,0,1,0,1,1,0,1,0,0,1,0,0,1,1,0,1,1,7,6,6,9,6,5,19,20,-1,equal
18,M,1252.072809234051,1006.7882138248768,2258.861023058928,1,1,0,1,1,1,1,1,0,1,1,0,0,1,1,1,0,1,0,0,1,1,1,1,1,0,0,1,0,1,0,0,0,0,1,1,0,1,0,1,1,1,1,1,1,1,1,1,0,0,1,1,0,0,1,1,1,1,0,0,8,5,7,4,8,6,20,18,2,equal
18,M,1280.98275551071,937.3187996900668,2218.301555200777,1,1,0,0,0,1,1,1,1,0,0,0,1,1,1,1,1,0,0,1,1,1,1,0,1,1,1,0,1,1,0,0,1,0,1,1,0,1,1,0,1,0,1,0,1,1,1,0,0,1,1,1,0,1,1,0,0,1,1,0,6,6,8,5,6,6,20,17,3,video
18,M,1276.4085208727652,927.5134612002521,2203.9219820730173,1,0,0,1,0,0,0,0,0,1,0,1,0,1,0,0,1,0,1,0,1,1,0,1,0,1,1,1,1,1,0,1,1,1,0,0,1,1,1,0,1,1,0,0,0,1,0,0,0,1,1,0,0,0,0,1,1,0,0,0,3,4,8,6,4,3,15,13,2,video
20,M,1304.7379077448481,1032.0715077893237,2336.809415534172,1,1,1,0,0,1,0,1,0,0,0,1,0,1,0,1,0,0,0,1,0,1,0,1,1,1,1,1,1,1,0,1,1,0,1,0,0,1,0,1,0,1,0,0,1,0,0,0,0,1,1,1,0,1,1,1,1,0,1,0,5,4,8,5,3,7,17,15,2,video
18,M,1227.2013547025983,997.7684005684073,2224.969755271006,0,0,1,1,1,1,0,0,1,1,1,0,0,1,1,0,0,1,1,1,1,1,1,0,1,0,1,1,0,1,1,0,1,1,1,1,1,1,1,1,0,1,0,0,1,1,1,1,0,1,1,1,0,0,0,0,1,1,1,1,6,6,7,9,6,6,19,21,-2,equal
17,F,1316.6892830769011,1033.0460412894513,2349.7353243663524,0,1,1,0,1,0,1,1,1,1,0,0,1,1,0,0,1,1,1,0,1,1,0,1,1,1,1,1,1,1,1,1,1,1,0,0,1,1,1,0,0,1,1,1,1,0,1,0,1,0,1,1,0,0,0,0,0,1,0,0,7,5,9,7,6,3,21,16,5,video
19,F,1222.1598098199795,1046.7146164783828,2268.8744262983623,1,0,0,1,1,1,1,1,0,1,1,1,0,1,0,1,0,0,1,1,1,1,0,0,0,0,1,1,0,1,1,1,0,0,1,0,0,1,0,1,1,0,0,1,0,1,0,0,0,0,0,1,1,1,0,1,1,0,0,0,7,6,5,5,3,5,18,13,5,video
18,M,1259.0057888357048,988.9581788193361,2247.963967655041,0,1,1,0,1,0,0,0,0,1,0,1,1,0,1,1,1,1,0,1,0,0,0,1,0,1,0,1,0,0,1,1,1,1,1,1,1,0,1,1,0,0,0,1,0,0,1,1,1,0,0,0,0,0,0,0,1,1,0,0,4,7,3,9,4,2,14,15,-1,video
18,M,1240.1510288826903,1072.470871579424,2312.6219004621144,1,1,0,1,0,1,1,0,0,0,1,0,0,0,0,1,1,1,0,1,0,1,0,0,1,1,1,0,0,1,1,0,0,1,1,0,1,0,1,0,0,1,1,0,0,1,1,1,1,1,0,1,0,0,1,0,0,1,1,1,5,5,5,5,7,5,15,17,-2,text
20,F,1207.674208019569,970.3661211426872,2178.040329162256,0,1,1,0,1,1,1,1,1,1,0,1,1,1,1,0,0,1,0,1,1,1,1,1,0,1,0,1,1,0,1,1,0,1,0,1,0,0,0,1,1,0,0,0,1,0,0,0,1,0,1,0,0,1,0,1,0,1,1,0,8,6,7,5,3,5,21,13,8,video
18,M,1309.8608024216044,1086.8193561520827,2396.680158573687,1,1,0,0,0,0,0,0,1,1,1,1,0,0,0,1,0,1,0,1,1,1,1,0,0,0,1,1,0,0,1,0,1,0,0,1,0,1,1,1,0,1,1,0,1,1,1,1,1,1,1,1,1,0,0,1,0,0,0,1,4,5,5,6,8,5,14,19,-5,text
18,M,1182.7411058934724,924.0213571251995,2106.762463018672,1,1,0,1,1,1,1,0,0,1,1,1,1,1,0,1,1,1,1,1,1,0,1,1,0,0,0,0,1,1,0,1,0,1,1,1,0,1,1,1,0,0,0,0,1,1,1,1,0,1,1,1,1,0,1,1,0,1,1,0,7,9,5,7,5,7,21,19,2,video
18,F,1288.0819647149938,1015.6075601454836,2303.6895248604774,1,0,0,1,1,0,1,1,0,0,0,0,1,0,0,1,1,1,1,0,0,1,1,0,1,1,0,1,1,1,1,0,0,1,1,0,1,0,1,0,0,0,1,1,1,0,1,0,1,1,1,0,0,1,0,1,0,0,1,1,5,5,7,5,6,5,17,16,1,video
20,M,1254.5146587442152,1006.7700466323006,2261.284705376516,1,0,1,1,0,0,1,1,0,1,1,0,0,0,0,0,1,0,1,1,0,1,1,0,1,1,1,0,0,1,1,1,0,0,0,0,1,1,0,1,0,0,1,1,0,1,0,1,1,1,0,0,1,1,1,1,1,1,1,1,6,4,6,5,6,8,16,19,-3,text
18,M,1246.255471688111,1009.1455854577873,2255.4010571458984,0,1,0,1,1,0,1,1,0,0,1,1,1,1,1,0,0,1,1,1,1,0,1,1,0,1,0,1,0,0,1,1,1,1,0,1,0,1,0,0,1,0,1,1,1,1,1,1,1,0,1,1,1,1,1,1,1,1,0,1,5,8,5,6,8,9,18,23,-5,text
19,F,1280.86741557497,1036.452100296069,2317.3195158710387,0,0,1,1,0,0,1,1,1,1,1,0,1,1,1,0,0,1,1,0,1,1,1,0,1,1,1,1,1,0,1,1,0,0,1,1,1,1,0,0,1,1,0,0,0,1,0,1,1,0,0,1,0,0,1,0,1,0,1,1,6,6,8,6,5,5,20,16,4,video
20,F,1241.3340964991728,1049.0358886062884,2290.369985105461,1,0,0,0,0,1,1,0,0,0,1,0,1,0,0,1,0,1,1,1,0,0,0,1,0,0,1,0,1,0,0,1,1,0,0,1,1,0,1,1,1,0,1,0,0,1,1,1,1,1,0,1,0,0,1,1,0,0,0,1,3,6,3,6,7,4,12,17,-5,text
19,F,1237.614071359755,944.2770728942095,2181.8911442539643,1,1,1,0,1,1,0,0,1,1,1,1,0,0,0,1,0,1,0,0,0,0,1,0,1,0,1,0,1,1,0,1,1,1,1,0,1,0,1,0,1,0,1,1,0,1,1,0,1,1,1,1,0,1,0,0,0,0,1,1,7,4,5,6,7,5,16,18,-2,text
20,M,1297.064061287718,1000.5910708846056,2297.6551321723236,1,0,0,1,1,0,1,1,1,1,1,1,1,1,1,1,1,0,1,1,1,1,1,1,0,1,0,1,1,1,1,1,1,0,0,1,1,1,0,0,1,0,1,1,1,0,1,1,1,1,0,1,0,1,1,1,1,1,1,0,7,9,8,6,8,7,24,21,3,video
18,F,1244.5866373585513,1040.783554799045,2285.3701921575966,1,1,0,1,0,0,1,1,1,1,1,1,1,1,0,0,0,1,1,1,1,1,0,0,1,1,1,1,1,1,0,0,1,1,1,0,0,0,1,1,1,1,1,1,1,1,1,0,1,1,0,0,1,0,1,1,1,1,1,1,7,7,8,5,9,7,22,21,1,equal
19,F,1306.3520679655098,1007.5090018896291,2313.861069855139,1,0,0,0,1,1,1,1,1,0,0,1,1,0,1,1,1,0,0,1,0,0,1,1,1,0,1,0,1,0,1,0,1,0,1,1,1,0,0,1,1,0,0,1,1,0,1,0,1,0,1,0,1,0,0,0,0,1,1,0,6,6,5,6,5,4,17,15,2,video
20,F,1288.4959071589426,1006.2275799379216,2294.723487096864,1,1,0,0,0,1,0,1,1,1,1,1,0,1,0,1,1,1,0,0,0,0,1,1,0,1,1,1,0,1,0,1,1,1,1,0,0,0,0,1,1,0,1,1,0,0,0,0,1,1,0,0,1,1,0,1,0,1,1,0,6,6,6,5,5,5,18,15,3,video
17,F,1289.3600202477467,1000.4714333105601,2289.8314535583067,1,1,1,1,1,0,1,1,0,1,1,0,1,0,0,0,1,1,1,1,0,1,1,1,1,1,0,1,0,0,1,1,0,0,1,1,1,0,1,1,1,1,1,1,0,0,1,0,0,1,1,1,0,0,0,0,0,0,0,1,8,6,6,7,6,3,20,16,4,video
18,F,1254.1411402608992,937.3828710962217,2191.524011357121,1,1,1,0,1,1,1,0,1,1,0,1,0,0,0,1,0,0,1,1,1,1,1,1,1,0,1,0,1,1,1,0,0,1,0,0,0,1,0,1,1,0,0,1,0,1,0,0,1,1,0,1,1,1,1,0,1,0,1,0,8,4,8,4,5,6,20,15,5,video
20,F,1296.2583591999235,1004.2034032143281,2300.4617624142516,1,1,1,1,1,0,1,0,0,0,0,1,1,0,1,1,0,0,0,0,0,1,0,1,1,0,1,1,1,0,0,1,0,1,0,0,0,0,1,1,1,0,0,1,1,1,1,1,0,0,0,0,0,0,1,1,1,0,0,0,6,4,6,4,6,3,16,13,3,video
17,M,1232.6701519451665,973.8550589524579,2206.525210897624,1,0,1,0,0,1,1,1,0,0,0,1,0,0,0,0,1,1,0,0,1,1,1,1,1,0,0,1,1,1,0,1,0,0,0,0,0,1,1,1,0,1,0,0,1,1,1,1,1,1,1,0,0,0,1,0,0,0,1,0,5,3,8,4,7,3,16,14,2,video
20,M,1311.725380851068,954.0445355324146,2265.7699163834823,1,0,0,1,0,0,0,1,0,1,1,1,1,1,1,1,0,0,1,0,0,0,1,0,0,0,1,1,0,1,0,1,1,0,1,1,1,0,0,0,0,1,0,1,0,1,1,1,0,0,1,1,0,0,1,1,1,1,1,1,4,7,4,5,5,8,15,18,-3,text
17,F,1206.0127971072504,982.287742579242,2188.3005396864924,1,1,0,0,1,0,1,0,0,0,0,1,0,1,0,0,0,1,0,1,1,0,1,0,1,1,0,1,1,0,1,0,0,0,0,0,1,0,1,0,0,0,1,0,0,1,0,1,0,1,1,0,1,1,1,0,1,0,0,0,4,4,6,3,4,5,14,12,2,video
18,F,1200.3159784417687,1045.3871082596177,2245.7030867013864,1,0,1,0,0,0,1,0,0,0,1,0,0,1,1,0,1,0,0,0,1,1,0,1,0,1,1,1,1,0,0,1,1,1,1,1,1,0,0,0,1,1,1,1,0,1,1,1,1,1,1,1,1,1,0,1,1,1,1,1,3,4,7,6,9,9,14,24,-10,text
19,F,1208.7527524175684,1025.1962079615585,2233.948960379127,1,1,1,1,1,0,1,1,1,0,1,1,0,0,1,1,0,1,0,0,1,1,1,0,1,1,0,0,1,0,1,1,1,0,0,1,1,0,0,0,1,1,0,0,1,0,1,1,1,1,0,0,0,1,1,1,1,0,1,1,8,5,6,5,7,6,19,18,1,equal
17,M,1250.2802128088265,995.362314376258,2245.6425271850844,1,1,1,1,1,1,0,0,0,1,1,1,0,0,1,1,1,1,1,0,0,1,1,0,1,1,1,1,1,0,1,1,0,1,0,0,1,1,0,1,0,1,1,0,0,1,1,1,0,1,1,0,1,1,0,1,1,1,0,1,7,7,7,6,6,7,21,19,2,video
20,M,1291.177878275056,967.5332917166786,2258.7111699917346,1,1,0,1,0,0,1,0,1,0,1,0,0,1,1,0,0,1,0,1,1,1,1,0,1,0,1,1,1,1,1,0,1,0,1,0,0,0,1,0,1,0,1,1,1,1,1,0,1,0,1,1,1,1,1,0,1,0,1,0,5,5,8,4,7,7,18,18,0,equal
18,M,1260.767531925205,969.5362165883762,2230.303748513581,1,1,1,1,1,1,0,0,1,1,1,0,1,1,1,1,1,0,1,0,1,1,0,1,0,1,1,0,1,0,1,0,1,1,1,1,1,1,0,1,1,1,0,1,0,1,1,1,0,1,1,0,1,0,0,0,1,1,0,1,8,7,6,8,7,5,21,20,1,video
17,M,1258.8387793273432,1010.7604641475617,2269.599243474905,1,0,1,1,0,0,0,0,0,1,1,1,1,1,1,1,0,1,1,1,0,0,0,1,1,1,1,1,1,1,1,1,1,0,0,1,0,1,0,1,1,1,1,1,1,0,0,0,0,0,0,1,0,0,1,1,1,0,0,0,4,9,7,6,5,4,20,15,5,video
20,M,1280.5796204704038,957.9669439968552,2238.546564467259,0,0,1,1,1,1,0,1,0,1,0,1,0,1,0,1,1,0,0,0,0,0,1,1,1,0,1,1,0,0,0,1,0,1,1,0,0,0,1,0,1,1,1,1,1,1,0,1,1,1,0,0,1,1,1,1,1,1,1,0,6,4,5,4,9,7,15,20,-5,text
20,M,1282.0110584663762,1012.2731244485318,2294.284182914908,1,1,1,1,1,0,0,0,1,0,1,1,0,1,1,0,1,0,1,0,1,1,0,1,1,1,1,1,1,0,1,1,0,0,0,1,1,1,1,1,0,0,0,0,0,0,0,0,1,1,0,1,0,0,0,1,1,1,0,1,6,6,8,7,2,5,20,14,6,video
20,M,1222.0320636175559,1016.9563488819988,2238.9884124995547,1,1,1,1,0,1,0,1,0,1,0,1,1,1,1,0,1,1,0,1,0,0,0,0,1,1,1,1,0,0,0,0,0,0,0,1,0,1,1,1,0,1,0,0,0,1,0,1,1,0,1,1,0,1,1,0,1,1,0,0,7,7,4,4,4,6,18,14,4,video
17,M,1274.7738245897408,971.6804268285779,2246.4542514183186,1,1,0,1,1,1,0,1,0,0,1,1,0,1,0,0,0,0,0,0,1,1,1,0,1,0,1,0,1,0,0,0,1,0,0,1,0,0,1,0,0,1,0,0,0,1,1,1,0,0,1,1,1,0,0,1,1,1,1,0,6,3,6,3,4,7,15,14,1,text
17,M,1216.8844428293746,1079.8274093383936,2296.7118521677685,1,1,1,0,1,1,0,0,0,1,1,0,1,0,1,1,1,1,1,1,0,1,0,0,1,1,0,0,0,0,1,1,0,0,0,0,0,0,0,0,0,1,1,1,0,0,0,1,1,0,1,1,0,1,1,1,1,0,1,1,6,8,3,2,5,8,17,15,2,text
17,F,1272.2999725039872,1006.7292447529852,2279.0292172569725,0,1,1,0,1,0,1,1,0,0,1,1,0,1,0,1,0,0,1,1,1,0,1,0,1,1,1,1,1,0,1,0,1,1,1,1,1,1,0,0,0,1,0,1,0,1,0,0,1,1,0,1,0,1,1,0,1,1,0,0,5,6,7,7,5,5,18,17,1,video
19,F,1243.6400056283883,988.1812939405638,2231.821299568952,0,1,0,0,0,1,1,1,0,1,1,1,1,0,1,1,0,0,0,0,0,0,1,0,0,0,1,1,1,1,0,0,1,1,1,0,1,1,0,0,0,1,0,1,0,1,1,1,1,0,0,0,1,0,1,1,1,1,1,1,5,5,5,5,6,7,15,18,-3,text
17,F,1303.880180807194,1029.967316532849,2333.847497340043,1,0,1,1,1,0,1,1,1,1,0,0,1,1,0,1,1,1,0,1,1,0,1,1,0,1,0,1,1,1,0,0,1,1,1,1,1,1,0,0,1,0,0,1,1,0,0,1,0,1,0,1,1,0,0,1,1,1,1,1,8,6,7,6,5,7,21,18,3,video
17,F,1257.9991267791845,1016.7323121659582,2274.7314389451426,1,1,0,1,1,1,0,1,1,1,1,1,0,1,1,1,0,1,1,1,1,1,1,1,1,1,1,1,0,0,0,1,0,0,1,0,0,1,0,0,0,1,0,1,0,0,1,1,1,1,0,1,1,1,0,1,0,0,0,1,8,8,8,3,6,5,24,14,10,video
17,M,1269.1767498257793,972.2305978552836,2241.4073476810627,0,0,0,0,1,0,1,1,0,1,1,0,1,1,0,0,1,1,1,0,1,1,1,1,0,1,0,1,0,0,1,1,1,0,1,1,0,1,1,1,0,1,0,1,1,0,0,0,0,1,0,0,0,0,1,0,0,1,1,0,4,6,6,8,4,3,16,15,1,video
19,M,1273.1258306839047,966.5157639275999,2239.641594611505,1,1,0,0,1,0,0,0,0,1,1,1,0,0,0,1,1,0,1,1,0,1,1,1,1,0,1,1,1,0,1,0,1,0,1,1,0,0,1,1,0,0,0,0,1,0,0,1,1,0,0,0,0,1,0,0,1,1,0,0,4,6,7,6,3,3,17,12,5,video
17,F,1258.3952733601432,1040.5201136520207,2298.9153870121636,1,1,1,1,1,0,0,1,1,0,1,0,1,0,0,0,0,1,0,1,1,0,0,0,1,0,0,1,1,1,1,1,1,1,1,0,0,0,1,0,0,1,1,0,0,0,1,0,1,0,0,1,1,1,1,1,0,0,0,0,7,4,5,6,4,5,16,15,1,equal
20,M,1300.1803479668,1018.633983504553,2318.814331471353,1,0,0,0,0,1,0,1,0,1,0,1,1,0,1,0,1,0,1,1,1,1,1,1,1,1,0,0,1,0,0,0,1,0,1,1,0,1,0,1,1,0,1,1,1,0,1,1,0,0,0,1,0,0,1,1,0,0,0,0,4,6,7,5,6,3,17,14,3,video
17,F,1281.6976240770566,1019.3205763515052,2301.0182004285616,0,1,0,1,1,1,0,0,1,1,0,1,1,0,0,0,0,0,1,1,1,0,0,1,0,1,1,1,1,0,0,1,1,1,1,1,0,1,1,0,0,1,0,0,1,1,1,0,1,1,0,1,1,1,1,0,0,1,1,1,6,4,6,7,6,7,16,20,-4,text
20,M,1235.4860932007025,1007.9710844100462,2243.4571776107487,1,0,1,1,0,1,1,1,0,1,1,1,1,0,1,1,1,1,0,1,0,1,1,0,1,0,0,1,1,0,0,0,0,1,1,1,0,0,0,0,1,1,1,1,1,1,0,0,0,1,1,0,0,0,0,0,1,1,1,0,7,8,5,3,7,4,20,14,6,video
20,F,1307.306872891158,978.9465297821948,2286.253402673353,1,1,1,1,0,1,1,0,1,1,0,1,0,0,1,1,1,1,0,0,1,0,0,0,1,1,1,0,1,1,1,0,0,1,0,1,0,0,1,1,1,0,1,0,1,0,0,0,1,0,1,1,1,1,0,1,0,1,1,1,8,5,6,5,4,8,19,17,2,equal
20,M,1239.7122599714555,966.6306471130744,2206.34290708453,1,1,1,0,1,1,1,1,1,1,1,1,1,1,0,0,1,1,0,1,0,0,1,1,0,1,1,1,1,0,1,1,0,0,1,1,1,0,0,0,1,1,1,0,1,0,1,1,1,0,1,0,1,1,1,0,1,1,1,1,9,7,6,5,7,8,22,20,2,text
19,M,1280.3797879068488,945.959120067496,2226.3389079743447,0,0,1,1,1,1,1,0,0,1,0,1,1,0,1,0,0,1,0,1,1,1,1,0,1,0,1,1,0,1,0,1,0,0,0,1,1,0,0,1,1,0,1,0,1,1,1,1,1,0,0,0,0,1,1,0,1,1,0,1,6,5,7,4,7,5,18,16,2,video
19,F,1215.5057576384932,944.0900322187938,2159.595789857287,1,1,1,1,0,1,1,0,1,0,1,1,0,0,0,1,1,1,1,0,1,0,0,1,1,0,0,1,1,1,0,0,1,1,0,1,1,1,0,0,0,0,0,1,0,1,1,0,1,0,1,0,1,1,1,1,1,0,0,1,7,6,6,5,4,7,19,16,3,video
19,M,1324.7433594407314,951.1495572687625,2275.892916709494,0,1,0,1,1,1,1,1,1,1,1,1,0,1,1,1,0,1,0,0,0,1,0,1,0,0,1,0,1,0,1,1,1,0,1,0,1,0,0,1,0,0,0,1,0,0,1,1,1,1,0,1,0,1,1,0,1,0,0,0,8,6,4,6,5,4,18,15,3,video
17,F,1298.1574057369312,1009.7522464044671,2307.9096521413985,1,1,1,0,1,1,1,0,1,1,1,1,1,1,0,1,1,1,0,0,0,1,1,1,1,1,0,0,0,1,0,0,0,1,0,0,1,1,0,0,1,0,0,0,1,1,0,0,1,1,1,1,0,0,0,1,1,1,0,1,8,7,6,3,5,6,21,14,7,video
20,F,1268.5660668726925,953.1211633297515,2221.687230202444,0,1,1,0,1,1,1,0,0,1,0,1,1,0,0,0,1,0,0,0,1,0,1,1,1,1,1,0,1,0,0,1,1,1,0,1,1,0,0,1,1,1,0,0,1,0,1,1,0,1,0,0,1,1,1,0,1,1,1,0,6,3,7,6,6,6,16,18,-2,text
19,F,1290.1207923090687,995.7058850960543,2285.826677405123,1,1,1,1,1,1,1,1,1,1,1,0,0,0,1,0,0,0,1,0,0,1,0,1,1,1,0,1,1,1,1,1,0,1,1,0,0,1,1,1,1,0,0,0,1,0,1,0,1,0,1,1,0,1,0,0,0,0,1,1,10,3,7,7,4,5,20,16,4,video
19,F,1230.393361401881,989.7639221020078,2220.1572835038887,1,1,0,0,1,1,1,0,1,1,1,0,0,0,0,1,1,1,1,1,1,1,0,0,0,0,1,0,1,0,0,1,0,1,1,1,0,1,1,1,1,1,1,0,1,1,0,1,0,1,1,1,1,0,1,0,1,1,0,0,7,6,4,7,7,6,17,20,-3,text
17,M,1187.5516764035476,924.0680298413391,2111.619706244887,1,0,1,1,0,1,0,0,0,0,0,1,0,0,0,1,0,0,0,1,1,1,0,0,1,1,1,1,0,0,1,1,0,0,1,0,1,0,0,0,0,1,1,1,1,1,0,1,1,1,0,1,1,0,0,0,0,1,0,1,4,3,6,4,8,4,13,16,-3,text
19,M,1298.6298243784865,1013.3117594099391,2311.9415837884258,1,1,1,0,1,1,1,0,0,0,1,1,1,0,1,0,0,0,1,1,1,0,0,1,1,0,0,1,1,1,1,1,1,1,1,0,1,0,1,0,1,0,0,0,1,1,1,1,1,0,1,1,1,1,0,0,1,1,0,1,6,6,6,7,6,7,18,20,-2,text
17,M,1220.2079272651338,988.9019894835494,2209.109916748683,1,0,0,0,1,0,1,1,1,1,0,0,1,1,1,1,0,0,1,1,1,0,1,1,0,1,1,0,0,0,0,0,1,1,1,0,1,1,0,0,1,1,0,1,1,0,1,1,1,1,0,0,0,0,0,1,1,0,1,1,6,6,5,5,8,4,17,17,0,equal
18,F,1277.3426191363158,988.1662379913652,2265.508857127681,0,0,1,1,1,1,0,0,0,0,1,1,0,1,0,0,0,0,1,0,0,1,0,1,0,1,1,1,0,1,1,1,1,0,1,0,1,1,1,1,0,1,1,1,1,1,1,1,0,0,1,0,0,0,1,1,1,1,1,1,4,4,6,8,7,7,14,22,-8,text
19,M,1209.0594188009875,946.9773181536068,2156.0367369545943,1,1,0,1,1,0,1,0,1,0,1,1,0,0,0,1,1,1,0,1,1,1,1,1,0,1,0,1,0,0,0,1,1,0,0,1,1,1,0,1,1,1,0,0,1,1,0,0,0,0,1,1,1,1,1,1,1,1,0,1,6,6,6,6,4,9,18,19,-1,text
18,F,1301.3738390680753,1000.0710863848539,2301.444925452929,1,0,1,0,0,1,1,1,1,1,1,1,0,1,1,0,1,1,1,0,0,1,0,1,0,0,0,1,1,1,1,1,0,0,1,1,0,1,0,1,1,0,1,1,1,0,1,1,1,0,1,1,0,0,0,1,0,1,1,0,7,7,5,6,7,5,19,18,1,equal
17,M,1250.5490251422914,1000.1864852168541,2250.7355103591453,0,1,0,0,1,0,0,0,0,0,1,0,1,0,0,1,0,1,1,1,0,0,0,1,0,0,1,1,1,0,1,0,0,1,1,0,1,1,1,1,0,1,0,0,1,0,0,0,1,1,1,1,1,0,1,0,0,1,1,0,2,6,4,7,4,6,12,17,-5,text
20,M,1250.4015297832702,1054.9180794624815,2305.319609245752,0,0,1,0,1,1,0,1,0,1,0,1,0,1,1,0,1,0,0,1,1,0,0,0,1,0,1,0,0,1,0,0,1,1,0,1,0,1,0,1,0,1,0,1,1,1,0,0,1,1,1,1,1,0,1,0,0,0,0,1,5,5,4,5,6,5,14,16,-2,text
19,M,1256.5205541683563,1005.1612667807872,2261.6818209491435,1,1,1,0,1,1,1,0,0,1,1,0,0,1,1,1,1,0,0,1,0,1,0,0,1,1,0,1,1,1,0,1,1,0,0,1,1,0,1,0,1,1,1,0,0,0,1,0,1,0,1,1,1,0,1,0,1,1,1,1,7,6,6,5,5,8,19,18,1,text
17,F,1308.2125773070338,1025.0651713401965,2333.2777486472305,0,1,0,1,0,0,0,1,0,0,1,1,1,1,0,1,1,0,1,1,1,0,0,0,1,0,1,1,1,0,0,0,0,1,0,1,0,1,0,0,1,1,0,1,1,0,0,0,1,1,1,0,0,0,0,0,0,1,0,0,3,8,5,3,6,2,16,11,5,video
20,M,1262.0280003895684,1004.4306570229699,2266.4586574125383,1,1,1,1,0,1,0,1,0,0,1,1,0,0,1,1,0,0,1,1,1,0,1,0,1,1,1,0,0,1,1,1,1,0,0,1,0,1,0,0,0,1,0,1,1,1,0,0,0,0,1,1,1,1,0,0,1,0,1,1,6,6,6,5,4,7,18,16,2,video
20,M,1261.2803753468427,923.8435317009659,2185.1239070478086,0,0,1,1,1,1,0,1,0,1,0,1,1,1,1,0,1,0,1,1,1,0,0,1,1,1,0,0,1,0,1,0,0,1,1,1,1,0,1,0,1,1,1,1,0,1,1,0,0,0,1,1,0,0,1,1,1,1,0,1,6,7,5,6,6,7,18,19,-1,text
18,F,1280.7165662789482,950.9972627000245,2231.7138289789727,1,0,1,0,1,0,0,0,0,0,1,1,1,0,1,0,0,1,1,1,1,1,1,0,0,1,1,1,0,0,1,1,1,1,1,0,1,0,0,1,1,1,0,1,1,0,0,1,0,1,0,1,0,1,0,1,0,1,1,1,3,7,6,7,6,6,16,19,-3,text
17,M,1254.6690833133666,1006.6654223606872,2261.3345056740536,1,1,0,0,1,0,1,1,0,0,1,0,1,0,1,0,0,1,0,0,0,1,0,0,1,0,1,1,1,1,1,0,0,0,0,1,1,1,0,0,1,1,1,1,0,1,0,0,0,0,1,0,1,0,1,1,1,1,0,0,5,4,6,4,5,6,15,15,0,equal
20,F,1259.1986296748519,975.2545696916808,2234.4531993665328,0,1,0,1,1,1,1,0,0,0,1,1,1,1,1,0,1,0,1,1,0,1,0,0,1,0,1,1,0,1,1,1,0,1,0,1,0,0,1,1,0,0,0,1,1,1,1,0,1,0,0,0,1,1,0,1,0,0,1,1,5,8,5,6,5,5,18,16,2,video
19,M,1270.3660838651324,1031.5430261809838,2301.9091100461164,0,0,0,1,1,0,1,1,1,1,1,0,0,1,1,1,0,1,0,1,0,1,0,1,0,1,0,0,1,0,1,0,1,0,0,1,0,0,0,1,1,1,1,1,0,1,0,0,1,1,0,0,1,0,1,0,1,1,1,0,6,6,4,4,7,5,16,16,0,text
19,F,1262.0590560774097,940.8857648327929,2202.9448209102025,0,1,1,1,0,0,1,1,0,0,1,0,1,1,0,1,1,1,0,0,1,1,1,1,1,0,1,1,1,1,0,1,1,1,1,1,1,1,1,0,0,0,0,1,1,0,0,1,1,0,0,0,0,1,1,0,1,1,0,1,5,6,9,8,4,5,20,17,3,video
18,F,1269.1234845245785,961.7611253322245,2230.884609856803,0,1,1,1,1,1,1,1,1,1,1,0,1,1,1,1,0,1,0,1,1,0,1,1,1,0,1,0,1,0,1,1,0,0,1,1,1,1,1,1,0,0,1,1,1,0,1,1,1,0,0,0,1,1,1,0,1,1,1,0,9,7,6,8,6,6,22,20,2,video
20,M,1302.6820492252698,995.1010691292928,2297.7831183545627,1,0,1,0,1,1,1,1,1,0,0,1,0,1,1,0,0,0,1,0,1,1,1,0,0,0,1,1,1,1,1,1,0,1,1,1,0,1,1,0,1,0,0,0,1,0,0,0,1,0,1,1,0,0,1,0,1,1,0,1,7,4,7,7,3,6,18,16,2,video
17,F,1249.2473668493344,984.7584241347143,2234.005790984049,1,0,1,1,1,1,1,0,0,0,1,1,1,0,0,1,1,1,0,0,1,1,1,1,1,1,0,0,1,0,0,0,1,0,1,1,0,0,1,1,1,1,0,1,1,0,1,1,0,1,0,1,1,1,1,1,1,1,1,1,6,6,7,5,7,9,19,21,-2,text
19,F,1180.343238048894,1009.5306990104247,2189.8739370593185,1,1,1,1,1,1,1,0,1,1,1,0,1,0,1,1,1,1,1,1,0,1,1,0,1,0,0,1,1,1,0,0,0,0,1,0,0,1,1,1,1,1,0,0,1,0,1,0,0,1,0,1,1,0,0,0,0,0,0,0,9,8,6,4,5,2,23,11,12,video
20,F,1278.3318184606633,999.9305712179869,2278.26238967865,0,0,0,0,0,1,1,0,1,1,0,1,0,0,1,0,1,1,1,1,1,1,1,1,0,0,1,1,1,1,1,1,0,1,0,1,1,0,1,1,1,0,0,0,1,0,1,1,1,1,1,1,1,0,1,0,0,1,1,0,4,6,8,7,6,6,18,19,-1,video
20,F,1255.941148541004,1090.5736352131455,2346.5147837541494,0,0,1,1,1,0,1,0,0,1,1,0,1,1,1,0,0,0,0,0,0,1,1,0,0,0,1,0,0,1,0,0,0,1,1,0,0,0,0,1,0,0,1,1,1,0,1,1,1,1,1,0,0,1,0,0,1,1,1,1,5,4,4,3,7,6,13,16,-3,text
18,F,1339.5217235274665,1014.5770105774919,2354.0987341049586,1,1,1,1,1,1,0,0,0,1,1,0,1,0,0,1,0,1,1,0,1,0,1,1,0,0,1,1,0,1,0,0,0,0,0,0,1,0,0,0,1,0,1,0,0,1,1,0,1,1,0,0,1,1,0,0,1,1,1,0,7,5,6,1,6,5,18,12,6,video
19,F,1306.3699102819933,978.6077738647234,2284.9776841467165,0,1,0,0,1,1,0,1,0,1,1,1,0,1,0,0,1,1,0,1,0,1,1,0,1,1,1,1,1,0,1,1,1,1,0,0,0,1,1,0,1,0,1,1,1,0,1,0,0,1,1,0,1,0,0,1,1,1,1,1,5,6,7,6,6,7,18,19,-1,equal
19,M,1219.272630499327,950.6746749661614,2169.9473054654886,1,1,0,1,1,0,0,1,0,1,0,1,1,1,1,1,0,1,1,1,1,0,1,1,1,0,1,1,1,1,0,0,0,0,1,1,1,1,1,1,0,0,1,0,0,1,1,0,0,0,1,1,1,0,1,1,1,1,1,0,6,8,8,6,3,8,22,17,5,video
17,F,1250.481743921281,994.1973863714187,2244.6791302926995,1,0,0,0,1,1,1,0,0,0,1,1,1,1,0,0,1,1,0,0,1,1,1,1,1,0,1,1,1,0,1,1,1,0,1,1,0,1,1,0,1,1,0,0,0,1,1,0,1,1,0,1,0,1,1,0,1,0,1,1,4,6,8,7,6,6,18,19,-1,video
19,F,1254.3464096265873,1005.9022353772592,2260.2486450038464,0,1,0,0,1,1,0,0,0,0,0,1,1,1,1,0,1,0,1,1,1,1,0,0,0,1,1,1,1,0,1,1,0,0,0,0,0,1,1,0,1,1,0,1,1,1,1,1,1,1,1,1,0,1,0,0,1,1,1,0,3,7,6,4,9,6,16,19,-3,text
17,M,1264.7840711745048,935.5526345766372,2200.336705751142,0,0,1,0,1,0,1,1,1,0,1,1,0,1,1,1,1,0,0,1,0,1,1,1,1,1,0,0,1,0,1,1,1,1,1,0,1,1,0,0,1,1,1,1,1,1,1,0,1,1,0,0,1,1,0,1,0,0,1,0,5,7,6,7,9,4,18,20,-2,equal
19,M,1269.7818992791135,1086.6833224933634,2356.465221772477,0,0,0,1,0,1,1,1,1,1,1,1,0,1,0,1,0,1,1,1,0,0,1,1,0,1,0,1,1,1,0,0,1,0,1,0,0,1,1,1,1,1,1,1,0,0,0,1,1,1,0,0,1,0,0,1,1,1,1,1,6,7,6,5,7,6,19,18,1,equal
18,M,1249.4839263321053,1000.4939323363103,2249.9778586684156,1,0,0,1,0,1,1,1,0,0,0,0,0,0,0,0,1,1,1,1,0,1,0,1,1,1,0,1,1,0,1,1,1,1,1,1,1,1,0,0,1,1,0,0,1,0,1,0,0,1,0,1,1,1,0,1,0,0,1,1,5,4,6,8,5,6,15,19,-4,text
19,M,1247.7362097922692,1087.1980820125473,2334.9342918048164,0,1,1,1,0,1,1,1,1,0,1,1,1,1,1,0,0,0,0,0,1,0,0,0,1,1,0,0,0,1,1,0,0,1,0,1,1,1,0,0,0,1,0,1,1,1,1,0,1,0,1,1,1,1,0,1,0,1,1,1,7,5,4,5,6,8,16,19,-3,text
17,M,1318.795203953341,976.2185224924846,2295.0137264458253,1,1,0,1,1,0,1,0,1,0,1,0,0,1,1,1,0,0,1,0,1,0,0,1,1,1,1,1,1,1,0,1,0,1,1,0,1,1,0,1,1,1,1,1,1,0,1,0,1,1,1,0,0,1,1,0,0,0,1,0,6,5,8,6,8,4,19,18,1,video
17,M,1241.9229338050354,1008.5000425857846,2250.42297639082,1,1,0,1,0,0,1,1,0,0,1,1,1,1,1,1,0,1,1,1,1,1,1,0,1,0,0,1,1,1,0,1,1,1,1,0,0,1,1,0,1,1,1,1,1,0,1,0,0,0,1,1,0,0,1,1,1,1,1,0,5,9,7,6,6,7,21,19,2,video
18,M,1242.4744595732857,1013.9895222847765,2256.463981858062,0,0,0,1,0,1,1,1,1,0,1,1,1,0,0,1,1,1,0,0,1,0,1,0,1,1,1,1,0,1,1,1,0,1,0,1,0,1,0,1,1,1,1,1,0,1,0,1,0,1,0,1,1,1,0,0,0,1,0,0,5,6,7,6,7,4,18,17,1,video
19,F,1259.0605514962679,1026.0409032515458,2285.1014547478135,0,0,1,1,1,0,1,1,1,0,1,1,1,1,0,1,0,0,1,0,1,1,0,1,0,1,0,0,1,1,1,1,0,1,0,1,0,0,0,1,1,0,0,0,1,1,1,1,0,0,1,0,0,0,1,1,0,1,0,0,6,6,6,5,5,4,18,14,4,video
19,F,1230.2131042073252,960.2291307379811,2190.442234945306,0,0,1,0,1,1,0,0,0,0,1,0,1,1,1,1,1,1,1,1,1,1,1,0,0,0,1,0,1,1,0,0,0,1,1,1,1,1,1,1,1,0,0,0,1,1,1,1,1,1,1,0,0,0,1,1,1,0,0,1,3,9,6,7,7,5,18,19,-1,video
18,M,1225.11498966368,930.7533880121879,2155.868377675868,1,0,1,1,1,0,0,1,1,1,0,1,0,1,0,1,1,1,1,1,0,1,0,0,1,0,0,1,0,1,1,0,1,0,0,1,1,0,1,0,1,1,0,1,1,1,0,0,1,0,1,1,0,0,1,1,1,0,1,1,7,7,4,5,6,7,18,18,0,text
19,F,1222.8788602715813,958.1609600361347,2181.039820307716,1,0,1,1,1,0,0,1,0,0,1,1,0,0,0,1,1,1,1,1,0,1,0,1,0,1,1,1,0,0,1,1,0,1,1,1,1,1,1,1,0,0,1,1,1,1,0,0,0,1,0,1,0,1,1,1,1,0,0,0,5,7,5,9,5,5,17,19,-2,equal
19,F,1179.2289880331102,944.3492412642262,2123.5782292973363,1,1,0,1,1,1,0,1,1,0,1,1,1,0,1,0,0,1,0,1,1,1,1,1,1,1,0,1,0,1,0,1,1,1,0,1,1,1,0,0,1,0,1,1,0,1,1,0,0,0,1,1,1,0,1,1,1,0,1,1,7,6,8,6,5,8,21,19,2,video
17,F,1296.096978609959,970.1509894210968,2266.2479680310557,1,1,1,1,0,0,0,1,0,1,1,0,0,1,1,1,0,1,0,1,1,1,1,1,0,0,0,0,0,1,1,1,1,1,0,1,1,1,0,1,0,0,1,1,0,0,0,0,1,0,1,1,0,1,1,1,1,0,1,0,6,6,5,8,3,7,17,18,-1,text
19,M,1234.0218079336396,969.1225250633041,2203.144332996944,0,1,1,1,1,1,0,1,1,1,1,1,1,1,1,0,0,1,1,1,0,1,1,0,1,1,1,0,0,0,1,1,1,1,1,0,1,1,1,1,1,0,1,1,0,1,1,0,0,1,0,1,0,0,1,1,1,1,1,0,8,8,5,9,6,6,21,21,0,equal
19,M,1215.3765146727624,984.4092432955852,2199.7857579683478,1,1,0,0,1,0,1,1,0,1,0,1,1,0,0,1,1,0,1,0,0,1,1,1,0,1,1,1,0,1,1,1,0,0,1,0,0,1,1,0,0,1,1,0,0,0,0,0,0,0,0,1,0,1,1,1,1,1,0,0,6,5,7,5,2,6,18,13,5,video
18,F,1236.0329147876826,978.3224605586867,2214.3553753463693,1,0,0,0,1,1,0,1,0,0,1,0,0,1,1,1,1,1,1,0,1,1,0,1,0,1,1,1,0,1,0,0,1,1,1,1,0,1,1,1,1,1,0,1,1,1,0,1,1,1,0,0,1,0,1,1,1,1,0,0,4,7,7,7,8,5,18,20,-2,equal
18,M,1271.5762248194758,962.7140137379592,2234.2902385574353,0,1,1,1,0,0,1,1,1,1,1,0,0,1,1,0,0,1,1,1,1,1,1,0,1,1,1,0,0,1,1,1,1,0,0,0,0,1,0,1,0,1,0,1,1,0,0,0,0,1,0,0,1,0,0,0,1,0,1,0,7,6,7,5,4,3,20,12,8,video
20,F,1288.2138960094267,1006.5961274009809,2294.8100234104077,1,0,1,1,1,1,1,0,0,1,0,1,1,1,0,1,1,0,0,0,1,1,1,1,0,1,1,0,1,1,1,0,0,1,0,1,1,1,1,0,1,0,1,0,0,1,0,1,0,1,1,0,0,1,0,1,0,1,0,1,7,5,8,6,5,5,20,16,4,video
17,F,1285.6801568889723,1009.6766761917553,2295.3568330807275,0,0,0,1,1,0,1,1,0,1,0,1,1,1,0,1,1,0,0,0,1,1,0,0,1,1,0,1,0,1,1,0,1,1,1,1,1,1,1,0,0,0,0,1,1,0,0,1,1,0,0,0,1,0,0,0,0,0,0,1,5,5,6,8,4,2,16,14,2,video
19,F,1349.4551440098076,981.3426602416546,2330.7978042514624,1,0,1,1,1,1,0,0,0,1,1,1,0,0,0,1,1,1,1,1,0,1,1,1,0,1,0,0,1,0,1,0,1,0,0,0,0,1,1,0,1,0,1,0,1,1,0,0,1,1,0,1,0,1,1,1,1,1,0,1,6,7,5,4,6,7,18,17,1,text
19,F,1239.5030352828765,1047.158849591015,2286.6618848738917,1,1,0,0,1,1,1,1,1,1,1,0,1,1,1,0,1,1,1,0,1,0,0,0,0,1,1,0,1,1,1,1,0,0,0,1,0,0,1,1,0,1,1,1,1,1,0,0,0,1,0,0,1,0,0,1,1,1,0,1,8,7,5,5,6,5,20,16,4,video
20,M,1248.353470333505,1017.2267892109904,2265.580259544495,0,1,0,0,1,0,1,1,1,0,0,1,0,1,0,1,0,1,1,1,0,1,0,1,1,1,0,1,0,0,1,1,0,1,0,0,0,0,1,0,0,0,0,0,1,1,1,1,0,1,1,0,0,0,0,0,0,1,0,1,5,6,5,4,5,3,16,12,4,video
19,M,1277.0175537304208,1046.1090627725514,2323.126616502972,0,1,0,0,1,0,1,1,1,1,1,1,0,1,1,1,1,0,1,0,1,0,1,1,0,1,0,0,1,1,0,0,0,0,0,0,1,1,1,1,1,0,1,0,1,1,1,0,0,1,1,1,0,0,0,1,1,1,1,1,6,7,6,4,6,7,19,17,2,equal
17,M,1271.1814570707777,969.8993406215006,2241.0807976922783,1,0,0,1,1,0,0,1,1,0,1,1,0,0,1,1,1,1,0,1,0,0,1,1,1,0,0,1,0,1,1,1,1,1,0,0,0,1,0,0,1,1,0,0,1,1,0,1,0,1,0,1,1,0,1,1,0,1,1,1,5,7,5,5,6,7,17,18,-1,text
20,F,1256.7010778205108,948.4938425739355,2205.1949203944464,0,1,1,0,1,1,1,1,1,0,1,1,0,1,1,0,0,0,0,1,0,1,0,1,0,0,0,1,1,0,0,0,0,1,1,1,0,0,0,0,1,1,0,1,1,0,1,0,1,0,1,0,1,0,1,0,1,0,0,0,7,5,4,3,6,4,16,13,3,video
17,M,1320.8482525007253,968.7583671969513,2289.6066196976767,0,1,0,0,1,0,1,1,1,0,0,1,0,0,0,1,0,1,1,1,1,0,1,0,1,1,0,0,1,1,1,1,0,0,1,0,0,1,1,1,1,1,0,1,1,1,0,1,0,1,1,0,1,0,0,1,0,0,0,1,5,5,6,6,7,4,16,17,-1,equal
20,F,1191.9310931141383,998.6275691567273,2190.5586622708656,1,1,0,0,1,0,0,1,1,0,1,1,1,1,0,1,1,0,0,0,1,1,1,1,0,1,1,1,1,0,1,0,0,1,1,1,0,1,1,0,1,1,1,1,1,1,1,0,1,0,1,1,0,1,1,0,0,0,0,1,5,6,8,6,8,5,19,19,0,video
20,M,1302.536103174391,942.4064047455181,2244.942507919909,1,1,1,1,1,0,1,0,0,0,0,1,1,1,0,0,0,1,0,1,1,1,1,1,1,1,0,0,0,1,0,0,1,0,1,0,1,1,1,1,1,1,0,0,1,0,1,0,1,0,0,1,1,0,0,1,1,0,0,1,6,5,7,6,5,5,18,16,2,video
18,F,1264.0836807241628,958.0147317797536,2222.0984125039163,0,0,1,1,1,1,0,0,1,0,0,0,1,0,1,1,1,1,0,1,1,1,0,1,0,1,1,1,1,1,0,1,0,0,1,1,0,0,0,0,1,0,0,0,0,0,1,0,1,1,1,0,1,1,1,1,0,1,1,1,5,6,8,3,4,8,19,15,4,video
17,F,1235.8219239051728,1004.715863564268,2240.537787469441,1,0,0,1,1,0,1,1,0,0,1,1,1,0,1,1,1,1,0,0,0,1,1,1,1,0,1,1,1,0,1,1,0,0,1,1,0,1,0,0,0,0,1,1,0,0,0,0,0,1,1,1,1,0,0,0,0,1,0,1,5,7,7,5,3,5,19,13,6,video
19,F,1265.5923333800197,971.8691806455953,2237.461514025615,1,1,1,0,1,0,0,1,0,1,0,1,1,1,1,0,1,0,1,0,1,1,1,0,1,1,1,0,1,1,0,1,0,1,1,1,1,1,0,0,0,0,1,0,1,1,0,1,1,0,0,0,1,0,0,0,0,0,1,0,6,6,8,6,5,2,20,13,7,video
19,M,1238.0322489845726,1014.7418623698519,2252.7741113544243,1,0,0,1,1,1,1,1,0,1,0,1,0,1,1,1,1,1,0,0,1,1,1,1,1,0,0,0,1,0,0,1,0,1,1,1,1,1,0,1,1,0,1,0,0,0,0,0,0,1,1,1,0,0,0,0,1,1,1,0,7,6,6,7,3,5,19,15,4,video
17,M,1306.4385200657057,1010.7035069706917,2317.1420270363974,0,1,1,0,1,1,1,1,1,0,0,0,1,0,1,1,1,1,0,1,1,1,0,1,0,1,1,0,1,1,1,1,0,1,0,1,0,1,1,0,0,1,0,0,1,0,1,1,1,1,1,1,1,0,0,0,1,0,1,1,7,6,7,6,6,6,20,18,2,video
19,M,1272.0611452765138,1103.4207158332847,2375.4818611097985,0,1,0,1,1,1,1,0,0,1,1,0,1,1,1,1,0,0,1,0,1,1,1,0,1,1,1,1,1,0,1,0,1,1,0,1,1,0,1,0,1,1,1,0,1,0,0,0,1,1,1,1,0,0,1,1,0,0,1,1,6,6,8,6,6,6,20,18,2,video
19,M,1218.5581232148695,1038.6422824950766,2257.200405709946,1,0,1,1,1,1,1,1,0,0,1,1,1,1,1,0,1,1,1,1,0,1,1,0,1,0,1,1,0,1,1,0,1,0,1,0,1,1,1,1,1,0,1,1,1,0,1,1,0,1,1,1,1,0,1,1,0,1,0,1,7,9,6,7,7,7,22,21,1,equal
17,F,1248.17276979344,1079.9414964396626,2328.1142662331026,1,1,1,0,0,0,0,1,1,1,1,1,0,1,1,1,0,0,0,1,0,1,0,1,1,1,0,1,0,1,0,0,0,0,0,0,1,1,0,0,1,1,0,1,1,0,1,1,0,1,0,0,0,0,1,0,0,1,1,0,6,6,6,2,7,3,18,12,6,video
20,M,1261.3224590750112,1013.8997970631768,2275.222256138188,1,1,1,1,1,0,1,0,0,0,1,1,1,1,0,1,1,0,1,0,1,0,1,1,1,0,1,1,0,0,0,0,0,0,0,1,1,0,1,0,0,0,0,0,1,1,1,1,1,0,1,1,1,1,1,1,0,1,1,1,6,7,6,3,5,9,19,17,2,text
17,M,1288.3017464720876,988.1535633655437,2276.4553098376314,0,0,1,1,0,0,1,1,0,1,1,1,1,0,1,0,0,1,0,1,1,1,1,1,0,0,0,1,1,1,0,0,0,0,1,1,1,0,1,0,1,1,1,0,1,0,1,1,1,1,1,1,1,0,1,1,0,0,1,0,5,6,7,4,8,6,18,18,0,equal
20,F,1300.2432137695084,962.7955192756872,2263.038733045196,1,1,0,0,1,1,0,1,0,0,0,1,0,1,0,1,1,1,1,0,0,0,1,0,1,0,0,1,0,1,0,1,1,1,1,0,1,1,0,0,0,0,0,0,1,1,1,1,1,0,1,1,0,0,0,0,0,0,0,0,5,6,4,6,5,2,15,13,2,video
19,F,1288.8615821891908,966.098851929182,2254.960434118373,1,1,1,0,1,1,0,0,0,0,0,1,1,1,1,0,1,0,1,1,1,0,0,0,1,0,1,1,0,1,0,0,1,1,0,0,0,1,1,1,0,0,1,0,1,1,1,0,0,1,1,0,1,0,0,1,1,1,1,0,5,7,5,5,5,6,17,16,1,equal
19,F,1270.936116051225,933.0531063693224,2203.989222420548,0,1,0,0,1,0,1,0,1,1,1,1,0,1,1,1,1,0,0,1,0,1,1,0,1,0,0,1,0,0,1,0,0,0,1,0,0,1,1,0,1,1,0,1,1,0,0,1,0,0,0,0,1,0,1,0,1,1,1,1,5,7,4,4,5,6,16,15,1,equal
19,M,1291.1333441831605,953.6223134990565,2244.755657682217,1,0,1,0,0,1,1,0,1,1,1,1,1,1,1,0,1,1,1,0,1,1,1,0,0,0,0,0,1,0,1,0,0,1,1,0,1,1,1,1,1,0,1,0,1,1,1,0,1,1,1,1,1,1,1,0,1,0,1,1,6,8,4,7,7,8,18,22,-4,text
18,F,1219.1675607745021,994.0343781254692,2213.2019388999715,1,0,0,1,1,1,0,0,0,1,0,1,0,1,1,1,0,0,1,1,0,1,0,1,1,0,0,1,1,0,0,0,0,0,0,0,1,1,0,0,0,1,0,1,0,1,0,0,0,0,0,1,0,0,1,1,1,0,0,1,5,6,5,2,3,5,16,10,6,video
20,F,1286.282122319986,1054.2293432702509,2340.511465590237,1,0,1,0,0,0,1,0,1,1,0,0,0,1,1,1,1,0,1,0,1,1,1,1,1,0,1,0,1,0,0,0,0,0,0,1,0,0,1,0,1,1,0,0,0,1,0,0,1,0,0,1,1,1,0,1,1,1,1,1,5,5,7,2,4,8,17,14,3,video
18,F,1245.70854182942,999.8635976617613,2245.5721394911816,1,0,1,0,0,1,1,1,0,1,1,1,1,0,1,0,0,1,0,1,0,1,0,1,1,0,1,0,1,0,1,1,1,0,1,0,0,1,1,0,0,1,1,1,0,0,1,1,1,0,1,0,1,0,1,0,1,0,1,0,6,6,5,6,6,5,17,17,0,equal
18,M,1320.2345868862353,1024.1741003158158,2344.408687202051,1,0,1,1,1,0,1,0,0,1,0,1,1,0,0,0,1,1,1,0,1,0,1,1,1,1,1,0,0,1,1,1,1,1,1,1,1,1,1,1,1,1,0,1,0,1,0,1,0,1,1,1,1,1,1,0,1,1,0,0,6,5,7,10,6,7,18,23,-5,text
17,F,1313.1621885099544,968.6452616850969,2281.8074501950514,1,1,0,1,0,1,1,0,1,0,1,1,1,0,0,1,0,1,1,1,1,1,0,1,1,1,0,0,1,1,1,0,1,1,1,1,1,1,1,0,0,0,0,0,0,0,1,1,1,1,1,1,0,1,1,1,0,1,1,0,6,7,7,8,4,7,20,19,1,video
18,M,1230.9884600665782,971.5155991263441,2202.5040591929223,1,1,1,1,1,1,1,0,0,1,1,1,1,0,1,0,0,1,1,1,1,1,1,0,1,1,0,0,1,0,0,0,0,1,0,1,0,1,1,1,1,1,1,0,1,1,0,0,1,1,0,1,1,1,0,1,1,0,1,1,8,7,6,5,7,7,21,19,2,equal
17,M,1328.9148749608776,1003.2529106514629,2332.1677856123406,1,1,1,1,0,0,0,1,1,1,1,0,0,1,1,1,1,1,1,1,1,1,1,0,1,0,1,1,1,1,1,0,0,0,1,1,1,1,0,0,0,1,0,0,1,0,1,0,0,1,1,1,0,1,1,0,0,0,1,1,7,8,8,5,4,6,23,15,8,video
17,F,1281.0076867595778,1057.564344946568,2338.572031706146,0,1,0,0,1,1,0,1,0,1,1,1,1,0,1,0,1,1,1,1,1,1,0,1,1,0,0,1,1,0,0,1,0,0,1,1,1,1,1,0,1,1,1,1,1,1,1,1,1,0,1,1,0,0,1,1,0,1,1,1,5,8,6,6,9,7,19,22,-3,text
18,F,1300.0937019050775,916.6068332479084,2216.700535152986,1,1,1,0,1,0,1,0,1,1,0,1,1,1,1,1,0,1,1,1,0,0,1,1,0,1,0,0,0,1,0,0,1,1,1,1,0,1,0,1,1,1,0,1,0,1,1,0,1,1,1,1,0,1,0,0,1,1,0,0,7,8,4,6,7,5,19,18,1,equal
20,M,1303.958565766535,912.694899322812,2216.6534650893473,0,0,0,1,1,1,1,0,1,1,1,0,0,1,1,1,0,0,0,1,0,1,0,1,0,1,0,0,1,1,1,0,0,1,0,1,0,1,1,0,1,0,0,1,1,0,1,0,1,0,1,1,1,1,1,0,1,1,1,0,6,5,5,5,5,8,16,18,-2,text
20,F,1247.8277613801733,991.6997118640114,2239.527473244185,0,1,1,1,0,1,1,1,1,0,0,0,1,0,1,1,0,0,0,0,1,1,0,1,1,0,0,1,0,0,0,1,0,0,1,0,1,0,1,0,1,1,0,0,0,0,0,0,1,1,1,0,1,1,1,0,1,1,1,1,7,3,5,4,4,8,15,16,-1,text
20,F,1245.527551764114,981.1131135844091,2226.640665348523,0,1,1,1,1,1,1,1,0,1,0,0,1,0,1,1,0,1,0,1,0,1,0,1,0,0,1,0,1,0,1,1,1,0,0,1,0,0,0,1,1,0,1,1,1,0,1,1,0,0,1,1,0,1,0,0,1,1,1,0,8,5,4,5,6,6,17,17,0,text
20,M,1192.7437795224664,1039.6419163359765,2232.385695858443,1,0,0,1,1,1,0,1,1,0,1,0,1,1,0,1,1,0,1,0,0,1,1,0,1,1,0,1,0,1,1,1,1,1,1,1,0,1,1,0,0,0,1,1,0,0,0,0,1,0,0,1,1,1,1,1,0,0,0,1,6,6,6,8,3,6,18,17,1,video
20,M,1255.6836843333342,1006.5254901077033,2262.2091744410372,1,1,0,0,0,1,1,1,1,1,0,1,0,1,0,1,1,1,1,1,1,1,0,0,0,1,0,0,1,1,1,0,1,1,0,1,1,1,0,1,1,0,1,1,1,1,1,0,1,0,1,1,1,1,1,1,1,0,1,1,7,7,5,7,7,9,19,23,-4,text
18,F,1234.9660051173257,971.0072041159303,2205.973209233256,1,1,1,1,0,0,0,0,1,0,0,1,0,0,1,0,1,1,1,0,0,0,1,1,0,0,1,1,0,0,0,1,0,0,0,1,0,0,0,0,1,0,1,0,1,1,1,0,0,0,0,1,1,1,1,0,0,1,1,1,5,5,4,2,5,7,14,14,0,text
18,M,1198.6711510280904,1047.1881723706636,2245.859323398754,1,1,0,0,1,1,0,1,1,1,1,0,1,0,1,1,1,0,0,1,0,0,0,1,0,1,1,0,1,1,1,1,1,1,0,1,0,0,1,0,0,1,1,0,1,1,1,1,0,0,0,1,0,0,0,1,1,0,1,0,7,6,5,6,6,4,18,16,2,video
19,F,1203.170962286564,999.6657767862265,2202.8367390727904,1,0,0,1,0,1,1,0,1,1,1,0,1,0,0,1,0,1,1,0,0,1,1,1,1,1,1,0,1,1,0,1,0,1,0,0,0,0,1,0,0,1,1,0,1,0,1,1,1,0,0,1,0,0,0,0,1,1,1,1,6,5,8,3,6,5,19,14,5,video
20,F,1263.9829817301743,979.6233359785407,2243.606317708715,0,0,1,1,0,1,1,0,1,1,1,1,1,0,1,1,1,0,1,1,0,1,1,1,1,1,0,1,1,1,1,1,0,1,0,0,0,0,0,1,0,1,0,1,0,1,1,0,0,1,0,1,0,0,1,1,1,1,0,0,6,8,8,4,5,5,22,14,8,video
18,F,1268.4004425584371,1008.8543203655286,2277.2547629239657,1,1,0,1,0,1,1,1,1,1,1,0,1,1,1,1,1,1,1,0,0,1,1,0,1,1,1,1,0,1,0,1,1,1,0,1,0,1,0,1,0,0,0,0,1,1,0,1,0,0,1,0,0,0,0,1,0,1,0,1,8,8,7,6,3,4,23,13,10,video
19,M,1192.21927987325,1000.6147861782717,2192.8340660515214,1,1,0,0,1,1,0,0,0,1,0,0,1,1,1,0,1,0,0,0,0,0,1,0,1,0,1,0,0,0,1,0,1,0,1,1,1,1,0,1,1,1,1,1,0,0,0,0,0,1,1,0,0,1,0,0,0,1,0,0,5,4,3,7,5,3,12,15,-3,text
20,F,1228.6288365127064,943.5285062806264,2172.1573427933326,1,1,0,1,0,1,0,1,0,0,1,1,1,0,1,0,1,1,1,1,1,0,0,1,0,0,1,1,1,1,1,0,0,1,0,1,0,0,1,1,0,0,1,0,1,1,0,0,0,1,1,0,1,1,0,0,1,1,0,0,5,8,6,5,4,5,19,14,5,video
17,F,1212.4800407253135,1025.4898491687136,2237.969889894027,0,0,1,1,0,0,0,0,1,0,0,1,0,1,1,1,1,1,1,1,1,1,1,0,1,1,0,0,0,1,1,1,1,0,1,0,1,1,0,1,0,1,1,1,1,1,0,0,0,1,1,1,0,1,1,1,1,1,1,1,3,8,6,7,6,9,17,22,-5,text
19,F,1231.0381611624566,986.2497503536412,2217.2879115160977,1,0,1,1,1,0,1,0,0,1,0,0,0,1,0,1,0,1,1,0,0,1,1,1,0,0,0,1,1,0,1,0,0,0,1,1,0,1,1,0,0,0,0,0,0,1,0,0,1,1,1,0,0,1,1,0,0,1,1,1,6,4,5,5,3,6,15,14,1,equal
18,M,1221.423540030845,971.2372799703514,2192.6608200011965,0,1,0,1,1,1,1,1,1,1,0,1,1,1,1,0,1,0,0,1,1,1,1,0,0,1,1,1,1,1,1,0,1,1,0,1,0,1,1,1,1,1,1,0,1,1,0,1,0,1,1,1,1,0,1,0,0,1,0,1,8,6,8,7,7,6,22,20,2,video
17,M,1228.8438708046976,1047.883772478097,2276.727643282795,1,1,0,0,1,1,0,1,0,1,0,1,0,0,0,0,0,1,0,0,1,0,0,1,1,1,1,1,1,1,0,0,1,1,1,1,1,0,1,1,1,1,1,1,1,1,0,0,1,0,1,0,1,0,0,0,0,0,1,0,6,2,8,7,7,3,16,17,-1,video
17,M,1290.9470417517505,953.5591002971063,2244.506142048857,1,0,1,1,1,1,0,1,0,1,1,1,1,1,1,1,1,0,1,1,1,0,1,0,0,1,1,1,0,1,1,1,1,0,1,0,0,1,1,0,0,1,1,1,1,1,0,0,0,1,1,0,0,1,0,0,0,1,0,1,7,9,6,6,6,4,22,16,6,video
17,M,1248.829005061384,985.7437207554707,2234.5727258168545,1,1,0,1,1,0,1,0,1,0,0,1,0,1,0,1,0,1,0,1,0,0,1,0,0,1,1,1,1,1,0,1,1,1,1,0,1,0,1,1,1,1,0,1,0,1,0,1,0,0,1,1,0,0,1,0,1,1,0,0,6,5,6,7,5,5,17,17,0,video
19,M,1219.5608944876158,972.2322177077809,2191.7931121953966,1,1,1,1,0,0,1,0,0,0,1,1,0,0,0,0,1,1,1,1,0,1,1,0,1,0,0,1,1,1,0,1,1,0,0,0,1,1,1,0,1,1,0,0,0,0,1,0,0,0,1,1,0,0,0,0,1,0,0,0,5,6,6,5,3,3,17,11,6,video
18,F,1246.2712567507833,1018.851228400752,2265.1224851515353,1,1,1,0,1,0,1,0,0,1,1,0,0,0,1,1,0,0,1,0,1,1,1,1,1,1,1,0,0,0,0,1,0,1,0,0,0,0,1,1,0,1,1,0,0,1,1,1,1,1,0,0,1,1,0,1,1,0,1,1,6,4,7,4,7,6,17,17,0,equal
17,M,1240.9552488499166,1032.6458702479338,2273.6011190978506,0,1,1,0,1,1,1,0,1,0,0,0,0,0,1,1,0,1,1,1,0,1,0,1,1,0,1,0,0,0,0,1,1,1,0,0,1,1,1,0,1,1,0,1,1,0,0,0,0,1,1,1,1,1,1,1,1,1,1,0,6,5,4,6,5,9,15,20,-5,text
20,M,1344.0280077587752,995.3369381673078,2339.3649459260832,1,0,0,0,1,1,0,0,1,1,1,1,1,1,0,1,0,1,1,1,1,0,0,1,1,1,0,0,1,0,1,1,0,0,1,0,0,1,1,0,1,1,1,1,0,1,1,0,1,0,1,1,0,1,1,0,1,1,1,1,5,8,5,5,7,8,18,20,-2,text
17,M,1300.7747534152331,996.3713117201444,2297.1460651353773,0,1,1,0,0,1,1,1,1,0,1,0,0,1,1,1,0,1,0,0,1,0,0,1,1,0,0,1,1,1,1,1,1,1,1,0,0,1,0,0,0,1,0,0,1,0,0,1,1,1,1,1,0,0,0,1,1,1,0,1,6,5,6,6,5,6,17,17,0,equal
17,F,1260.7169455046735,967.6567096398958,2228.373655144569,0,1,1,0,1,0,1,0,1,0,0,1,1,1,1,0,0,1,0,0,0,1,1,1,1,1,1,1,0,1,0,1,1,1,1,0,1,1,0,1,1,0,1,0,0,1,1,1,1,0,1,1,1,1,0,0,0,0,1,0,5,5,8,7,6,5,18,18,0,video
19,M,1231.7533068392083,976.9766997700281,2208.7300066092366,1,1,1,0,1,1,1,1,1,0,1,1,1,1,1,1,0,1,1,0,0,1,1,1,1,1,1,0,1,1,1,0,1,0,0,0,1,1,1,1,0,0,0,1,1,0,1,0,0,1,0,0,0,1,1,1,0,1,0,1,8,8,8,6,4,5,24,15,9,video
19,M,1209.0247811157758,1025.3715586691662,2234.396339784942,1,0,1,0,1,0,1,1,1,1,1,0,1,1,1,0,0,0,1,1,0,0,1,1,1,1,0,1,1,0,0,0,0,1,1,1,1,0,0,1,1,1,0,1,1,0,1,0,0,1,1,0,1,1,1,1,0,0,0,1,7,6,6,5,6,6,19,17,2,video
18,F,1210.4665624521301,923.4255670029071,2133.8921294550373,0,1,0,1,0,0,1,0,0,1,1,0,1,1,0,0,1,1,1,1,1,0,1,1,1,0,1,1,1,0,1,1,0,1,1,0,1,1,1,0,0,0,1,1,0,0,1,1,0,1,1,1,0,0,1,0,1,1,1,1,4,7,7,7,5,7,18,19,-1,equal
20,M,1238.8219617040425,1040.755610119296,2279.5775718233385,0,1,1,1,1,1,1,1,1,1,0,1,1,1,0,0,1,1,1,1,1,0,1,0,1,0,0,1,1,1,0,1,1,0,1,1,1,0,1,1,0,0,0,1,0,0,0,0,1,0,0,1,1,1,0,0,1,0,0,0,9,7,6,7,2,4,22,13,9,video
19,F,1275.251152647902,985.380724649287,2260.631877297189,1,1,1,1,0,1,0,1,0,1,1,0,1,0,1,1,1,0,1,0,0,1,1,0,1,1,1,1,1,1,1,1,0,1,1,1,0,1,1,1,1,0,1,0,1,1,0,0,1,1,1,1,0,1,0,0,1,0,0,0,7,6,8,8,6,4,21,18,3,video
17,F,1290.9241162886883,1026.01088233212,2316.934998620808,0,1,1,0,0,0,1,0,1,1,1,1,0,1,0,0,0,1,1,1,1,0,1,1,0,1,0,1,1,1,0,0,0,0,0,1,1,0,1,1,1,1,0,1,1,0,0,0,1,0,0,1,0,1,0,0,1,0,1,0,5,6,7,4,5,4,18,13,5,video
18,F,1301.141895614111,1001.1217011150454,2302.2635967291562,1,1,0,1,0,1,1,0,0,1,1,0,1,0,1,0,0,0,1,1,0,1,1,0,1,1,1,1,1,0,1,1,1,1,0,0,1,1,1,0,1,1,0,1,1,1,1,1,0,1,1,1,0,0,0,1,0,1,1,1,6,5,7,7,8,6,18,21,-3,text
17,F,1180.0270122631534,967.1733043571317,2147.200316620285,1,0,0,0,1,0,1,1,0,1,0,1,0,1,0,1,1,1,1,1,0,1,1,1,0,0,0,0,1,1,1,1,1,1,0,0,0,1,0,0,0,1,0,1,1,1,0,1,1,0,1,0,0,1,1,1,0,0,1,1,5,7,5,5,6,6,17,17,0,equal
17,F,1270.4267499492007,1000.9566787794063,2271.383428728607,1,0,0,1,1,1,1,1,1,0,1,0,0,0,0,0,0,0,1,0,0,0,0,1,1,1,1,0,1,1,1,0,1,1,0,1,1,0,0,1,0,1,0,0,0,0,0,1,1,1,0,1,1,0,1,0,1,1,1,1,7,2,6,6,4,7,15,17,-2,text
19,M,1278.4902254291035,1048.257911683258,2326.7481371123613,1,1,0,0,1,0,0,1,1,0,1,1,1,0,0,0,1,0,1,1,1,1,0,0,1,0,0,0,1,1,1,1,1,0,1,0,0,1,1,1,0,0,1,0,0,0,1,1,1,0,0,1,1,0,0,1,1,1,1,1,5,6,5,7,4,7,16,18,-2,text
18,F,1299.1065665465137,971.7193478813675,2270.8259144278813,1,0,1,1,1,1,0,0,0,0,1,1,1,1,1,0,0,0,1,1,1,0,1,1,1,1,1,0,0,1,1,0,0,1,0,0,1,0,0,0,1,1,1,1,0,0,0,1,1,0,1,1,0,0,0,1,1,0,0,0,5,7,7,3,6,4,19,13,6,video
20,F,1286.676927252111,896.1861599241511,2182.863087176262,0,0,0,1,1,0,1,0,0,0,1,1,1,1,1,1,1,0,1,0,0,1,0,1,0,1,1,1,1,1,1,0,1,1,1,0,1,1,0,1,1,0,0,1,0,1,0,0,1,0,1,1,0,1,1,1,1,0,0,1,3,8,7,7,4,7,18,18,0,video
20,M,1176.7294052807615,1006.1515231346737,2182.880928415435,1,1,1,1,1,1,1,0,1,0,1,0,1,1,1,1,1,1,0,1,1,0,1,0,1,0,1,0,0,1,1,1,1,1,1,1,0,0,0,0,1,0,0,0,1,0,0,1,0,1,1,1,1,0,1,1,0,1,0,0,8,8,5,6,4,6,21,16,5,video
19,F,1263.0669824480515,939.3473041456764,2202.414286593728,1,1,0,1,1,1,1,1,0,1,0,1,1,1,1,0,0,1,1,1,0,0,0,1,1,1,1,1,1,1,1,0,0,0,0,0,1,1,0,0,1,1,1,0,1,0,0,1,1,0,1,1,1,0,1,0,0,0,1,1,8,7,7,3,6,6,22,15,7,video
19,M,1226.1513317189524,961.9620665950741,2188.1133983140267,0,0,1,1,1,0,0,0,0,1,1,1,1,0,1,1,1,0,1,0,1,1,1,0,1,0,1,1,0,1,1,1,1,0,0,1,1,1,1,0,1,1,1,1,0,1,0,1,0,0,0,1,0,1,1,0,0,1,0,1,4,7,7,7,6,5,18,18,0,video
18,M,1307.5651497028184,926.2320535473689,2233.7972032501875,1,0,1,0,1,1,1,0,1,0,0,1,1,1,1,1,0,0,0,0,0,1,0,0,1,0,1,0,0,0,1,0,1,1,1,0,1,1,1,0,0,0,0,1,0,1,1,1,0,1,1,1,1,1,0,1,1,0,0,0,6,5,3,7,5,6,14,18,-4,text
20,M,1245.265559395334,965.163338705133,2210.428898100467,1,0,1,1,0,1,0,1,1,0,1,1,0,1,0,1,1,1,1,1,1,1,1,1,1,1,0,0,0,1,1,0,1,0,1,1,0,1,1,0,1,0,0,1,1,0,1,0,1,0,1,1,1,0,1,0,1,1,0,1,6,8,7,6,5,7,21,18,3,video
20,F,1266.7572368584883,1031.8704607077677,2298.627697566256,0,0,0,1,0,0,0,1,1,1,1,0,1,1,1,1,1,0,1,1,1,1,1,0,0,0,0,1,0,0,1,1,0,1,1,0,1,1,0,1,0,1,0,0,1,0,0,1,1,0,1,1,0,0,1,1,1,0,0,1,4,8,4,7,4,6,16,17,-1,equal
20,F,1209.978347519936,983.8431235866618,2193.821471106598,0,1,0,0,0,1,0,0,0,1,0,1,0,1,0,1,1,0,0,0,0,0,1,1,1,1,1,0,0,1,0,1,0,1,1,1,1,1,1,0,0,0,1,1,1,1,1,1,1,0,0,1,0,1,1,1,0,1,0,1,3,4,6,7,7,6,13,20,-7,text
17,F,1251.9654098730578,958.7568604838046,2210.7222703568623,1,0,1,1,0,0,1,0,1,0,1,1,0,1,0,1,1,1,1,0,1,0,0,0,1,0,1,1,1,1,1,1,0,1,0,1,1,0,1,1,1,0,0,1,0,0,1,1,0,0,1,0,1,0,1,1,1,1,1,0,5,7,6,7,4,7,18,18,0,equal
20,M,1302.7090610796522,1019.5420799910374,2322.2511410706898,1,0,1,1,0,1,1,1,0,1,1,1,0,0,0,1,1,1,1,1,1,1,0,1,0,1,1,1,1,1,0,0,1,0,1,1,1,1,1,1,0,0,0,1,0,1,0,1,1,1,1,1,0,0,1,1,0,1,0,0,7,7,8,7,5,5,22,17,5,video
17,F,1247.045925984951,1004.2475674278039,2251.293493412755,1,0,0,1,0,0,0,0,1,1,1,1,1,1,0,0,0,0,0,1,1,1,0,1,0,1,1,0,1,1,1,1,0,0,1,1,0,1,0,0,0,1,0,1,1,1,1,0,0,1,1,1,1,0,1,0,0,1,1,1,4,5,7,5,6,7,16,18,-2,text
18,F,1221.0247108388892,1014.3752315961702,2235.3999424350595,1,1,0,1,1,1,0,1,0,0,1,0,0,1,1,0,0,1,1,0,0,0,1,0,1,1,0,0,1,1,1,1,1,0,1,0,1,1,1,1,1,0,0,0,0,0,0,1,0,0,0,1,1,0,0,0,0,1,1,0,6,5,5,8,2,4,16,14,2,video
17,F,1352.6605861173166,979.8415500086401,2332.502136125957,0,1,0,0,1,0,0,0,0,0,1,1,0,1,1,0,0,1,0,0,1,0,1,1,1,1,1,0,0,0,1,0,0,1,1,0,1,1,0,0,0,1,1,0,0,0,1,1,1,1,1,0,1,1,1,0,0,0,0,0,2,5,6,5,6,4,13,15,-2,equal
18,M,1263.551977542535,927.6168237601662,2191.1688013027015,0,1,1,0,1,1,0,1,0,1,1,1,1,1,1,0,0,1,1,1,0,0,1,0,1,1,1,1,1,1,0,1,1,1,1,0,1,0,1,1,1,0,0,0,0,1,1,0,0,1,1,1,1,0,0,1,1,0,0,0,6,8,7,7,4,5,21,16,5,video
20,M,1251.5559740369847,993.4024792547789,2244.9584532917634,0,1,1,1,1,1,1,1,1,1,1,0,0,1,1,1,0,1,1,1,0,1,0,1,0,0,1,0,1,0,0,0,1,0,1,1,1,1,1,0,1,0,0,1,1,1,1,1,1,1,1,1,0,1,1,1,1,0,1,1,9,7,4,6,8,8,20,22,-2,text
20,F,1230.2044147722208,977.7700697828934,2207.974484555114,0,1,0,1,1,1,0,1,1,0,1,1,1,1,1,1,0,0,1,1,1,0,1,1,0,1,1,0,0,1,0,1,1,1,1,1,0,1,0,0,0,0,0,1,1,0,0,1,1,0,1,0,1,0,1,1,1,1,1,0,6,8,6,6,4,7,20,17,3,video
18,F,1243.745344838057,985.8683594942594,2229.6137043323165,0,1,0,1,0,0,0,0,1,1,1,0,0,1,0,0,0,0,1,1,1,1,0,0,0,0,1,1,1,1,1,1,1,0,1,0,0,0,1,0,1,0,1,0,1,1,1,1,0,0,0,1,1,1,1,0,1,0,0,0,4,4,6,5,6,5,14,16,-2,text
19,F,1268.7664278147518,1017.6713766710463,2286.437804485798,1,1,1,1,0,1,1,1,0,1,1,0,1,0,1,1,1,0,1,1,1,1,1,0,0,1,1,0,1,1,0,1,1,0,1,1,1,0,1,0,1,0,0,0,1,0,0,0,1,1,1,1,0,1,0,1,1,0,0,0,8,7,7,6,4,5,22,15,7,video
18,F,1237.14138952404,999.2933397864508,2236.434729310491,1,0,0,0,1,1,0,1,0,0,1,0,1,0,1,1,0,0,1,0,1,1,1,1,1,1,1,1,1,0,0,0,0,0,0,1,0,1,1,1,0,1,0,1,1,1,1,0,0,1,1,1,0,1,1,1,0,1,1,0,4,5,9,4,6,7,18,17,1,video
19,M,1266.3932138042017,1003.7771825988547,2270.170396403056,1,0,0,0,0,0,1,1,0,0,0,1,0,1,1,1,0,0,1,0,1,1,1,1,1,1,0,0,1,1,0,0,1,1,0,1,1,1,0,0,0,1,1,1,1,0,1,1,0,1,0,0,0,0,0,1,1,0,1,0,3,5,8,5,7,3,16,15,1,video
17,M,1193.170034863688,1016.4447456362882,2209.6147804999764,1,1,1,1,0,0,1,1,1,0,1,1,0,1,1,1,1,1,1,1,1,0,1,1,0,0,0,1,1,0,1,1,1,1,0,0,1,0,1,0,0,1,1,0,0,0,0,0,0,0,1,1,0,1,1,0,1,0,0,1,7,9,5,6,2,6,21,14,7,video
17,M,1295.2636681756026,1010.2468462663182,2305.510514441921,0,1,0,1,0,0,0,0,0,1,1,1,1,0,1,1,0,0,1,1,1,0,1,0,1,1,0,1,1,1,1,0,1,1,0,0,1,0,0,1,0,1,1,0,0,1,0,1,1,1,1,1,0,1,1,0,1,0,1,1,3,7,7,5,6,7,17,18,-1,equal
17,M,1245.3030672891139,939.5008836887223,2184.8039509778364,1,1,1,1,1,0,0,1,0,1,1,1,1,1,1,1,0,1,0,0,1,1,1,1,1,0,1,1,0,0,0,1,1,1,1,0,1,0,0,1,0,0,0,1,1,1,1,1,0,1,0,1,0,0,1,0,1,0,0,1,7,7,7,6,6,4,21,16,5,video
20,F,1261.9222189971679,1036.2429065695133,2298.165125566681,1,0,1,1,1,1,0,1,1,1,1,1,1,0,1,1,1,1,1,0,0,1,1,0,1,1,1,0,1,0,0,1,1,1,1,0,1,0,1,0,1,1,0,0,0,1,1,1,1,1,1,0,0,0,1,0,1,1,0,0,8,8,6,6,7,4,22,17,5,video
17,F,1255.2406550585465,1062.4079446031765,2317.648599661723,0,1,0,0,1,1,1,1,1,1,1,0,1,1,1,1,1,1,1,0,0,1,0,0,1,0,0,1,1,1,0,1,0,1,0,1,1,1,1,1,0,1,0,0,0,1,0,1,1,0,1,0,1,1,1,0,0,1,1,1,7,8,5,7,4,7,20,18,2,video
19,F,1264.696241375111,997.6102077554879,2262.3064491305986,1,0,1,0,0,0,0,1,1,0,1,1,0,0,1,0,0,1,1,0,1,1,1,0,1,1,1,0,1,1,0,0,0,0,0,1,1,0,1,0,1,1,1,0,0,1,0,1,1,1,0,1,0,0,1,1,0,0,1,1,4,5,8,3,7,5,17,15,2,video
17,M,1210.3527651041147,1037.65172431998,2248.0044894240946,0,1,0,0,0,1,0,0,0,1,0,1,1,1,0,1,1,0,1,0,1,1,0,0,1,0,1,1,1,1,1,1,1,1,0,1,0,0,1,0,1,0,1,1,0,1,1,1,1,0,1,1,1,1,0,1,0,1,1,0,3,6,7,6,7,7,16,20,-4,text
18,F,1265.607389537024,1030.173576260246,2295.78096579727,1,1,1,1,1,1,0,0,1,0,0,1,1,0,1,0,0,0,0,1,1,0,1,0,0,0,0,1,1,1,0,1,1,1,1,1,0,0,0,0,0,0,0,1,1,1,1,1,1,1,0,0,0,1,0,0,0,0,1,1,7,4,5,5,7,3,16,15,1,video
18,M,1338.6076689405118,999.7149784876838,2338.3226474281955,0,0,0,1,1,0,1,1,0,0,1,0,1,0,1,1,0,1,0,0,0,0,1,0,1,1,0,1,0,1,0,1,1,1,1,0,1,1,0,1,0,1,0,1,1,1,0,1,1,0,1,0,0,1,1,0,1,1,0,1,4,5,5,7,6,6,14,19,-5,text
20,M,1219.4650409814287,1051.9981602457162,2271.463201227145,0,0,1,1,0,1,1,1,1,1,0,1,0,0,0,1,1,1,0,1,1,1,1,1,0,1,1,1,0,1,0,1,0,1,1,0,1,1,0,0,1,1,0,1,0,1,0,1,1,1,1,1,1,0,1,0,1,0,0,0,7,5,8,5,7,5,20,17,3,video
18,F,1201.0227990741655,947.1874822335243,2148.21028130769,1,1,1,0,1,0,0,0,1,1,0,1,0,0,0,1,0,0,0,1,1,1,1,1,0,1,0,1,1,1,1,0,1,1,0,1,1,1,1,1,0,1,0,0,0,0,0,1,1,0,0,0,1,1,1,0,0,1,0,1,6,3,8,8,3,5,17,16,1,video
19,F,1253.6520840677138,1015.6672975486618,2269.3193816163757,1,0,1,0,1,0,1,1,1,1,1,0,0,0,1,1,1,0,0,0,0,1,1,1,1,1,1,0,0,0,0,1,0,1,1,1,0,0,1,0,0,0,1,1,1,1,0,1,1,1,1,0,0,1,0,1,0,1,1,0,7,4,6,5,7,5,17,17,0,equal
17,F,1229.291873097327,998.5939851145552,2227.885858211882,0,1,1,0,1,1,1,1,1,1,1,0,1,1,1,1,0,0,0,1,0,1,1,1,1,1,0,1,0,1,0,1,0,0,1,1,1,0,0,1,0,0,1,1,1,0,0,1,1,0,1,1,1,1,0,1,0,1,1,1,8,6,7,5,5,8,21,18,3,video
20,M,1239.7356384532275,1049.3056242925347,2289.041262745762,1,0,0,1,1,1,1,0,0,0,1,0,1,0,0,1,1,1,1,0,1,1,1,0,1,0,0,0,1,1,0,1,1,0,1,1,1,0,0,1,0,1,0,1,1,0,1,1,0,0,1,0,1,1,0,0,0,1,1,1,5,6,6,6,5,6,17,17,0,equal
17,F,1279.7083192299053,1022.5338343509846,2302.24215358089,1,1,1,0,1,0,1,0,0,0,0,0,0,1,1,1,1,1,1,1,1,1,0,1,0,1,0,0,0,0,1,1,1,1,1,1,1,1,1,1,0,1,0,0,1,1,1,1,1,0,1,0,0,0,1,1,1,1,0,1,5,7,4,10,6,6,16,22,-6,text
17,M,1275.39055989937,941.2903659034454,2216.680925802815,1,0,0,0,0,1,0,1,1,1,0,1,1,1,0,0,1,1,0,0,0,1,0,1,1,1,1,0,1,1,1,0,1,0,0,1,0,0,1,1,1,0,0,1,1,0,1,0,0,1,0,1,0,1,1,1,0,1,1,1,5,5,7,5,5,7,17,17,0,equal
19,F,1285.9026151683383,963.2258310113139,2249.128446179652,1,1,0,1,1,0,0,0,1,0,0,0,0,1,0,1,1,1,1,0,0,1,0,1,1,0,0,1,0,1,1,0,1,0,0,0,0,1,1,0,0,1,0,0,0,0,0,0,1,0,1,1,0,0,0,1,1,1,1,0,5,5,5,4,2,6,15,12,3,video
18,M,1343.2470879544132,1003.517406716339,2346.7644946707524,1,1,1,0,0,1,0,0,1,1,0,0,0,1,0,1,1,1,1,1,1,1,0,1,1,1,1,0,1,0,1,1,1,0,1,0,1,1,0,1,0,0,0,0,0,0,1,1,0,0,1,1,1,0,1,0,0,0,1,0,6,6,7,7,2,5,19,14,5,video
18,M,1197.3189242472586,995.2232404358396,2192.5421646830982,1,1,0,0,1,0,1,0,0,0,0,1,0,1,1,1,1,0,1,1,1,1,0,1,0,0,0,1,0,1,0,1,1,0,0,1,1,1,0,0,1,1,0,0,0,0,1,0,1,0,0,0,0,1,1,1,0,0,0,0,4,7,5,5,4,3,16,12,4,video
17,F,1295.3960385656214,971.2442907052437,2266.640329270865,0,1,1,1,0,1,1,1,0,0,1,0,1,1,0,1,1,1,1,1,1,1,1,1,1,1,0,1,0,0,1,1,1,0,0,1,0,1,1,1,1,0,1,1,0,0,0,1,1,1,1,0,1,1,0,0,1,1,1,1,6,8,7,7,6,7,21,20,1,video
20,M,1250.2199325796269,964.9248341956292,2215.144766775256,0,1,1,1,0,1,0,0,1,1,0,1,1,0,1,0,0,0,1,1,1,1,1,1,1,1,0,1,1,0,1,0,1,1,1,0,0,0,1,0,1,1,0,0,0,0,1,1,1,1,0,1,0,0,1,1,1,0,0,1,6,5,8,5,6,5,19,16,3,video
18,M,1259.179057984988,984.3824218091856,2243.5614797941735,0,1,1,1,0,0,0,1,1,1,0,0,0,1,1,1,0,0,1,1,1,1,0,1,0,0,0,1,0,1,0,0,0,1,1,1,1,1,1,0,1,0,0,0,1,1,1,1,0,1,1,1,1,0,0,1,1,0,0,0,6,5,5,6,6,5,16,17,-1,text
20,F,1248.1324309417523,1032.8200122085486,2280.952443150301,1,1,1,1,1,0,1,0,0,1,0,1,1,1,0,1,0,1,0,1,0,0,0,0,0,1,1,1,1,1,1,1,1,0,0,1,1,0,0,0,0,1,1,0,0,1,1,0,1,0,0,0,0,1,1,1,0,0,1,1,7,6,5,5,5,5,18,15,3,video
18,M,1333.7627834586888,974.9248444073681,2308.687627866057,1,1,0,1,0,1,0,0,1,1,1,1,0,0,1,1,1,1,0,1,1,1,1,0,1,0,0,1,1,0,1,0,1,0,0,0,0,1,0,1,1,1,0,1,0,1,0,1,0,0,0,1,1,0,1,1,1,0,1,1,6,7,6,4,5,7,19,16,3,video
20,F,1220.5184499418353,1014.5704738944477,2235.088923836283,0,0,1,0,1,0,0,1,0,1,0,1,0,1,0,1,1,1,0,1,1,1,0,1,1,1,1,1,1,0,1,0,0,0,1,0,1,1,0,0,0,0,1,1,1,1,0,1,0,1,1,1,0,0,0,0,0,0,1,1,4,6,8,4,6,4,18,14,4,video
19,M,1188.3836504201415,974.4816352131941,2162.8652856333356,0,1,1,0,1,0,1,1,1,0,1,1,1,0,0,1,1,0,1,1,1,0,1,0,1,1,0,1,1,0,1,0,0,0,1,1,1,1,1,1,0,1,0,0,1,1,0,0,1,1,0,1,1,0,0,1,0,0,0,1,6,7,6,7,5,4,19,16,3,video
20,F,1235.0429472377937,980.8109725691697,2215.8539198069634,0,0,0,0,1,1,0,1,0,0,1,0,1,1,0,1,1,1,0,0,0,0,1,0,0,1,1,0,0,0,1,1,1,0,0,0,1,0,1,1,1,0,1,1,1,0,1,0,1,1,0,1,1,0,1,0,1,1,0,1,3,6,3,6,7,6,12,19,-7,text
19,F,1260.5475869241043,955.5769606739606,2216.124547598065,0,1,0,1,1,0,1,0,1,1,1,1,1,1,0,1,1,0,0,1,0,0,1,1,0,0,0,1,1,1,1,1,1,0,0,0,1,0,1,0,0,1,0,0,0,0,0,0,0,1,0,1,0,0,0,0,0,1,0,1,6,7,5,5,2,3,18,10,8,video
19,M,1299.458827456951,981.4887912543248,2280.947618711276,1,1,0,1,0,0,1,0,1,0,1,1,0,1,0,1,1,1,1,1,0,0,0,0,1,0,1,0,1,0,0,1,0,1,1,1,1,1,1,0,1,0,0,1,1,0,1,1,0,0,1,0,0,0,1,1,0,1,0,1,5,8,3,7,5,5,16,17,-1,text
20,M,1255.6965688117084,961.737871709421,2217.4344405211295,0,0,0,0,0,1,1,1,1,1,1,1,0,0,1,1,1,1,0,1,1,0,0,1,0,1,1,1,1,1,1,0,1,1,0,1,0,1,1,1,0,1,1,0,0,0,1,0,0,0,0,0,0,1,0,0,0,0,1,0,5,7,7,7,3,2,19,12,7,video
19,M,1181.5251891533692,1001.4342195413724,2182.959408694742,1,0,0,1,1,0,1,0,0,1,1,1,1,1,0,1,1,0,1,1,1,1,0,1,0,1,1,1,0,1,1,0,1,0,0,0,1,1,0,1,1,0,1,1,0,0,0,0,0,1,0,1,1,1,0,0,1,1,0,1,5,8,7,5,4,6,20,15,5,video
17,M,1233.1461276184612,1037.0129058165217,2270.159033434983,1,1,1,1,0,1,0,1,0,0,1,0,0,1,1,0,0,1,0,1,0,0,0,1,0,1,1,1,1,1,0,1,1,1,1,0,0,1,0,0,1,0,0,1,1,0,0,1,1,1,1,1,1,1,0,1,1,1,1,1,6,5,6,5,6,9,17,20,-3,text
19,M,1255.022019369535,1002.5505424406199,2257.572561810155,1,0,0,0,0,1,0,0,1,1,1,1,1,0,0,1,1,0,1,0,1,0,1,1,1,0,0,1,0,0,1,1,1,0,1,1,1,0,0,1,1,1,1,1,1,1,1,0,0,1,0,1,1,0,1,0,1,1,0,1,4,6,5,7,8,6,15,21,-6,text
18,F,1275.6207963561214,987.0905454224564,2262.7113417785777,0,0,1,1,0,0,0,0,1,0,1,0,1,1,1,1,1,0,0,1,0,0,1,1,0,0,1,0,1,1,1,0,1,1,0,1,0,0,1,1,0,1,0,1,1,1,0,1,0,0,1,1,1,0,0,1,1,1,1,1,3,7,5,6,5,8,15,19,-4,text
20,M,1289.602045952011,1017.5397881188946,2307.1418340709056,1,1,0,0,1,1,0,0,0,0,1,0,1,1,1,1,0,0,1,1,1,1,0,0,0,0,0,1,1,1,1,1,1,1,1,1,1,1,1,1,1,1,1,1,1,1,1,0,1,1,1,1,1,1,1,0,1,0,0,0,4,7,5,10,9,6,16,25,-9,text
17,F,1232.302195000299,1033.0226863483144,2265.3248813486134,1,0,1,1,1,0,1,0,0,1,1,0,1,0,1,1,0,0,0,0,0,0,0,1,1,0,1,1,1,1,0,1,1,1,1,1,0,1,1,0,1,1,1,0,1,0,1,0,1,0,0,1,1,1,1,0,1,0,0,1,6,4,6,7,6,6,16,19,-3,text
20,F,1219.4860086465726,972.3009333779663,2191.786942024539,1,1,0,1,0,1,1,1,0,1,0,1,1,1,1,0,0,0,1,1,1,0,1,0,1,1,1,1,0,1,1,1,1,1,1,0,1,1,1,0,0,1,0,0,0,0,0,0,1,1,0,1,1,1,1,1,0,0,1,0,7,6,7,8,3,6,20,17,3,video
18,M,1293.4313419429036,1013.0664294176288,2306.497771360532,0,1,0,1,0,0,0,1,0,1,1,1,1,0,1,0,0,1,0,1,1,1,0,0,0,1,1,1,1,1,1,1,0,0,1,1,1,0,1,1,0,1,0,0,1,0,1,0,1,0,1,1,1,1,1,1,1,1,1,1,4,6,7,7,4,10,17,21,-4,text
18,F,1336.951196713889,1025.6619393105132,2362.613136024402,0,1,1,0,0,1,1,1,1,0,1,0,0,0,1,1,0,1,1,1,1,0,1,1,1,1,0,0,1,1,1,1,0,0,0,1,0,1,1,1,1,1,0,1,0,0,1,1,1,1,1,1,1,1,1,0,0,1,1,1,6,6,7,6,7,8,19,21,-2,text
18,F,1297.4054729035154,1001.6907903735527,2299.096263277068,1,0,1,0,1,0,1,0,1,0,1,1,0,1,0,0,0,1,1,0,1,0,1,1,1,1,1,0,0,1,1,1,1,1,0,0,0,1,0,1,0,0,0,0,1,1,0,0,0,1,1,1,0,1,0,0,1,0,0,1,5,5,7,6,3,5,17,14,3,video
19,F,1282.0748484543603,974.5131762524151,2256.5880247067753,0,1,0,0,0,1,1,1,0,1,0,1,0,1,1,1,1,1,0,1,1,0,1,0,0,1,1,1,0,0,1,0,1,1,0,1,1,1,1,1,0,1,0,1,0,1,1,0,0,1,1,1,1,1,1,0,0,1,0,1,5,7,5,8,5,7,17,20,-3,text
19,F,1318.4397935070879,997.6996966410853,2316.139490148173,0,0,1,0,0,1,0,0,1,1,1,1,0,1,0,1,1,0,0,1,1,1,1,1,1,0,1,0,0,1,1,0,1,1,1,1,1,0,1,1,1,0,1,1,0,1,1,0,1,1,1,1,0,1,1,0,1,1,1,0,4,6,7,8,7,7,17,22,-5,text
20,M,1205.532770585932,936.9525611697462,2142.485331755678,0,1,0,1,1,0,0,0,0,1,1,1,0,0,1,1,0,1,0,0,0,1,1,1,1,0,1,0,1,1,0,1,0,1,1,1,0,0,0,0,1,1,1,1,1,0,0,1,0,0,1,1,1,1,1,0,1,0,1,1,4,5,7,4,6,8,16,18,-2,text
20,F,1272.77084615,983.6432812321156,2256.4141273821156,1,0,0,1,0,1,1,1,1,0,1,1,1,0,1,0,1,1,0,1,0,1,0,1,0,1,1,1,1,1,0,1,0,1,0,1,1,0,0,1,0,0,1,1,1,1,1,0,0,1,1,0,1,1,0,0,0,0,0,1,6,7,7,5,6,4,20,15,5,video
17,M,1295.1616218149293,979.3676591802928,2274.529280995222,1,0,0,0,0,1,1,1,0,1,1,0,1,0,0,1,1,1,0,1,0,0,1,1,0,1,0,1,1,0,1,0,1,1,1,1,1,1,1,0,0,0,1,1,1,0,0,1,0,1,1,0,1,1,1,0,1,1,0,1,5,6,5,8,5,7,16,20,-4,text
17,M,1235.9459451238824,918.901935770102,2154.8478808939844,0,1,1,0,1,1,0,1,1,1,0,0,1,1,1,0,1,0,1,0,1,0,1,1,0,0,1,0,1,0,1,1,0,1,0,0,0,1,0,0,1,1,0,1,1,0,0,1,1,0,0,0,0,0,0,1,1,0,1,1,7,5,5,4,6,4,17,14,3,video
20,F,1284.6475109324685,971.6677043617634,2256.315215294232,1,1,1,1,0,1,1,1,0,1,1,0,1,0,0,1,0,0,1,1,0,0,0,1,1,1,1,1,0,0,1,0,0,1,1,1,0,1,0,1,1,1,1,0,0,1,0,1,1,0,1,1,1,1,1,0,1,1,1,1,8,5,5,6,6,9,18,21,-3,text
19,M,1129.120487928015,973.699832006946,2102.820319934961,0,0,0,1,0,1,0,0,1,1,1,1,0,1,1,0,0,0,0,1,1,0,0,1,0,0,0,0,1,0,0,0,0,1,0,1,1,0,1,1,0,0,1,0,0,0,1,0,0,0,0,1,1,0,1,1,0,1,1,1,4,5,3,5,2,7,12,14,-2,text
18,M,1301.0598132195546,1002.7967340274311,2303.8565472469854,0,1,0,1,1,1,1,1,0,1,1,1,1,0,0,0,0,1,0,0,1,0,0,0,1,0,1,1,1,1,0,0,0,1,0,1,1,1,0,1,0,1,1,0,0,0,1,0,0,1,0,0,0,1,0,0,1,0,0,0,7,4,6,5,4,2,17,11,6,video
20,M,1204.1137927446323,995.4407403539116,2199.5545330985437,1,1,0,0,0,1,0,0,1,0,0,1,0,0,1,1,1,1,1,1,1,0,1,1,1,1,1,1,1,0,0,1,0,0,1,0,0,1,0,0,1,0,0,1,1,1,1,0,1,0,0,1,1,1,0,1,1,1,1,0,4,7,8,3,6,7,19,16,3,video
17,F,1297.4349302819933,1076.8616935371026,2374.2966238190957,0,1,1,0,0,1,0,1,1,0,0,0,1,1,1,1,0,0,0,0,1,0,0,1,0,1,0,1,1,0,1,1,0,1,1,0,0,1,1,1,1,0,1,1,0,0,0,1,1,1,0,0,1,1,1,1,0,1,1,0,5,4,5,7,6,6,14,19,-5,text
19,M,1270.3542240187555,943.80673329608,2214.1609573148353,0,1,1,1,1,0,0,1,0,1,0,1,1,0,1,0,0,1,1,0,0,1,1,0,1,1,1,0,0,0,1,1,1,0,1,1,1,0,1,0,1,1,0,1,1,0,1,0,1,0,0,1,1,1,0,1,0,0,1,1,6,5,5,7,6,6,16,19,-3,text
20,M,1303.600622131921,968.3044328132229,2271.905054945144,0,0,1,0,1,0,1,1,0,0,1,0,1,1,0,1,0,1,0,0,1,1,0,0,1,1,1,1,1,1,1,0,1,0,1,1,1,0,0,0,0,0,1,0,1,1,1,1,1,1,0,1,1,0,0,1,0,1,1,1,4,5,8,5,7,6,17,18,-1,equal
20,M,1225.6076230039482,913.8051598974429,2139.412782901391,0,0,0,0,0,1,0,0,0,1,0,0,0,0,0,0,1,0,1,0,0,1,1,0,1,1,0,1,1,0,1,1,1,1,1,0,1,0,1,0,1,1,1,0,1,1,1,1,0,0,1,1,1,0,1,1,1,1,0,1,2,2,6,7,7,8,10,22,-12,text
19,F,1237.6085383716231,898.8197133551555,2136.4282517267784,1,1,0,0,0,0,0,1,1,1,1,0,0,1,0,1,1,0,1,1,1,1,0,0,1,1,0,0,1,1,0,1,0,1,0,1,0,0,1,1,0,1,0,1,1,1,1,1,1,0,0,1,1,0,1,0,1,0,0,0,5,6,6,5,7,4,17,16,1,video
20,M,1250.0130798678522,990.4348134782986,2240.4478933461505,0,0,1,0,1,1,1,0,1,1,1,0,1,1,1,0,1,1,1,0,1,0,0,0,1,0,1,1,0,1,1,1,1,0,1,0,1,1,1,0,0,0,0,0,0,1,1,1,0,1,1,0,1,0,0,0,0,0,0,1,6,7,5,7,4,3,18,14,4,video
19,F,1272.7803677830302,962.5914437483221,2235.3718115313523,1,1,0,1,0,0,0,1,0,1,1,1,1,1,1,1,1,0,0,0,1,1,0,1,0,1,0,1,1,0,0,0,1,1,1,1,1,0,1,1,1,0,1,1,0,0,0,0,0,0,0,1,1,1,0,0,1,1,0,0,5,7,6,7,3,5,18,15,3,video
18,F,1251.4506032643296,998.1309814168532,2249.581584681183,0,1,1,0,1,1,1,1,0,1,1,1,1,1,1,1,0,1,0,1,1,1,1,0,0,0,0,1,1,0,0,0,1,1,0,0,0,1,1,1,0,1,0,0,1,1,0,1,0,0,1,1,1,1,0,0,0,0,1,1,7,8,5,5,4,6,20,15,5,video
19,F,1230.4702934749012,1046.1919874935359,2276.662280968437,0,1,1,1,0,1,1,1,0,1,0,1,0,0,1,1,1,1,0,1,1,1,1,0,1,0,0,1,1,0,0,1,0,1,0,0,0,1,0,0,0,1,1,0,0,1,0,1,0,1,0,0,1,1,1,0,0,0,0,0,7,6,6,3,5,3,19,11,8,video
19,F,1305.8956406325265,1015.7315810714404,2321.627221703967,1,1,1,0,0,1,1,0,0,0,0,1,0,1,1,0,1,0,1,0,0,1,0,1,0,1,0,1,1,1,0,0,1,0,1,0,1,1,1,0,1,0,1,1,1,1,1,1,1,1,1,0,1,1,1,1,1,0,0,1,5,5,6,5,9,7,16,21,-5,text
19,F,1318.556488524401,1000.1267533816181,2318.6832419060192,1,0,0,0,1,1,1,0,0,1,1,1,0,0,0,1,0,0,1,1,1,1,0,1,0,0,1,0,1,1,1,1,1,1,1,0,1,1,0,1,1,0,1,0,1,1,0,1,1,1,0,0,1,0,0,0,1,0,1,0,5,5,6,8,7,3,16,18,-2,video
20,F,1255.2294941846126,993.2281444950108,2248.4576386796234,1,1,1,1,1,1,0,1,0,1,0,1,0,1,0,1,1,0,1,1,1,0,0,1,0,1,1,0,0,0,1,1,0,0,1,0,1,1,1,1,0,1,1,0,1,0,0,1,1,0,1,1,1,0,1,0,1,1,1,1,8,6,4,7,5,8,18,20,-2,text
20,M,1305.9443136680325,946.621192204691,2252.5655058727234,1,1,1,1,1,0,0,1,1,0,1,0,1,1,0,1,1,1,0,0,1,1,0,1,0,1,1,0,1,0,0,1,1,1,1,0,0,0,0,1,1,0,1,0,0,0,1,1,0,0,0,1,0,0,1,0,1,0,1,0,7,6,6,5,4,4,19,13,6,video
19,F,1241.4818402802407,969.0257200716761,2210.5075603519167,1,1,0,1,0,1,0,0,1,0,0,1,1,1,1,1,1,1,0,1,0,1,1,0,1,1,1,1,1,0,1,1,1,1,0,1,0,1,0,1,1,0,1,0,1,0,1,0,1,1,1,1,1,0,0,1,1,1,0,1,5,8,7,7,6,7,20,20,0,video
20,M,1283.9228791477196,981.7203967566865,2265.643275904406,1,0,0,1,1,0,0,1,1,1,1,0,0,1,0,0,1,1,0,0,0,1,1,1,1,0,1,0,1,0,0,1,1,0,1,1,0,1,1,0,1,1,0,0,1,0,1,1,1,0,0,0,1,1,0,0,1,1,0,0,6,4,6,6,6,4,16,16,0,video
17,M,1256.8221251936636,994.5534191638015,2251.375544357465,0,1,0,1,1,0,0,1,0,0,0,1,0,1,1,1,1,0,1,0,1,0,0,0,0,1,0,0,1,0,1,0,1,1,1,1,0,1,1,0,1,0,0,1,1,0,1,1,0,1,1,0,0,1,1,1,0,0,1,0,4,6,3,7,6,5,13,18,-5,text
17,F,1295.2686320774014,1001.5534361744459,2296.822068251847,1,1,0,1,0,1,1,1,1,0,1,1,1,1,0,1,0,0,0,0,1,1,0,0,0,0,1,1,0,0,1,0,1,0,0,0,0,0,0,0,0,0,1,1,1,1,0,1,1,1,1,1,0,0,1,1,0,0,1,1,7,5,4,2,7,6,16,15,1,text
20,M,1237.813043285419,935.331713393412,2173.144756678831,1,0,1,1,0,0,1,1,1,0,1,0,0,0,1,0,1,1,1,1,0,1,1,0,1,0,1,1,0,1,1,1,1,0,0,1,0,0,0,0,0,1,1,0,1,0,0,1,1,1,1,1,1,1,1,1,0,0,0,1,6,6,6,4,6,7,18,17,1,equal
20,M,1232.815845813835,969.1221652321068,2201.938011045942,1,1,1,1,1,1,0,1,1,1,0,0,0,0,1,1,0,0,1,1,0,0,1,0,1,1,1,1,1,0,0,1,1,1,1,1,1,1,1,1,0,1,1,0,1,1,1,0,0,1,1,1,0,0,1,1,1,1,0,1,9,4,6,9,6,7,19,22,-3,text
19,M,1279.1421820021976,970.2490437701063,2249.391225772304,1,0,1,1,0,0,0,0,1,1,0,0,0,0,0,1,1,0,0,1,1,1,1,0,1,1,1,0,1,1,1,0,1,0,0,1,0,0,1,0,0,0,0,1,1,0,1,0,1,0,1,1,0,0,1,1,0,0,1,1,5,3,8,4,4,6,16,14,2,video
18,M,1198.0848915747974,930.9436395965336,2129.028531171331,1,1,1,1,0,1,1,0,1,0,1,1,0,0,1,1,1,0,0,1,1,1,1,1,1,0,0,0,1,0,1,0,1,1,1,0,0,1,1,0,1,1,0,0,0,1,1,0,1,1,1,0,0,1,1,0,0,0,1,1,7,6,6,6,6,5,19,17,2,video
20,F,1241.21858258972,933.496096121274,2174.714678710994,0,1,0,1,1,1,1,0,1,1,1,0,1,1,1,1,1,0,1,1,0,1,1,1,1,0,0,0,0,1,0,0,1,1,1,1,1,0,1,1,1,0,0,1,1,1,1,1,0,1,0,1,1,1,1,1,0,1,1,0,7,8,5,7,7,7,20,21,-1,text
17,M,1188.2399317563688,1030.4600510107268,2218.6999827670957,1,1,1,0,0,1,1,1,1,1,1,0,0,1,1,1,0,0,0,1,0,1,1,1,1,0,1,1,1,1,0,0,0,1,1,1,0,1,1,1,1,1,1,1,1,1,1,0,1,0,1,1,0,1,1,0,1,1,0,1,8,5,8,6,8,7,21,21,0,equal
19,F,1297.2216033756067,1013.0744423952116,2310.296045770818,1,1,1,1,0,1,1,1,0,0,1,1,0,0,0,0,0,1,1,0,0,1,0,1,1,0,1,1,1,1,0,1,1,1,1,0,0,1,0,1,1,0,1,1,0,1,1,0,0,1,1,1,1,0,0,0,0,0,1,1,7,4,7,6,6,5,18,17,1,video
20,M,1281.4495478154493,983.7031016793827,2265.152649494832,1,1,1,0,0,1,0,1,1,1,0,0,1,1,1,1,1,1,0,1,0,0,1,0,0,1,1,0,1,1,1,0,1,1,1,0,0,1,0,1,0,1,1,1,1,0,0,1,1,0,1,1,1,0,0,0,1,0,0,1,7,7,5,6,6,5,19,17,2,video
17,M,1305.4649552415672,913.6265956169271,2219.0915508584944,1,0,0,0,1,1,0,0,1,1,1,0,0,0,0,1,0,0,1,0,1,0,0,0,1,1,1,1,0,0,0,0,0,0,0,0,0,1,1,0,0,1,0,1,0,0,0,0,0,0,0,1,1,0,0,1,1,1,1,0,5,3,5,2,2,6,13,10,3,video
17,F,1247.546271657062,984.287534188081,2231.833805845143,0,1,0,0,0,1,1,1,0,0,0,1,1,0,0,0,0,1,0,0,1,1,1,1,0,1,1,1,1,1,1,1,0,1,0,1,0,1,1,1,0,0,1,0,1,0,1,1,1,0,1,1,1,0,0,0,0,0,1,0,4,3,9,7,5,4,16,16,0,video
18,M,1198.7104244711854,982.0604585774457,2180.7708830486313,0,1,1,1,1,1,1,0,0,1,1,0,0,1,0,0,0,1,1,1,0,0,1,0,0,0,0,0,1,0,1,0,0,0,0,1,0,0,1,1,0,1,1,1,0,0,1,1,1,1,0,1,1,0,1,0,0,1,1,1,7,5,2,4,7,6,14,17,-3,text
19,M,1281.555801155484,1015.41744724255,2296.9732483980342,0,1,1,0,1,0,1,1,1,1,0,1,1,1,1,1,0,1,1,1,1,1,1,0,0,0,1,1,1,0,1,1,0,0,1,0,1,0,1,1,0,1,0,1,1,0,0,1,1,1,0,0,0,0,1,1,0,0,1,0,7,8,6,6,6,3,21,15,6,video
19,M,1228.710863382512,1000.3013784388711,2229.012241821383,0,1,1,0,0,0,0,0,1,0,0,0,1,1,1,1,0,1,1,0,1,1,1,0,1,0,1,0,1,1,0,0,1,1,0,0,0,0,1,1,1,0,1,0,0,0,0,0,0,1,1,1,1,0,1,0,1,0,1,1,3,6,7,4,3,7,16,14,2,video
18,F,1251.235935324518,1018.5650627620985,2269.8009980866163,1,1,1,1,1,0,1,1,0,0,1,1,0,1,0,1,0,1,0,1,0,1,1,0,1,0,1,0,1,0,1,0,1,0,0,1,1,0,1,0,1,0,0,0,1,0,0,1,0,0,0,0,1,1,0,1,0,0,1,1,7,6,5,5,3,5,18,13,5,video
18,M,1289.9355563236857,1031.9933016965326,2321.9288580202183,0,1,0,0,1,0,1,0,1,1,1,1,0,0,1,1,0,1,1,1,1,1,0,1,0,1,1,0,1,1,1,0,1,1,0,1,1,1,1,1,1,1,1,0,0,1,1,1,1,1,0,1,1,0,0,0,1,1,1,1,5,7,7,8,8,6,19,22,-3,text
19,F,1327.5415267272672,947.9125119934399,2275.454038720707,0,1,0,1,0,1,1,0,0,1,1,1,0,0,0,1,0,1,1,1,0,0,1,0,0,1,1,0,0,1,1,0,0,1,1,0,1,0,0,0,0,1,0,1,1,1,1,1,1,1,0,0,1,1,1,0,0,1,1,0,5,6,4,4,8,5,15,17,-2,text
19,M,1257.1580935403001,987.6718124607598,2244.82990600106,1,1,1,0,1,0,1,1,1,0,0,0,1,1,1,1,0,1,0,1,1,1,1,0,0,1,1,0,0,0,1,1,0,0,1,1,0,1,0,1,1,1,0,0,0,1,0,0,1,0,0,0,0,0,0,1,0,1,0,0,7,6,5,6,4,2,18,12,6,video
20,F,1152.5921123881417,956.6258776539572,2109.217990042099,1,1,0,0,1,0,0,1,1,1,1,0,1,0,0,1,1,0,0,0,1,1,0,0,1,0,1,0,0,1,0,0,1,1,1,1,0,0,1,1,1,0,0,1,0,1,0,1,0,1,0,1,1,1,1,0,1,0,0,1,6,4,5,6,5,6,15,17,-2,text
20,F,1288.9612775003789,961.5670399776452,2250.5283174780243,0,1,1,1,1,1,0,0,1,0,0,0,0,1,1,0,1,1,1,1,1,1,1,0,0,1,1,1,1,1,1,0,1,1,0,1,1,1,0,1,0,1,1,0,1,1,1,0,1,0,1,1,1,0,0,0,1,1,0,0,6,6,8,7,6,5,20,18,2,video
18,M,1261.9211490884252,995.5019526988128,2257.423101787238,1,0,1,1,1,0,0,0,1,1,1,0,1,0,0,0,1,0,1,1,1,0,1,1,1,0,0,0,1,1,0,1,0,1,1,0,0,1,0,1,1,0,1,1,1,1,1,0,1,1,0,0,0,1,1,0,1,1,0,1,6,5,6,5,8,5,17,18,-1,text
20,M,1305.7795788420333,1055.7559090822963,2361.5354879243296,0,1,0,0,1,1,0,1,1,0,1,0,1,0,1,1,0,0,1,1,0,1,0,0,0,1,1,0,1,1,0,0,0,0,1,0,0,1,0,0,0,0,1,1,1,1,1,1,0,1,1,1,0,0,0,1,1,0,1,0,5,6,5,2,7,5,16,14,2,equal
17,F,1254.4513932914308,1066.8823980549014,2321.333791346332,1,1,1,1,0,1,1,1,1,1,0,0,1,1,1,0,0,0,1,0,1,1,0,0,1,1,1,1,1,0,1,1,1,0,1,1,1,1,0,1,1,1,1,0,1,0,0,1,0,0,1,1,0,0,1,1,0,1,0,0,9,4,7,8,5,5,20,18,2,video
20,F,1263.6056585372125,983.3155459652485,2246.921204502461,0,0,0,1,0,0,1,1,1,0,0,1,0,1,0,1,1,1,0,1,0,1,0,0,1,1,0,0,0,1,0,0,0,0,1,0,0,0,0,0,1,0,1,0,1,1,0,0,0,1,0,0,1,0,0,1,1,0,0,1,4,6,4,1,5,4,14,10,4,video
20,M,1249.7695742235228,1028.804899383218,2278.574473606741,1,0,1,1,1,0,0,1,1,1,1,1,0,1,1,0,1,0,1,1,0,0,1,0,0,1,1,0,1,0,0,0,1,1,0,0,1,0,0,0,1,1,0,0,1,0,0,1,0,1,0,0,0,1,1,1,0,1,1,0,7,7,4,3,5,5,18,13,5,video
17,F,1264.6275614888157,1012.530338746946,2277.1579002357616,0,0,1,1,0,1,1,1,1,0,1,0,1,0,1,0,0,1,0,1,0,0,0,0,1,1,1,1,0,1,1,1,0,0,1,0,1,1,1,1,0,1,0,1,1,1,1,1,0,0,0,0,1,0,0,1,0,1,1,1,6,5,5,7,6,5,16,18,-2,text
18,M,1247.1660846431603,967.5560449231873,2214.7221295663476,0,1,1,0,1,0,1,0,1,1,0,0,1,1,1,1,0,0,1,1,0,1,0,1,0,1,0,1,1,0,0,0,0,0,0,1,1,0,1,1,1,1,1,1,1,1,1,0,0,0,0,1,0,0,1,1,0,1,0,0,6,6,5,4,7,4,17,15,2,video
17,M,1226.0887754591383,921.2352624944249,2147.324037953563,1,1,1,1,0,0,1,0,1,0,1,1,1,1,1,1,0,1,0,1,0,0,0,0,0,1,0,1,1,1,1,1,0,1,0,1,0,1,0,1,1,0,1,1,1,1,1,0,1,1,1,0,0,1,0,0,1,1,1,1,6,8,4,6,8,6,18,20,-2,text
20,M,1213.8498809893738,1119.6022186285363,2333.45209961791,0,1,1,1,0,1,1,1,0,0,0,0,1,0,1,1,1,1,0,1,0,1,1,1,0,0,1,0,1,0,0,0,0,1,0,1,1,0,1,1,0,0,1,0,0,1,1,0,1,1,0,0,1,1,0,1,0,0,1,0,6,6,5,5,5,4,17,14,3,video
18,M,1268.3572511193606,1021.1194213746959,2289.4766724940564,0,1,0,1,1,0,1,1,1,1,0,0,0,1,1,1,1,0,0,1,0,0,1,0,1,1,1,1,1,1,0,1,1,1,1,1,1,1,1,1,1,1,1,0,1,0,1,0,1,0,1,0,1,1,1,0,0,1,0,0,7,5,7,9,6,5,19,20,-1,video
20,F,1265.803130636634,948.1567998351585,2213.9599304717926,1,0,0,0,1,1,1,1,1,0,0,0,1,1,0,1,1,1,1,1,0,0,1,1,0,1,1,1,1,0,0,0,1,1,0,1,0,0,0,1,1,1,0,1,1,1,1,1,1,1,0,0,0,1,0,0,0,1,0,1,6,7,6,4,9,3,19,16,3,video
17,M,1243.0836658360665,990.8034690679502,2233.887134904017,0,1,1,1,1,0,0,1,0,0,0,1,1,0,1,0,0,0,1,0,1,0,1,1,0,1,1,0,1,0,1,1,0,0,1,0,1,1,1,1,1,1,0,0,1,0,1,1,1,1,1,1,1,0,0,0,0,1,0,1,5,4,6,7,7,5,15,19,-4,text
17,F,1264.9736122833929,963.270561752005,2228.244174035398,1,0,0,1,1,0,1,1,0,1,1,0,1,1,1,0,0,0,1,1,1,1,0,1,1,1,0,0,0,0,0,0,1,1,1,1,0,0,1,1,1,0,0,1,0,0,1,0,1,1,1,0,1,0,0,0,0,1,1,1,6,6,5,6,5,5,17,16,1,video
20,M,1229.7355268195263,936.3486096525062,2166.0841364720327,1,1,1,0,0,1,0,0,0,0,0,1,0,0,1,0,0,1,0,1,0,0,1,1,0,1,1,1,1,1,1,0,0,1,0,0,0,1,0,1,1,1,1,1,1,0,0,0,1,0,0,1,0,0,1,0,0,0,0,0,4,4,7,4,6,2,15,12,3,video
19,F,1296.7178231680318,1033.8874023361311,2330.605225504163,0,0,0,0,1,1,1,0,0,0,0,0,1,1,1,1,0,1,1,1,1,1,1,1,0,1,0,0,0,0,0,0,0,0,0,1,0,1,0,1,1,1,0,0,1,0,0,1,1,1,0,1,0,1,1,1,1,0,1,1,3,7,5,3,6,7,15,16,-1,text
19,M,1274.388434336787,1016.7202584842286,2291.1086928210157,1,1,1,1,0,0,1,1,1,0,0,0,0,1,1,1,1,0,1,0,1,1,1,1,0,1,0,0,1,0,0,0,0,0,0,0,1,1,1,1,0,0,1,1,0,0,1,1,0,0,1,1,0,0,1,0,1,0,0,1,7,5,6,4,4,5,18,13,5,video
17,F,1273.1438457727431,945.110905171785,2218.254750944528,1,0,0,0,1,1,1,1,0,0,1,1,1,1,1,1,0,1,1,0,1,0,0,0,1,1,0,0,1,1,1,1,0,1,0,0,1,0,0,0,0,0,1,0,1,0,0,1,1,1,1,0,0,1,1,0,1,0,1,0,5,8,5,4,5,5,18,14,4,video
17,F,1318.3212188092148,958.8293138089025,2277.1505326181173,1,1,0,1,1,0,1,0,0,1,0,0,1,1,1,0,0,1,0,1,0,0,1,0,0,0,1,0,0,1,1,1,1,0,1,0,1,1,1,1,1,1,0,0,0,1,1,1,1,1,1,1,1,1,1,1,0,1,1,1,6,5,3,8,7,9,14,24,-10,text
19,M,1276.4735831058647,957.5989614321147,2234.0725445379794,1,1,0,0,1,0,1,0,1,1,1,1,0,1,1,1,1,0,0,1,1,1,0,0,0,0,0,0,1,1,1,0,1,1,0,0,0,0,1,1,0,0,0,1,1,0,1,1,0,1,0,0,1,0,0,1,1,1,0,1,6,7,4,5,5,5,17,15,2,video
19,M,1190.9831365190212,1015.7252068667842,2206.708343385805,1,1,0,1,1,1,1,0,0,0,0,0,1,1,0,1,1,0,1,1,1,1,1,1,0,0,1,0,1,1,1,1,1,1,1,1,0,0,0,1,0,1,1,1,1,1,1,1,1,1,0,1,0,0,1,0,0,1,1,1,6,6,7,7,9,5,19,21,-2,equal
20,M,1276.3448470192416,1039.715947572009,2316.0607945912507,1,0,1,0,0,1,0,0,1,1,0,0,1,1,1,1,1,0,0,1,0,0,1,1,1,0,1,0,1,1,0,1,0,0,1,0,0,1,1,0,1,0,1,1,0,1,1,0,0,1,0,1,0,1,1,0,0,0,1,0,5,6,6,4,6,4,17,14,3,video
20,M,1337.9291028202058,975.5491958301302,2313.478298650336,1,1,0,0,1,0,0,1,0,1,1,1,0,1,0,0,1,1,1,0,1,0,1,1,1,1,0,0,1,1,1,1,0,1,1,0,0,0,1,1,1,1,1,1,1,1,0,1,0,1,1,0,1,1,0,1,0,0,1,1,5,6,7,6,8,6,18,20,-2,text
19,F,1330.3340933107415,995.1981752632648,2325.5322685740066,1,1,1,0,0,1,0,1,1,1,1,1,1,1,1,0,0,1,1,1,0,1,1,1,1,1,0,0,1,1,0,0,0,0,1,1,0,1,0,0,0,1,0,1,0,0,1,1,0,1,1,0,0,0,1,0,0,1,0,1,7,8,7,3,5,4,22,12,10,video
20,M,1319.8138455456783,980.6623791612168,2300.476224706895,1,1,0,1,1,1,0,0,1,1,1,0,1,1,1,0,1,1,0,0,0,0,1,1,0,1,0,0,1,1,1,1,1,0,1,0,1,1,1,1,1,1,0,0,0,0,0,1,0,1,0,0,0,0,1,1,1,1,0,1,7,6,5,8,4,5,18,17,1,video
20,F,1242.5641397973516,892.809527581628,2135.3736673789795,0,0,1,1,1,1,1,1,0,0,0,1,1,0,1,1,1,0,0,1,0,1,1,0,0,0,1,0,0,0,0,0,1,1,1,0,0,1,1,1,1,0,0,1,0,1,1,0,1,1,0,1,1,0,1,1,1,1,1,0,6,6,3,6,6,7,15,19,-4,text
18,F,1362.6956496051785,999.9420016247196,2362.637651229898,1,0,0,1,0,1,1,0,1,1,0,1,1,0,1,1,1,1,0,0,1,0,1,1,0,0,1,1,1,1,0,1,0,1,1,0,0,1,1,1,1,1,0,1,1,1,0,1,1,1,0,1,1,1,1,1,1,1,0,1,6,6,7,6,8,8,19,22,-3,text
20,M,1334.3533609702586,1093.574301055395,2427.9276620256533,1,0,1,0,1,1,1,1,0,1,1,0,0,1,1,0,0,0,1,0,1,1,0,1,1,1,1,0,0,1,0,1,0,0,0,0,1,0,1,0,1,1,0,1,0,0,1,1,1,0,0,0,0,1,1,1,0,1,0,0,7,4,7,3,6,4,18,13,5,video
17,F,1226.4514488289112,958.4822598935833,2184.9337087224944,1,0,0,1,0,0,1,1,1,0,1,1,1,0,1,0,0,1,1,1,0,1,1,1,1,0,0,0,1,1,1,1,1,0,1,1,0,1,1,0,0,1,1,1,0,1,0,1,1,1,0,0,1,0,1,1,1,1,1,1,5,7,6,7,7,7,18,21,-3,text
20,F,1313.956277864347,1037.3640092185167,2351.3202870828636,0,1,0,1,1,0,0,0,1,1,1,0,0,1,0,0,0,1,1,0,0,0,0,0,1,1,1,1,1,1,1,1,1,0,0,0,1,1,0,0,1,0,0,0,0,0,0,1,1,1,1,1,1,1,0,1,1,1,0,0,5,4,6,5,4,7,15,16,-1,text
20,F,1250.3732137782883,1045.673066731073,2296.046280509361,1,1,1,1,1,0,1,1,0,0,1,0,0,0,1,0,1,1,0,1,0,1,0,1,1,0,1,1,0,1,1,0,1,0,1,1,1,1,0,0,1,1,1,1,0,1,1,0,1,1,1,0,1,1,0,0,0,0,1,1,7,5,6,6,8,5,18,19,-1,text
19,F,1244.9640780514583,1002.6573489829216,2247.62142703438,0,1,1,0,1,0,0,1,0,0,1,0,1,1,0,0,0,0,0,0,1,1,1,0,1,1,1,0,0,1,0,1,1,1,0,1,1,1,0,1,1,0,0,1,1,0,0,1,1,1,0,0,1,1,0,0,0,0,1,1,4,3,7,7,6,4,14,17,-3,equal
17,M,1217.6897332439041,969.256013280237,2186.945746524141,1,1,1,1,0,0,1,1,1,1,1,1,1,0,0,0,1,0,0,1,1,1,1,1,0,1,1,1,0,1,0,1,1,1,0,1,1,0,0,0,1,1,1,0,1,0,1,1,0,0,0,0,1,0,0,1,0,1,0,0,8,5,8,5,6,3,21,14,7,video
20,M,1268.1901103260384,992.4949498563949,2260.6850601824335,0,1,1,1,1,1,1,1,0,1,0,1,0,1,0,0,0,1,0,1,0,1,1,1,1,0,0,0,0,0,1,1,1,1,1,0,1,1,0,1,0,1,0,1,0,0,0,1,1,0,1,1,1,1,1,1,1,1,1,0,8,4,4,8,4,9,16,21,-5,text
20,M,1273.8172371610813,1009.4555188849893,2283.2727560460708,1,1,1,1,1,1,1,1,0,1,1,0,1,1,1,1,1,1,1,0,1,1,1,0,1,0,0,1,1,1,0,1,0,0,0,0,1,0,0,1,0,1,1,1,0,0,1,1,1,1,0,0,0,0,0,1,1,1,1,0,9,8,7,3,7,4,24,14,10,video
18,M,1304.1240064357303,1051.5208947273813,2355.6449011631116,1,1,1,1,1,0,1,0,0,0,0,1,1,1,1,0,0,1,1,1,1,1,1,0,1,0,0,0,1,0,1,0,0,0,1,1,0,0,0,0,1,1,0,1,0,1,1,1,0,0,0,1,1,0,1,1,1,1,1,0,6,7,5,3,6,7,18,16,2,equal
20,F,1223.14646288303,1057.6778612341175,2280.8243241171476,0,1,1,0,1,1,1,0,0,1,1,0,0,0,1,1,1,0,1,1,1,1,0,1,0,0,1,0,0,0,0,1,1,0,1,0,1,1,0,0,1,1,1,1,1,0,1,1,0,1,0,0,1,0,1,0,0,0,1,1,6,6,4,5,8,4,16,17,-1,text
20,F,1256.9970897768503,1007.157518890734,2264.1546086675844,1,1,1,0,0,0,1,1,0,1,0,1,1,1,1,1,1,1,1,1,0,1,0,0,0,0,1,0,0,0,1,0,0,1,1,0,1,1,1,1,0,0,1,0,1,0,1,0,1,1,0,1,0,1,1,0,0,1,1,0,6,9,2,7,5,5,17,17,0,text
18,M,1297.8966658526529,1015.4188037941017,2313.3154696467545,1,1,1,0,0,1,1,0,1,0,0,1,0,1,1,0,0,1,1,1,1,1,1,1,1,1,0,0,1,1,1,1,0,0,0,0,1,1,1,1,1,0,0,0,0,1,0,0,0,1,0,0,1,1,0,1,0,1,1,1,6,6,8,6,3,6,20,15,5,video
19,M,1291.3913042958752,958.4464990622843,2249.8378033581594,1,1,1,0,0,0,1,0,0,1,1,1,1,0,1,1,1,1,0,1,0,1,1,1,0,1,1,1,1,0,1,1,0,0,0,1,1,1,1,1,0,1,1,1,1,0,0,1,0,0,1,1,0,1,1,1,1,0,0,0,5,8,7,7,5,6,20,18,2,video
20,M,1304.47681413852,969.2551144290615,2273.7319285675812,1,1,1,0,1,0,0,1,1,1,0,1,1,0,1,1,1,1,1,1,0,1,0,0,1,0,1,0,0,1,0,0,1,1,1,0,0,0,1,0,1,1,1,0,1,1,1,1,0,1,0,1,1,0,0,0,1,1,0,1,7,8,4,4,8,5,19,17,2,equal
18,F,1344.8094066217664,980.545309927579,2325.3547165493455,1,1,1,1,1,0,1,0,0,1,0,1,1,0,1,1,0,0,0,0,1,1,0,1,1,1,0,1,0,1,0,1,1,1,0,1,0,1,0,1,0,1,0,1,1,1,0,1,1,1,1,0,1,1,1,1,1,1,1,1,7,4,7,6,7,9,18,22,-4,text
17,M,1179.8563343584383,967.9612201416529,2147.8175545000913,1,1,1,0,1,1,1,1,1,1,0,0,1,1,1,1,0,0,1,0,1,1,1,1,0,1,1,0,0,0,0,1,0,1,0,1,1,0,0,1,1,1,0,0,1,0,1,0,1,1,1,0,0,0,1,1,0,0,0,1,9,5,6,5,6,4,20,15,5,video
19,M,1281.3972977004419,1019.4421501740369,2300.8394478744785,0,1,0,0,0,0,1,0,1,1,1,0,1,1,1,0,1,0,0,1,1,0,0,0,1,0,1,1,0,1,0,0,1,1,1,0,0,0,0,1,0,0,0,1,0,0,0,0,1,0,0,1,0,1,1,0,1,0,1,1,4,6,5,4,2,6,15,12,3,video
17,M,1241.0567462993113,976.3916667406878,2217.448413039999,0,0,0,1,1,0,1,1,0,1,0,1,1,0,0,0,1,0,1,1,1,0,1,1,1,1,1,0,1,0,1,0,1,0,0,0,1,1,0,1,1,1,0,1,1,0,0,1,1,1,1,1,1,1,1,1,0,1,1,1,5,5,7,5,7,9,17,21,-4,text
17,F,1218.11073438854,935.4340256497126,2153.5447600382527,0,1,0,1,0,0,1,0,1,1,0,1,1,1,0,1,0,1,1,0,1,0,1,1,1,0,1,0,1,0,1,0,0,1,0,0,1,1,0,0,1,1,0,1,0,1,1,1,0,1,0,1,1,1,0,0,1,1,0,1,5,6,6,4,7,6,17,17,0,equal
18,F,1348.4951837814917,996.5209652022417,2345.0161489837333,1,0,0,0,1,1,1,0,1,1,1,1,1,0,1,0,0,1,1,1,0,1,1,1,1,1,1,0,0,1,1,1,0,0,1,1,0,1,1,1,1,0,1,1,1,0,0,1,0,1,0,1,1,1,1,0,0,0,1,0,6,7,7,7,6,5,20,18,2,video
20,F,1327.361333259269,982.0805611497673,2309.441894409036,1,0,1,0,1,0,0,1,0,1,1,1,0,1,0,1,1,0,1,1,1,1,0,1,1,1,1,1,0,0,1,0,0,1,0,1,1,0,1,1,1,1,1,0,1,0,0,1,0,1,1,1,1,0,1,0,0,1,0,0,5,7,7,6,6,5,19,17,2,video
18,F,1232.7350173012967,997.9834091119415,2230.7184264132384,1,1,0,1,1,0,1,1,0,0,1,1,1,0,1,1,0,1,1,1,1,1,0,0,1,1,1,1,1,0,0,1,1,1,0,1,0,0,1,1,0,1,1,1,1,1,1,1,0,1,1,0,0,1,0,1,1,0,1,0,6,8,7,6,8,5,21,19,2,video
18,F,1189.46136864952,1032.8407617225869,2222.302130372107,1,1,1,1,1,1,1,0,1,1,1,0,1,1,1,0,1,1,1,1,1,1,0,0,1,1,1,1,0,0,0,1,1,1,1,0,1,1,1,1,1,1,0,1,1,1,1,1,1,1,0,1,0,1,0,0,0,1,1,0,9,8,6,8,9,4,23,21,2,video
18,F,1284.5132712462523,920.5792417008653,2205.0925129471175,1,1,1,0,0,0,0,1,0,0,1,1,0,1,0,0,0,0,1,0,1,1,1,1,0,0,1,1,1,1,0,0,1,0,1,0,0,1,0,1,1,1,1,1,1,1,1,0,1,1,1,0,1,0,1,1,1,1,1,1,4,4,8,4,9,8,16,21,-5,text
18,F,1211.540682016947,1021.018209953886,2232.558891970833,0,1,0,0,1,0,1,1,0,0,1,1,1,1,0,1,1,0,1,1,0,0,0,1,0,1,1,0,1,0,1,1,0,0,0,1,1,1,0,0,1,1,1,0,1,0,0,0,1,1,1,0,1,0,0,0,0,1,1,1,4,8,4,5,6,5,16,16,0,equal
19,F,1158.1069310915716,989.9292541903303,2148.036185281902,1,1,0,1,0,1,0,1,1,1,0,0,0,1,1,1,1,1,0,0,1,1,0,1,1,1,1,0,1,1,0,0,1,1,0,1,1,1,0,0,1,0,1,0,1,1,1,1,0,0,0,0,1,1,0,1,1,0,1,1,7,5,8,5,6,6,20,17,3,video
20,M,1271.233618745865,981.0313378243519,2252.264956570217,1,0,1,1,0,0,0,0,1,1,1,1,0,0,0,1,0,0,1,0,1,1,0,0,1,1,0,0,0,1,1,1,0,0,1,0,0,1,0,1,0,0,1,0,0,1,1,1,1,1,1,1,1,0,0,0,1,0,0,0,5,4,5,5,6,4,14,15,-1,equal
17,M,1289.078230548789,1004.6023491808298,2293.680579729619,1,1,1,1,1,1,1,0,1,1,1,1,1,0,0,1,1,0,0,1,1,0,0,0,0,0,1,1,0,0,0,0,1,1,1,1,0,1,0,0,1,1,1,0,0,0,1,1,1,1,0,1,1,1,1,0,1,1,0,1,9,6,3,5,7,7,18,19,-1,text
17,F,1254.5007693022205,993.3740322512531,2247.874801553474,0,1,1,1,1,1,0,1,0,0,1,1,0,0,0,0,0,0,0,0,0,1,0,1,0,1,1,1,1,1,0,0,0,1,0,0,1,0,1,0,1,0,0,1,1,1,1,1,1,1,1,1,0,1,1,1,1,1,1,1,6,2,7,3,8,9,15,20,-5,text
20,F,1260.40742568725,977.0507155140414,2237.4581412012913,0,1,1,1,0,1,1,1,0,1,1,1,0,1,0,1,1,1,1,1,1,1,0,0,1,0,0,0,1,0,1,1,1,0,0,0,1,0,0,1,1,1,1,1,0,0,1,0,1,1,0,1,1,1,1,1,0,0,1,1,7,8,4,5,7,7,19,19,0,text
17,M,1360.149521689574,1034.3570914785153,2394.506613168089,1,1,1,1,1,1,0,1,1,1,1,0,0,1,1,0,1,0,1,1,1,1,1,0,0,0,0,1,0,1,0,0,0,1,1,0,0,1,0,1,1,1,1,1,1,0,1,1,1,1,1,1,1,0,1,0,1,1,1,1,9,6,5,4,9,8,20,21,-1,text
20,F,1293.537178151832,1005.9499209918968,2299.4870991437288,0,1,0,0,1,1,1,1,0,0,1,1,0,1,1,0,0,1,1,0,0,0,1,0,1,0,0,1,0,1,1,1,0,0,1,1,1,1,0,0,1,1,1,0,1,0,0,0,1,0,0,0,1,0,0,1,1,1,0,0,5,6,4,6,5,4,15,15,0,equal
17,F,1239.4887190552224,964.2841786251604,2203.772897680383,1,0,0,0,1,1,0,1,0,1,0,1,0,0,1,0,0,0,0,1,1,1,1,1,1,1,1,1,0,0,1,1,1,1,1,0,0,1,0,1,1,0,1,1,1,0,0,1,1,0,1,1,1,0,0,0,0,1,1,0,5,3,8,7,6,5,16,18,-2,equal
18,F,1253.8233859885263,1053.2055047150131,2307.028890703539,1,0,1,0,0,1,0,0,1,0,1,1,1,1,1,0,1,1,1,0,0,0,0,0,0,0,1,1,0,1,1,0,1,1,0,1,1,1,0,1,1,1,1,0,1,0,0,1,0,0,0,1,1,1,1,0,0,0,0,0,4,8,3,7,5,4,15,16,-1,equal
17,M,1300.3184796958908,1014.8960452319224,2315.2145249278133,1,1,0,1,0,0,0,0,0,1,1,1,0,0,0,1,0,1,1,1,1,0,1,1,0,1,1,1,1,1,1,0,0,1,0,0,0,1,0,1,1,1,1,1,0,1,0,1,1,0,0,0,1,1,0,1,1,1,1,1,4,6,8,4,7,7,18,18,0,equal
20,M,1290.285667872299,1002.3968617492985,2292.6825296215975,1,0,1,1,0,1,0,1,1,0,1,1,0,1,0,0,1,0,1,0,0,0,1,0,1,1,0,1,0,1,1,1,0,1,0,1,1,1,0,0,0,0,0,0,1,1,1,0,1,0,1,1,1,1,1,1,1,0,1,1,6,5,5,6,4,9,16,19,-3,text
20,M,1272.212050586755,1026.8450646659203,2299.0571152526754,0,1,1,1,0,1,0,1,1,1,1,0,0,1,1,0,1,1,1,1,1,1,0,1,1,1,1,1,0,1,1,0,1,0,1,0,1,1,0,0,0,1,1,1,1,1,1,1,0,1,1,1,1,1,1,0,1,1,1,1,7,7,8,5,8,9,22,22,0,text
20,M,1287.0869590488498,1036.9315958391567,2324.0185548880063,0,1,0,0,1,0,1,0,1,0,0,0,1,1,0,0,0,1,0,1,1,1,1,0,1,0,0,1,1,1,1,1,1,0,0,1,0,1,1,1,1,1,0,0,0,1,1,1,0,0,0,1,1,1,0,0,1,1,0,1,4,4,7,7,5,6,15,18,-3,text
20,M,1186.029988011731,941.5815215959001,2127.611509607631,1,0,0,1,1,1,0,1,1,1,0,1,1,0,0,0,1,0,0,0,0,0,1,1,0,1,1,1,0,1,0,1,1,0,0,1,0,0,1,0,1,1,0,1,1,0,1,0,1,0,0,0,0,1,1,0,0,1,0,1,7,3,6,4,6,4,16,14,2,video
20,F,1310.0018220614575,941.8707645916403,2251.8725866530976,0,0,1,1,1,1,1,1,0,1,0,1,0,1,0,0,0,1,0,1,1,1,1,1,0,1,1,1,0,1,0,1,1,1,1,1,1,1,0,1,1,0,0,1,0,0,0,0,0,1,0,0,1,1,1,0,1,1,0,1,7,4,8,8,3,6,19,17,2,video
19,M,1290.3067136104512,983.0513491798167,2273.358062790268,1,0,1,1,1,0,0,1,1,1,0,0,1,1,0,0,0,0,0,1,1,1,0,1,1,1,1,0,1,1,0,1,1,1,1,1,0,0,0,0,1,1,0,0,1,0,0,0,0,1,0,1,0,1,1,1,1,1,0,1,7,3,8,5,4,7,18,16,2,video
19,F,1388.414036220276,1000.5950382251568,2389.009074445433,0,1,0,0,0,0,1,0,1,1,1,1,0,1,1,1,1,0,1,0,1,1,1,0,1,1,1,0,0,1,1,1,0,1,1,1,0,1,1,1,0,1,0,1,1,1,0,1,1,0,1,1,1,0,0,0,1,1,0,1,4,7,7,8,6,6,18,20,-2,equal
17,F,1188.8204166387713,945.4955113138448,2134.315927952616,1,0,0,0,0,0,1,0,0,1,1,0,1,0,1,1,1,1,1,1,0,0,1,1,1,1,1,1,1,1,1,0,1,0,1,0,1,1,0,0,0,1,1,0,1,0,1,1,0,1,0,1,0,1,1,0,1,0,0,0,3,8,8,5,6,4,19,15,4,video
20,M,1243.9014788969869,974.6308799163888,2218.5323588133756,1,0,1,0,0,0,0,1,1,1,0,0,0,1,0,1,1,0,1,0,1,0,1,0,0,0,1,0,1,1,1,1,0,0,0,0,0,1,0,1,1,1,0,0,0,1,1,1,1,1,1,1,1,1,0,0,0,0,1,0,5,4,5,4,7,5,14,16,-2,text
17,M,1239.807724414426,1007.0565462923951,2246.864270706821,1,0,1,0,0,1,0,1,0,1,1,1,1,1,1,1,1,1,0,1,0,0,0,0,1,0,1,0,0,1,0,1,0,1,1,0,0,1,1,1,1,0,0,0,1,1,1,1,1,0,1,0,1,1,0,1,0,0,0,1,5,9,3,6,6,5,17,17,0,equal
20,F,1255.3798344135607,959.785546825123,2215.165381238684,0,1,1,1,0,0,0,1,1,0,1,0,1,1,1,0,1,1,1,1,1,1,0,1,0,0,1,1,0,1,1,1,0,0,1,1,1,1,0,1,1,1,1,1,1,1,0,1,1,0,1,1,1,1,1,1,1,0,1,0,5,8,6,7,8,8,19,23,-4,text
20,F,1215.7034878496197,986.3305411041244,2202.0340289537444,1,1,0,0,0,0,1,1,1,1,1,1,1,1,1,0,1,0,1,1,1,1,1,0,0,1,1,1,1,1,0,0,0,1,0,0,1,1,1,0,1,1,0,1,0,1,1,1,0,0,1,1,0,0,1,1,0,1,1,1,6,8,8,4,6,7,22,17,5,video
19,F,1283.729155466951,985.1864856850787,2268.91564115203,1,1,1,1,1,1,0,1,0,0,0,0,0,0,1,1,0,0,0,0,0,0,0,1,0,0,0,0,1,1,0,1,0,0,0,1,0,1,1,0,0,1,1,1,0,0,1,0,0,1,0,1,0,1,0,1,1,1,0,1,7,2,3,4,5,6,12,15,-3,text
19,M,1221.4027774516896,920.0624010190537,2141.4651784707435,0,0,1,1,0,0,0,0,1,1,1,0,1,0,1,1,0,1,0,1,1,1,1,0,1,1,1,0,0,1,0,1,0,1,1,1,1,0,0,1,0,1,1,1,1,0,0,1,0,0,1,1,1,0,0,0,1,0,1,0,4,6,7,6,5,5,17,16,1,video
18,M,1244.8133991473546,972.3193647711711,2217.1327639185256,1,0,0,1,0,0,0,0,0,1,0,1,0,1,1,0,0,1,1,1,0,0,1,0,0,1,0,1,0,1,1,1,0,0,0,1,0,0,0,0,1,1,0,1,1,1,0,1,1,1,1,1,1,0,1,0,0,0,1,0,3,6,4,3,8,5,13,16,-3,text
19,M,1221.2752457196962,961.6466755081883,2182.9219212278845,1,1,1,0,1,1,0,1,1,0,0,1,1,0,1,1,1,1,0,0,0,0,1,1,0,1,1,0,0,1,1,1,1,1,1,1,1,0,0,1,1,0,1,1,0,0,0,1,1,1,1,1,1,1,1,0,0,0,1,1,7,6,5,8,6,7,18,21,-3,text
18,M,1191.4619875806727,1026.8129999446946,2218.2749875253676,0,0,1,0,1,1,0,0,1,1,1,1,1,1,1,1,1,0,1,1,0,0,1,1,0,1,0,1,1,1,0,0,0,1,0,0,1,1,1,0,1,0,1,0,1,1,0,0,0,1,1,1,1,1,1,0,1,0,0,1,5,9,6,4,5,7,20,16,4,video
18,M,1322.151344054547,963.0164906202263,2285.167834674773,0,0,1,1,1,1,0,1,0,0,0,0,1,1,1,1,1,1,0,1,0,0,0,1,1,1,1,1,0,1,0,1,0,0,0,0,1,1,0,1,0,0,1,1,1,0,1,0,0,1,0,0,1,0,1,1,0,1,1,0,5,7,6,4,5,5,18,14,4,video
18,F,1297.8347564786716,1043.947521679693,2341.7822781583645,1,0,1,1,0,1,0,1,0,1,1,0,1,1,1,1,1,0,1,0,1,1,0,0,1,1,1,1,0,1,0,1,1,1,0,1,0,0,1,1,1,1,0,0,1,0,1,1,1,1,1,0,1,0,1,0,0,1,1,1,6,7,7,6,7,6,20,19,1,video
18,M,1261.213720036465,986.56438798484,2247.778108021305,0,1,1,0,1,1,0,0,0,1,1,0,1,0,1,1,0,1,1,1,1,1,1,1,0,1,0,1,0,1,0,0,0,0,1,1,1,1,0,0,0,1,1,0,1,1,1,1,0,1,0,0,1,0,1,1,0,1,1,1,5,7,7,4,7,6,19,17,2,video
18,F,1219.1277637247697,958.2233879626614,2177.351151687431,0,0,0,1,1,0,0,0,1,0,1,1,1,1,0,0,0,0,1,0,1,0,0,0,1,0,1,1,0,1,1,1,1,1,0,1,1,1,0,0,0,0,1,1,1,0,1,0,0,0,0,0,1,1,1,1,0,1,0,0,3,5,5,7,4,5,13,16,-3,text
17,F,1243.964598823084,1041.4455279360866,2285.4101267591705,0,1,1,0,1,1,1,1,0,1,0,0,1,0,0,1,1,1,0,0,1,0,0,0,0,1,0,0,0,1,0,1,1,1,0,1,1,1,1,1,0,0,0,1,1,0,0,1,0,0,1,1,1,0,1,0,0,1,0,1,7,4,3,8,3,6,14,17,-3,text
19,F,1279.102343641392,1010.8434713007182,2289.9458149421102,1,1,1,0,1,0,0,0,1,0,0,0,1,1,1,1,1,1,0,1,1,0,1,0,1,1,1,0,1,0,0,0,0,1,1,0,1,1,1,1,1,0,0,1,0,1,1,1,0,0,1,1,1,0,0,0,1,1,0,0,5,7,6,6,5,5,18,16,2,video
18,M,1340.2952840541957,932.7495915388224,2273.0448755930183,1,1,0,1,0,1,1,0,0,1,0,1,0,0,1,1,1,1,1,0,0,1,1,1,0,1,1,1,1,1,1,1,0,1,1,1,1,1,0,1,1,0,0,0,0,0,0,0,0,0,0,0,0,0,1,0,1,1,0,1,6,6,8,8,1,4,20,13,7,video
20,M,1265.6944664217651,934.7587257399143,2200.4531921616795,1,1,1,1,1,1,0,0,1,1,0,1,1,1,0,0,1,1,0,0,0,1,1,0,1,1,1,0,0,1,1,1,1,1,0,0,1,0,0,1,0,1,0,1,0,1,1,1,0,1,1,1,1,0,1,0,1,1,1,0,8,5,6,6,6,7,19,19,0,text
19,M,1251.2580488001722,923.4256210143635,2174.6836698145357,0,0,0,1,1,1,1,1,1,0,1,1,1,1,1,0,1,0,0,1,1,0,1,1,0,1,1,0,1,1,0,1,0,0,1,1,1,1,1,0,1,1,1,1,1,0,1,0,1,0,1,0,0,1,0,1,1,0,1,1,6,7,7,6,7,6,20,19,1,video
19,F,1231.3426790325723,1035.6064061068796,2266.949085139452,0,0,1,1,0,0,1,1,1,0,0,0,0,0,1,0,0,1,1,0,1,1,0,0,1,0,1,1,1,0,1,1,0,1,1,1,1,0,1,1,0,1,1,0,0,0,0,1,0,1,0,1,0,0,1,1,1,0,1,1,5,3,6,8,4,6,14,18,-4,text
18,F,1234.9982946137463,1010.8206832392505,2245.818977852997,0,0,0,1,1,1,1,0,0,0,1,1,1,1,0,1,1,1,1,1,1,1,1,1,1,1,1,0,0,0,0,0,0,1,0,0,0,1,0,0,0,1,1,0,1,0,1,1,1,1,0,1,0,0,1,0,0,0,0,1,4,9,7,2,7,3,20,12,8,video
17,F,1278.9942770977998,1008.7526893753777,2287.7469664731775,1,1,0,1,0,1,1,0,1,1,1,1,1,1,0,0,1,0,0,1,0,0,0,1,1,0,1,0,0,0,1,1,1,1,0,1,1,1,1,0,0,1,1,1,0,0,1,0,0,1,0,1,0,1,1,0,1,0,1,0,7,6,3,8,5,5,16,18,-2,text
18,F,1278.4495008614333,1065.3795223915881,2343.8290232530217,1,1,1,0,0,1,0,1,1,1,1,1,1,0,0,0,1,0,0,1,0,1,1,1,1,0,1,1,0,0,1,0,1,1,0,0,1,1,1,1,0,1,0,1,1,1,0,1,1,1,0,1,0,0,1,0,1,0,1,1,7,5,6,7,7,5,18,19,-1,equal
17,F,1345.0319811442305,975.0306730139771,2320.062654158208,0,1,1,0,1,1,1,1,1,1,1,1,1,1,0,0,1,1,1,1,1,1,0,0,1,1,0,1,0,1,0,0,0,0,1,1,1,0,0,0,1,1,1,1,1,1,1,1,1,1,0,1,0,1,0,1,1,0,0,1,8,8,6,3,10,5,22,18,4,video
20,F,1271.1823182214664,1032.833975440293,2304.0162936617594,0,0,0,1,1,1,0,1,1,1,1,1,1,1,1,0,0,0,1,0,1,1,1,1,1,0,1,1,1,1,1,0,1,1,0,0,1,0,0,1,0,1,0,0,1,0,1,1,0,0,0,0,0,1,1,1,1,1,0,0,6,6,9,5,4,5,21,14,7,video
19,M,1232.2577942019427,991.6852358256768,2223.9430300276194,1,1,0,1,0,0,0,0,0,1,1,0,0,1,1,0,1,1,1,0,0,1,1,1,1,1,1,1,0,0,0,1,1,0,0,1,1,1,0,0,1,1,1,1,1,1,1,1,1,1,0,0,1,1,1,1,1,0,1,1,4,6,7,5,10,7,17,22,-5,text
20,M,1263.9211806944022,1074.702427918159,2338.623608612561,1,1,0,1,0,1,0,0,0,0,0,1,1,1,0,0,1,1,0,1,1,0,1,1,1,1,1,1,1,1,0,1,1,0,1,0,0,0,1,1,1,0,0,1,0,1,1,1,1,0,1,0,0,0,1,0,1,0,1,0,4,6,9,5,6,4,19,15,4,video
17,M,1254.2754523300555,986.1741719205503,2240.4496242506057,1,1,0,1,0,0,1,0,1,0,1,0,1,0,1,0,1,0,1,1,0,0,1,0,0,0,1,1,0,1,0,0,0,1,1,1,1,1,1,0,0,1,1,1,1,0,1,0,1,0,0,0,1,1,1,0,1,0,0,0,5,6,4,6,6,4,15,16,-1,equal
17,M,1297.8785128536786,954.1391991239648,2252.0177119776436,1,1,1,0,0,0,1,1,1,1,0,0,1,0,1,0,1,0,1,1,1,1,1,1,1,0,1,0,1,0,0,1,1,0,0,0,0,0,1,0,1,1,1,1,1,1,1,1,1,0,1,1,1,1,0,0,0,1,1,1,7,5,7,3,9,7,19,19,0,text
20,F,1241.6821007157764,967.6827471895017,2209.364847905278,0,1,0,1,0,1,1,1,1,1,0,1,1,1,1,1,0,1,0,1,1,0,1,1,0,1,1,1,0,1,0,0,0,1,1,1,0,1,1,0,0,1,1,0,1,0,1,0,0,0,1,1,1,0,1,1,1,0,0,0,7,7,7,5,4,6,21,15,6,video
17,F,1294.7982617153364,986.0510398241005,2280.849301539437,1,1,1,1,0,0,1,1,0,1,0,0,0,1,1,0,0,0,1,0,1,1,1,0,1,1,0,1,0,1,0,0,1,0,1,1,1,1,1,1,1,1,1,0,0,0,0,0,0,0,1,1,1,0,0,1,1,1,0,1,7,3,7,7,3,7,17,17,0,equal
20,M,1245.307476396205,1045.84945100402,2291.156927400225,1,0,0,1,0,1,1,1,1,0,0,0,0,1,0,0,0,0,0,1,0,0,0,1,1,0,1,0,1,1,1,1,0,0,0,1,1,1,1,0,1,0,1,0,1,1,0,0,0,0,1,1,0,1,1,0,0,1,1,1,6,2,5,6,4,7,13,17,-4,text
19,F,1262.308118735568,1017.9432430802592,2280.2513618158273,1,1,1,1,1,1,1,1,0,0,1,1,0,1,0,0,1,1,1,1,1,1,0,1,1,0,1,1,1,1,1,0,1,1,0,0,0,1,0,1,1,0,1,0,1,0,1,0,0,0,1,0,1,1,0,1,1,0,1,0,8,7,8,5,4,6,23,15,8,video
20,M,1253.2497079856091,995.5328847497019,2248.782592735311,0,1,1,1,1,1,0,0,1,1,0,1,1,1,1,1,0,0,1,1,0,1,0,1,1,1,0,1,1,1,0,1,1,0,0,1,1,1,0,0,1,0,0,1,0,0,0,1,1,0,1,1,1,0,1,0,1,0,1,1,7,7,7,5,4,7,21,16,5,video
19,M,1309.7683414621965,1001.507496493523,2311.2758379557195,0,0,0,0,1,1,1,1,0,0,1,0,0,1,1,1,1,1,1,1,0,1,1,0,1,1,0,1,0,1,1,0,0,0,0,1,0,1,0,1,0,0,1,1,1,0,1,1,1,0,0,1,0,0,0,1,1,1,1,1,4,8,6,4,6,6,18,16,2,video
20,M,1277.945699770381,967.4063319667974,2245.3520317371785,1,1,1,0,0,0,0,1,0,0,0,0,1,1,0,1,1,0,1,1,1,0,1,0,1,1,1,0,1,0,0,0,0,1,0,0,1,0,1,1,1,1,1,1,0,0,0,0,0,0,0,0,0,1,0,0,1,1,1,0,4,6,6,4,4,4,16,12,4,video
17,F,1335.183585950777,1032.9243301096583,2368.107916060435,0,0,0,1,1,0,0,0,0,0,1,0,0,0,1,0,0,1,0,1,0,1,1,1,0,1,0,0,0,1,0,1,1,0,0,1,0,1,1,0,0,1,1,1,0,0,1,1,1,0,1,1,0,1,1,1,0,0,1,1,2,4,5,5,6,7,11,18,-7,text
20,M,1298.595319008814,990.2613899710944,2288.8567089799085,0,0,1,1,1,0,1,1,0,0,0,0,1,0,1,1,0,1,0,1,1,0,0,0,1,0,1,1,1,1,1,1,1,0,0,0,0,0,0,0,0,1,1,1,0,0,1,0,1,0,1,0,0,0,0,0,1,1,1,0,5,5,6,3,5,4,16,12,4,video
17,M,1237.1922310630257,956.5587818417705,2193.751012904796,0,1,1,1,0,0,1,1,1,0,1,1,0,0,1,0,0,0,1,1,0,1,1,1,0,1,0,1,1,1,1,1,0,0,1,1,0,0,1,0,1,1,1,0,0,1,1,1,0,1,0,1,0,1,0,1,0,0,0,1,6,5,7,5,7,4,18,16,2,video
20,M,1214.4777472056326,948.1620545443795,2162.6398017500123,1,0,0,1,1,0,0,0,0,1,0,1,1,0,0,0,1,1,1,0,1,0,1,0,0,1,1,0,1,0,1,0,0,1,1,1,0,0,0,1,1,0,1,1,0,1,0,1,1,1,0,1,0,1,1,1,0,1,0,0,4,5,5,5,7,5,14,17,-3,text
20,F,1308.6365422057936,1027.9460196013324,2336.582561807126,0,1,0,1,0,1,0,1,1,1,0,1,0,1,0,0,1,1,1,1,1,0,1,0,0,1,0,1,0,1,1,0,1,1,1,0,1,1,1,1,0,1,0,0,0,1,1,0,1,1,1,0,1,1,0,1,1,1,1,1,6,6,5,8,5,8,17,21,-4,text
18,F,1223.0710633815336,986.8541323939435,2209.925195775477,0,0,0,0,1,1,0,1,0,1,0,1,1,0,1,1,1,1,1,1,1,1,0,1,1,1,0,1,0,1,1,1,1,1,0,1,1,0,0,1,0,0,1,0,1,0,1,1,0,1,1,0,1,0,1,0,1,1,1,0,4,8,7,7,5,6,19,18,1,video
17,M,1241.9678844325733,957.7002054903134,2199.668089922887,1,0,1,1,0,0,0,0,0,0,1,0,0,1,1,1,0,1,0,1,0,1,0,0,0,0,0,1,1,0,1,1,1,1,1,0,1,1,0,0,0,0,1,0,1,0,1,1,0,0,0,1,1,0,1,0,1,1,0,0,3,6,3,7,4,5,12,16,-4,text
18,F,1283.635002303422,987.8524780140261,2271.487480317448,1,1,1,1,1,0,1,1,1,0,0,0,1,0,0,0,0,1,1,1,1,0,0,0,1,1,1,1,1,0,0,1,0,0,0,0,0,1,0,0,0,0,0,0,1,1,0,1,1,0,0,0,0,1,1,0,0,1,1,0,8,4,6,2,4,4,18,10,8,video
17,F,1264.0841995148353,1006.9083298565965,2270.992529371432,1,0,1,0,1,1,0,0,1,1,1,0,0,1,1,0,1,0,1,0,1,1,1,0,0,0,0,1,1,0,0,1,1,1,1,1,1,1,1,1,1,0,1,0,0,1,1,0,1,1,0,1,0,0,1,1,1,0,1,1,6,5,5,9,6,6,16,21,-5,text
18,F,1266.3654079565267,914.4640859139197,2180.8294938704466,1,1,1,1,1,0,0,0,0,0,1,1,0,1,1,1,1,1,1,1,0,1,0,1,1,1,1,0,0,0,1,1,1,1,1,0,0,0,1,1,0,1,1,1,1,1,1,1,0,1,0,0,0,0,1,0,0,1,0,1,5,9,5,7,8,3,19,18,1,video
19,F,1211.5948843342278,1040.7657459770596,2252.3606303112874,0,1,1,1,1,1,1,1,1,1,0,0,0,0,1,1,1,0,0,1,1,0,0,0,1,1,0,0,0,1,1,0,1,1,0,1,0,0,0,0,0,0,1,1,1,0,0,0,0,0,0,1,1,1,1,1,0,1,1,0,9,4,4,4,3,7,17,14,3,text
20,F,1282.7383513609025,1006.8851854171705,2289.623536778073,1,0,1,1,0,1,1,0,0,1,1,0,0,0,1,1,0,0,0,1,1,1,0,0,1,1,1,1,0,0,1,0,0,0,0,0,1,0,1,1,1,0,0,0,1,1,0,0,1,1,1,1,0,1,1,1,0,1,1,0,6,4,6,4,5,7,16,16,0,text
17,F,1283.209604690836,959.4694003497583,2242.6790050405943,1,1,0,1,1,0,0,0,1,1,1,1,0,1,0,1,1,0,1,1,1,1,1,1,0,0,1,1,0,1,0,0,1,0,1,1,0,1,1,0,1,0,0,0,0,0,0,0,1,0,1,0,1,1,1,0,0,0,0,0,6,7,7,5,2,4,20,11,9,video
17,F,1250.1993671271482,1009.3573319334125,2259.5566990605607,0,0,1,0,0,0,1,0,0,1,0,1,1,0,0,0,0,1,1,0,1,0,1,1,1,1,0,0,0,1,1,1,1,1,0,1,0,0,1,1,1,1,0,1,0,0,1,1,0,1,1,0,1,0,1,1,0,1,1,0,3,4,6,7,6,6,13,19,-6,text
20,F,1186.9572656041844,1066.184226961655,2253.141492565839,1,1,1,1,1,1,1,1,0,1,1,0,1,0,1,0,1,0,1,0,1,1,0,1,0,1,1,0,1,1,1,1,1,1,0,1,0,1,0,1,0,0,1,1,1,0,0,0,0,1,1,0,1,1,0,1,1,0,1,1,9,5,7,7,4,7,21,18,3,video
17,F,1290.3982790731106,1021.3985232224841,2311.7968022955947,0,0,0,1,1,1,1,0,1,1,1,0,0,0,1,0,0,1,1,1,1,0,1,1,0,0,0,1,1,1,1,0,1,1,0,1,1,1,1,0,0,1,0,0,1,1,0,1,0,0,1,1,1,1,1,0,1,0,1,0,6,5,6,7,4,7,17,18,-1,text
17,F,1323.3884014205341,977.1883451541344,2300.5767465746685,1,1,1,1,1,1,0,0,1,1,1,1,1,0,0,0,0,0,1,0,1,0,1,1,0,1,1,1,1,0,0,0,1,1,1,1,0,0,0,0,0,0,1,1,0,0,1,1,1,1,1,0,1,1,1,0,1,1,1,1,8,4,7,4,6,8,19,18,1,text
18,M,1172.0371255428686,952.3927420645027,2124.4298676073713,0,1,1,0,1,1,1,0,1,1,1,1,1,1,1,1,1,0,0,1,1,1,0,0,1,0,0,0,1,1,1,0,1,0,0,0,1,0,0,1,0,1,1,1,0,0,0,1,1,1,0,1,1,0,0,0,1,0,0,0,7,8,5,4,6,3,20,13,7,video
17,M,1319.509366179864,1016.3974734056114,2335.9068395854756,1,0,0,1,1,1,1,1,1,1,0,1,1,1,0,1,0,1,0,0,1,0,1,1,1,0,0,0,1,1,0,0,1,1,0,0,1,0,1,1,1,1,0,0,0,0,1,1,0,0,1,0,0,1,1,1,1,0,0,0,8,5,6,5,4,5,19,14,5,video
19,F,1308.7340359834063,994.1593994096586,2302.893435393065,1,0,1,0,1,1,0,1,1,1,1,0,0,1,1,1,0,0,0,1,1,1,0,1,1,0,1,1,1,1,0,0,1,0,0,0,1,1,1,0,1,1,0,1,1,0,1,1,1,1,1,0,1,1,1,1,0,1,1,1,7,5,8,4,8,8,20,20,0,text
19,M,1250.1158481674331,955.726276815432,2205.8421249828652,1,1,1,1,0,1,0,1,1,0,1,1,0,0,1,1,0,0,1,1,1,1,1,1,1,1,0,1,1,1,1,1,0,1,1,1,1,1,1,0,0,1,1,1,0,0,1,1,0,1,1,0,1,1,0,0,0,1,0,0,7,6,9,8,6,4,22,18,4,video
20,M,1289.9716545127062,1039.2334127564231,2329.2050672691294,0,0,0,1,0,1,1,1,0,0,0,0,1,1,1,0,1,0,1,1,1,1,0,1,1,1,1,1,1,0,1,1,0,1,1,1,1,0,1,1,0,0,0,1,1,1,1,1,0,1,1,0,1,1,1,1,0,0,1,1,4,6,8,8,6,7,18,21,-3,equal
17,F,1241.140874756128,987.2599909886546,2228.4008657447825,1,1,0,1,1,1,1,0,1,0,0,1,1,1,1,0,0,1,1,1,1,0,1,1,0,1,1,1,1,0,1,0,0,1,0,1,1,1,0,1,0,1,0,1,1,1,0,0,1,1,0,1,0,0,1,0,0,1,1,1,7,7,7,6,6,5,21,17,4,video
20,F,1288.5028960139855,1045.1374461634393,2333.640342177425,0,1,0,1,0,0,1,0,1,1,0,0,0,0,1,1,0,1,0,1,0,1,0,1,0,1,1,0,0,0,0,0,1,1,1,0,1,0,1,1,1,1,0,0,0,0,1,0,0,1,1,0,0,0,1,0,1,1,0,0,5,4,4,6,4,4,13,14,-1,equal
19,F,1202.5254723477594,982.1740749497277,2184.6995472974872,1,1,1,1,0,1,1,1,1,1,1,1,1,0,1,1,0,0,0,0,1,0,1,1,0,1,0,0,1,0,1,1,1,1,1,1,1,0,1,1,0,0,1,1,0,1,0,1,0,0,1,1,0,1,1,1,1,0,1,0,9,5,5,9,4,7,19,20,-1,text
17,M,1287.4644368653937,951.4305133281928,2238.8949501935867,1,1,0,1,0,1,1,0,0,1,1,0,1,0,1,0,0,1,1,0,0,1,0,0,0,0,1,0,1,1,0,0,0,0,0,1,1,1,1,1,0,1,1,1,0,1,0,1,0,1,1,0,1,1,0,0,0,0,0,1,6,5,4,5,6,4,15,15,0,equal
17,M,1281.0620936261787,949.30610244406,2230.368196070239,1,1,1,1,1,0,1,1,1,1,1,1,0,0,0,1,1,1,0,1,1,1,1,0,0,0,1,0,0,0,0,0,1,0,1,1,1,1,0,1,1,1,1,1,0,1,1,0,0,1,0,0,1,0,1,1,1,0,0,1,9,6,4,6,7,5,19,18,1,text
20,F,1313.6445459035642,978.6559660656967,2292.3005119692607,1,0,0,1,0,0,1,1,1,0,0,1,1,1,0,1,1,0,1,1,1,1,1,0,0,0,0,1,1,1,1,1,1,0,0,1,1,0,0,1,1,1,0,1,1,1,1,0,1,1,1,1,1,0,1,1,0,0,1,1,5,7,6,6,8,7,18,21,-3,text
19,F,1339.461510479223,1007.7094905031112,2347.171000982334,0,0,1,1,1,1,0,1,0,1,0,0,0,1,1,1,1,0,0,1,1,1,0,0,1,1,0,0,1,0,0,1,0,0,1,1,1,0,0,1,1,0,0,0,1,1,1,0,1,0,1,1,0,0,1,1,0,0,0,1,6,5,5,5,5,5,16,15,1,equal
17,F,1261.592154831651,981.9402870019999,2243.532441833651,0,1,1,1,0,1,1,1,1,1,1,0,0,1,1,0,1,0,1,0,1,0,0,0,0,1,1,1,1,1,1,0,0,0,0,1,1,0,1,0,1,1,1,1,0,1,1,0,1,0,1,1,1,0,0,0,1,1,1,0,8,5,6,4,7,6,19,17,2,equal
20,M,1256.9117700143502,1021.0914498265734,2278.0032198409235,0,0,1,1,1,0,1,0,0,0,1,1,0,0,0,1,0,1,0,0,0,0,1,0,0,1,0,1,0,1,0,1,1,1,0,0,0,0,0,1,0,1,0,1,1,0,0,0,0,0,1,1,0,0,1,1,0,0,1,1,4,4,4,4,3,6,12,13,-1,text
19,M,1186.1042345750104,1059.4912075995067,2245.5954421745173,0,1,1,1,1,0,1,0,0,0,0,1,1,1,1,0,1,0,1,0,1,1,0,1,0,1,1,0,1,0,0,1,1,1,1,1,1,1,0,1,1,1,1,1,0,1,1,0,1,1,0,0,0,0,0,0,1,0,1,1,5,6,6,8,8,3,17,19,-2,video
20,M,1232.9841002372714,981.7810949106254,2214.7651951478965,1,0,1,1,1,1,1,0,0,1,1,1,1,1,1,0,0,1,1,0,1,0,0,0,1,0,0,0,0,1,1,1,1,1,1,0,1,0,1,0,1,0,0,0,1,1,1,1,1,0,1,1,0,1,1,0,0,0,1,1,7,7,3,7,6,6,17,19,-2,text
18,M,1239.112991808768,1031.438138688539,2270.551130497307,1,0,0,0,0,1,1,1,1,0,1,0,0,1,1,0,0,0,1,1,1,1,0,0,1,1,1,0,1,0,0,0,1,0,1,1,0,1,0,0,0,1,0,0,1,1,0,1,1,1,1,1,1,1,0,0,1,0,0,1,5,5,6,4,6,6,16,16,0,equal
17,F,1263.6148429107418,989.3563476195379,2252.9711905302797,1,0,1,1,0,0,1,1,1,1,0,0,1,1,1,1,1,0,1,0,0,0,0,0,0,1,1,1,0,0,1,1,1,0,1,1,1,1,1,0,0,1,1,1,0,1,0,1,1,1,1,0,1,0,1,0,1,1,0,1,7,6,3,8,7,6,16,21,-5,text
18,F,1177.8037337390754,928.8224746294584,2106.6262083685338,1,0,0,0,0,0,1,1,1,1,1,0,0,0,1,1,1,1,1,1,1,0,1,0,1,0,1,0,1,0,1,1,1,0,0,1,0,0,1,1,1,1,1,1,1,0,1,0,0,0,1,1,1,0,0,0,1,0,0,0,5,7,5,6,6,4,17,16,1,video
19,F,1298.95715161061,1017.7780556070827,2316.7352072176927,1,1,0,1,1,1,0,1,1,1,0,0,1,1,1,1,1,1,1,0,1,0,1,1,0,1,1,0,1,1,0,1,0,0,0,1,0,0,0,1,0,0,1,0,1,0,0,1,0,1,0,1,1,0,0,1,1,1,0,1,8,7,7,3,4,6,22,13,9,video
18,F,1282.376147723279,944.8130475785131,2227.189195301792,1,1,0,1,1,1,1,0,1,0,0,0,1,1,0,0,1,1,1,0,1,0,0,0,1,1,0,0,0,1,1,0,0,1,0,0,1,0,0,1,1,0,1,1,1,1,1,1,1,1,1,0,0,1,0,0,0,1,1,0,7,5,4,4,9,4,16,17,-1,text
18,M,1264.8596702403486,1002.0585023982934,2266.918172638642,0,1,1,0,1,0,1,0,1,0,1,0,0,1,1,0,0,0,0,1,1,1,1,0,1,0,0,0,0,1,1,0,1,0,1,1,0,1,1,1,1,1,0,0,0,1,1,0,0,0,1,0,1,1,0,0,1,0,0,0,5,4,5,7,4,4,14,15,-1,equal
19,M,1226.3431343216141,920.4744531894415,2146.8175875110555,0,1,1,0,1,0,0,0,1,0,1,0,1,0,1,1,1,1,0,1,1,1,1,1,0,1,1,1,1,1,1,1,1,0,1,1,1,1,0,1,0,1,1,0,0,0,0,1,0,1,0,0,1,0,0,1,1,0,0,0,4,7,9,8,4,3,20,15,5,video
20,F,1268.7352586926297,979.7272514731201,2248.46251016575,1,0,1,1,1,0,0,1,0,1,1,1,1,1,1,1,1,1,1,0,1,0,0,1,1,1,0,1,1,1,1,1,1,0,1,0,1,0,1,1,1,0,0,1,1,0,0,0,1,0,1,1,1,1,1,1,1,0,0,1,6,9,7,7,4,8,22,19,3,video
18,F,1294.3918911555588,947.1895280955969,2241.5814192511557,0,1,0,1,0,1,1,0,0,1,1,0,0,1,1,0,1,0,1,0,0,0,1,1,1,0,0,1,0,0,1,1,1,1,1,0,0,0,0,1,0,1,1,0,0,0,1,0,0,1,1,1,1,0,1,0,0,1,1,1,5,5,4,6,4,7,14,17,-3,text
20,M,1169.6651059237386,942.6431199657266,2112.308225889465,1,1,0,1,0,1,0,1,1,1,1,1,1,0,0,1,0,1,0,0,1,0,0,1,0,0,1,0,0,1,1,1,1,0,0,0,0,0,1,1,0,0,1,1,1,1,1,1,0,0,0,1,1,1,0,1,0,1,1,1,7,5,4,5,6,7,16,18,-2,text
18,F,1221.0094269233082,999.7606325280232,2220.7700594513312,1,1,0,0,1,0,0,0,1,1,0,1,0,0,1,0,1,1,1,1,1,0,0,1,0,1,1,0,0,0,0,1,1,1,0,1,0,1,1,1,1,0,0,0,1,1,0,1,0,0,0,1,0,1,1,1,1,0,0,0,5,6,4,7,4,5,15,16,-1,equal
20,M,1276.2785085679366,933.0093714414731,2209.2878800094095,1,0,0,0,1,1,0,0,1,1,1,1,1,1,1,1,1,1,1,0,0,0,1,0,1,1,1,0,1,1,0,1,0,1,0,0,1,0,1,0,0,0,1,0,0,1,1,1,1,1,1,0,0,0,0,1,1,0,0,1,5,9,6,4,6,4,20,14,6,video
19,F,1322.6586850750746,970.7658491555062,2293.424534230581,1,0,1,1,1,1,0,1,1,0,0,1,0,1,1,0,0,1,1,1,1,1,1,0,0,1,1,1,1,1,1,1,1,1,0,0,1,1,0,1,0,1,1,1,0,1,1,1,0,0,1,1,0,0,0,0,0,1,0,0,7,6,8,7,6,3,21,16,5,video
18,F,1238.692557170348,1007.1332549770023,2245.82581214735,0,1,0,0,1,1,0,0,0,1,0,1,0,0,0,1,0,1,1,1,0,0,1,0,1,1,1,1,1,1,1,1,0,1,0,1,1,1,0,0,1,1,1,1,1,1,0,0,1,0,1,1,0,1,1,1,0,0,1,0,4,5,7,6,7,6,16,19,-3,text
19,F,1258.8193535926766,1050.3080318957102,2309.1273854883866,0,1,0,1,0,0,0,1,0,1,0,1,1,1,0,1,0,0,0,1,0,1,1,0,0,0,1,1,1,1,1,0,0,1,0,0,0,0,1,1,1,1,1,1,1,0,0,1,1,1,0,1,0,0,0,1,1,0,1,0,4,5,6,4,8,4,15,16,-1,equal
18,F,1255.9906080906912,913.9693642305022,2169.959972321193,1,1,0,0,0,0,1,1,0,1,1,1,1,0,0,0,1,1,0,1,1,0,0,0,1,1,0,1,0,1,1,1,0,0,0,0,1,0,0,0,0,1,1,1,1,1,1,1,1,1,1,0,1,0,0,1,0,0,1,1,5,6,5,3,9,5,16,17,-1,text
19,F,1314.607508370904,972.1925471812798,2286.800055552184,0,0,1,1,0,0,1,0,1,1,1,0,1,1,0,1,1,1,0,1,0,0,0,0,1,1,0,0,1,1,0,0,1,0,0,0,0,0,1,0,0,1,1,1,1,1,0,0,1,0,0,1,1,1,0,1,1,1,0,0,5,7,4,2,6,6,16,14,2,equal
19,F,1294.7318719024775,1094.4567791295365,2389.1886510320137,1,1,1,1,1,0,1,0,0,0,0,1,0,0,1,1,1,1,1,0,1,0,0,0,0,0,1,0,0,1,1,0,1,0,1,1,0,0,1,1,1,0,1,0,0,1,0,1,0,0,1,1,0,1,1,1,1,1,1,1,6,6,3,6,4,9,15,19,-4,text
18,F,1285.6574847403758,993.2900808493945,2278.9475655897704,0,0,0,1,0,1,1,1,1,0,1,1,1,1,1,1,0,1,1,1,0,1,1,0,0,1,0,0,1,0,0,1,1,1,1,1,1,1,1,0,0,1,0,1,0,0,0,0,1,1,1,0,0,1,1,0,1,1,1,1,5,9,4,8,4,7,18,19,-1,text
18,M,1263.376964797739,981.6502050456014,2245.0271698433403,0,0,0,0,0,0,0,0,1,1,0,1,0,0,0,0,0,1,0,1,1,1,1,1,1,0,0,1,1,0,1,1,1,0,1,0,0,0,0,0,0,1,0,1,1,1,1,1,0,0,1,1,0,0,0,1,0,0,1,1,2,3,7,4,6,5,12,15,-3,text
18,M,1289.2066439313624,993.5679464399593,2282.7745903713217,0,0,1,0,1,0,1,1,1,1,1,0,0,0,1,1,0,1,1,1,0,1,1,0,0,0,1,1,0,0,1,1,0,1,0,0,1,0,1,1,0,1,1,0,0,0,0,1,0,0,1,1,1,1,1,0,0,0,0,1,6,6,4,6,3,6,16,15,1,equal
17,M,1220.639651480178,980.4991039624423,2201.13875544262,1,1,1,1,0,0,1,1,0,1,0,0,0,1,1,1,1,1,0,0,0,1,0,0,1,0,1,1,1,0,1,0,0,1,0,1,1,0,0,1,1,1,0,1,0,0,1,0,1,1,1,0,1,0,1,1,0,0,1,1,7,5,5,5,6,6,17,17,0,text
20,M,1265.2600849398864,1049.9361970808473,2315.1962820207336,0,1,1,1,1,1,1,1,0,1,0,1,1,1,1,1,0,0,1,1,0,1,0,0,0,1,1,1,0,0,1,1,0,1,0,0,1,1,1,1,0,1,0,1,1,1,0,1,0,1,1,1,1,0,1,1,0,1,1,0,8,7,4,7,6,7,19,20,-1,text
17,M,1297.1930314562937,1011.5606773848308,2308.7537088411245,0,0,0,0,0,0,1,1,0,1,1,0,0,0,1,0,1,0,1,0,0,1,0,0,1,1,1,1,0,0,1,0,1,1,0,0,1,0,1,1,0,1,1,1,1,1,1,0,1,1,0,0,1,0,0,1,0,0,1,1,3,4,5,6,8,4,12,18,-6,text
17,F,1266.3055420956348,999.8634758967822,2266.169017992417,1,1,1,1,1,1,1,0,0,1,0,0,0,1,0,0,1,1,0,0,0,0,0,1,1,0,1,1,0,0,0,1,0,1,0,0,0,1,0,1,0,1,0,1,0,0,0,1,1,1,1,1,1,0,1,0,1,0,1,0,8,3,4,4,5,6,15,15,0,text
19,F,1299.7811527148992,995.544843680831,2295.3259963957303,1,1,1,1,0,1,0,0,0,1,1,1,1,0,1,0,1,1,0,0,1,1,1,0,1,1,1,0,1,1,1,1,1,1,1,0,1,0,0,0,1,1,1,1,1,1,1,0,1,1,1,0,0,0,0,0,1,1,0,0,6,6,8,6,9,3,20,18,2,video
18,M,1229.5402126577549,989.7491536581826,2219.2893663159375,1,1,1,1,1,1,1,0,0,1,1,0,0,1,0,1,1,0,0,0,1,1,0,1,1,1,1,1,0,0,0,0,1,0,1,1,1,0,1,1,1,1,1,0,0,1,0,1,1,1,1,0,1,1,1,0,1,0,0,0,8,4,7,6,7,5,19,18,1,video
20,F,1260.0099417054746,989.6721469933677,2249.6820886988426,1,0,1,0,1,0,0,1,1,0,1,0,0,1,0,0,0,1,1,1,0,0,0,1,1,0,0,0,0,0,0,1,1,0,1,1,1,0,1,1,0,1,0,1,1,1,1,0,0,1,0,1,1,0,1,0,1,1,0,1,5,5,2,7,6,6,12,19,-7,text
19,M,1261.9328551223355,951.3233929468247,2213.2562480691604,0,0,1,0,0,1,1,1,1,1,1,1,1,0,1,1,1,1,1,0,0,1,0,1,0,0,1,0,0,0,1,1,1,0,0,0,1,1,0,1,1,0,1,0,1,0,1,0,1,0,1,0,0,1,1,0,1,0,1,0,6,8,3,6,5,5,17,16,1,equal
17,M,1227.7424668541503,1043.422852538979,2271.1653193931293,0,0,0,0,0,0,0,1,1,1,1,1,0,0,0,1,0,0,0,1,1,0,0,0,0,0,0,0,0,1,1,0,1,1,1,0,1,1,0,1,0,0,0,1,0,1,0,1,1,1,0,0,1,0,1,0,0,0,1,1,3,4,2,7,5,4,9,16,-7,text
18,F,1333.5033360564034,988.8988931209501,2322.4022291773535,1,1,1,1,1,0,1,1,0,0,0,0,1,1,1,1,1,0,1,1,1,0,1,1,1,1,1,1,1,0,0,1,1,0,0,1,1,1,0,0,0,0,0,1,1,0,1,0,0,1,1,1,0,0,1,0,0,1,1,1,7,7,8,5,4,6,22,15,7,video
19,F,1269.7975350396875,1019.078792966927,2288.8763280066146,1,0,1,1,1,1,1,1,0,0,0,1,0,1,0,1,1,0,0,1,1,1,0,0,0,1,1,0,1,1,1,1,1,0,1,1,1,0,0,0,0,0,1,0,1,0,1,0,1,1,0,0,1,1,1,1,1,1,0,0,7,5,6,6,5,6,18,17,1,equal
18,F,1305.6528673440596,1010.9135215801351,2316.5663889241946,0,0,0,0,0,0,1,1,0,0,1,1,1,1,1,0,1,0,0,0,1,0,1,1,1,0,1,0,0,0,1,1,1,1,0,1,0,1,1,0,1,1,1,1,1,0,0,0,1,0,0,1,1,0,0,1,1,0,1,1,2,6,5,7,6,6,13,19,-6,text
19,M,1299.004353845418,983.1842669002317,2282.18862074565,0,1,0,1,0,1,1,1,1,1,1,0,1,1,1,1,1,0,1,1,1,1,1,0,1,1,0,1,0,1,0,1,0,0,1,1,1,1,0,1,0,0,0,0,0,0,1,0,0,0,1,1,1,1,1,1,0,1,1,0,7,8,7,6,1,8,22,15,7,video
18,F,1284.7425424481776,1003.496260277139,2288.2388027253164,1,0,1,0,1,0,0,0,0,0,1,1,1,1,0,1,1,0,1,1,0,0,0,1,1,0,1,0,0,1,1,0,1,1,1,0,0,0,1,0,0,1,0,0,1,1,0,1,0,1,1,1,0,1,1,1,0,0,0,0,3,8,4,5,5,5,15,15,0,equal
17,M,1345.0636647174097,985.867526593764,2330.9311913111737,1,1,0,1,1,0,1,1,0,1,0,0,1,0,1,0,1,1,1,1,0,0,0,1,1,0,1,0,0,1,1,0,1,0,0,0,0,0,1,1,0,0,1,0,1,1,0,0,1,1,0,1,1,1,1,0,1,1,0,0,7,6,4,4,5,6,17,15,2,equal
20,M,1172.8688477395276,1006.1097203712382,2178.978568110766,0,0,0,1,1,1,1,1,0,0,1,1,0,1,0,0,0,0,0,1,1,1,1,0,1,0,1,1,0,1,1,1,0,1,1,1,0,0,0,0,0,1,1,0,0,1,1,0,1,1,1,1,1,1,0,1,0,1,1,0,5,4,7,5,6,7,16,18,-2,text
17,M,1242.7658329622654,953.2687818744826,2196.034614836748,0,0,1,1,1,0,0,1,0,1,0,0,0,0,1,0,1,0,1,0,0,0,1,0,0,0,1,1,1,1,0,0,1,1,0,1,0,0,0,0,1,1,0,0,1,1,1,1,1,0,1,0,0,1,1,0,1,1,0,1,5,3,5,3,7,6,13,16,-3,text
20,F,1276.585264207455,979.0595653777799,2255.644829585235,1,1,1,1,1,0,1,1,1,0,0,1,1,0,1,1,1,1,0,1,0,0,0,1,1,1,1,0,1,0,1,1,0,1,1,1,0,0,1,0,1,0,0,1,0,0,1,0,1,1,0,0,1,0,0,1,0,1,1,0,8,7,5,6,5,4,20,15,5,video
18,F,1259.455966728104,1021.6788926027025,2281.1348593308066,1,0,0,1,1,1,1,1,1,1,0,1,1,1,1,1,0,1,1,1,1,1,0,1,1,0,1,1,0,1,1,0,1,1,0,1,1,0,0,1,1,1,0,1,1,0,1,1,1,0,1,1,0,0,1,0,1,1,1,1,8,8,7,6,7,7,23,20,3,video
19,M,1254.314259034885,963.987351418953,2218.3016104538383,0,1,1,1,1,1,1,0,0,1,0,0,0,1,0,1,1,1,0,0,0,1,0,1,1,1,1,0,1,0,0,1,1,1,0,1,0,1,0,1,1,0,1,1,1,1,0,1,1,1,1,1,1,1,0,1,0,0,1,1,7,4,6,6,8,7,17,21,-4,text
17,F,1265.2777397603732,935.3188302763169,2200.59657003669,1,1,0,1,0,0,1,0,1,0,1,1,1,1,0,0,0,1,0,1,1,0,1,0,1,1,0,0,0,1,1,0,0,0,1,1,0,1,0,1,1,0,0,0,1,0,0,1,1,0,0,0,0,1,0,1,1,1,0,1,5,6,5,5,4,5,16,14,2,video
20,F,1221.263464942547,988.2973059484098,2209.5607708909565,0,1,1,0,0,0,1,0,0,1,1,0,1,0,1,0,0,1,0,1,1,1,1,0,0,1,1,1,0,0,0,0,0,1,1,1,0,1,0,1,0,1,0,1,1,0,1,0,1,1,1,0,0,1,1,0,0,0,0,1,4,5,6,5,6,4,15,15,0,video
17,F,1290.8113702521134,936.8566550009507,2227.668025253064,0,0,1,1,0,0,0,0,0,0,0,0,0,1,1,0,1,1,1,0,1,1,1,0,1,1,0,1,1,0,0,0,1,0,0,0,1,1,1,1,0,1,0,1,0,1,1,1,0,0,1,1,0,0,1,1,1,1,1,0,2,5,7,5,5,7,14,17,-3,text
20,M,1240.8786799504687,948.3529081703377,2189.2315881208065,1,0,1,1,0,0,1,1,0,0,1,0,1,1,1,1,1,1,1,1,1,1,0,1,0,1,1,1,0,1,0,1,0,0,0,0,0,0,0,1,1,0,0,1,0,1,1,0,0,1,1,0,0,1,1,1,0,0,1,0,5,9,7,2,5,5,21,12,9,video
17,M,1251.7151281090883,1016.828165537229,2268.543293646317,1,0,0,0,1,1,0,1,0,0,0,1,1,0,1,1,1,1,1,0,1,1,1,1,0,0,1,0,1,0,0,1,1,1,1,0,1,1,1,0,0,0,0,0,1,1,1,1,0,1,0,1,1,0,1,1,1,1,0,0,4,7,6,7,5,6,17,18,-1,equal
20,F,1250.2863979343301,983.574786648923,2233.861184583253,1,1,1,0,1,0,1,0,1,0,1,1,0,0,0,1,1,1,1,1,1,0,0,1,1,1,0,1,0,1,1,0,0,1,1,0,0,1,1,1,1,1,0,0,0,1,1,1,1,1,1,1,0,0,1,0,0,1,1,0,6,7,6,6,7,5,19,18,1,video
20,M,1299.6444887346386,980.6169424293522,2280.261431163991,1,0,0,1,0,0,1,0,0,0,1,1,0,1,1,0,1,0,0,0,0,1,1,0,1,0,0,1,0,1,1,0,1,1,1,0,0,1,1,1,0,0,1,0,0,1,0,1,0,1,0,0,0,1,0,1,0,1,0,0,3,5,5,7,4,3,13,14,-1,video
18,F,1256.7676670485341,1007.1293988501269,2263.897065898661,1,0,0,1,1,1,1,1,1,0,0,1,1,0,0,0,1,1,1,0,1,0,1,1,0,1,0,1,1,1,0,1,1,1,1,1,0,0,1,0,0,0,0,0,1,0,1,0,0,1,0,1,1,1,0,1,0,0,0,0,7,5,7,6,3,4,19,13,6,video
20,F,1305.2333308522905,1040.0585338139265,2345.291864666217,1,1,0,0,1,1,0,1,1,1,0,1,1,1,1,1,0,0,1,1,0,0,1,0,1,1,1,0,1,0,1,1,1,0,1,1,0,1,0,1,0,1,0,1,1,1,1,0,1,1,0,0,1,1,1,0,0,1,0,0,7,7,5,7,7,4,19,18,1,video
18,F,1261.1943022650416,957.1532264381939,2218.3475287032356,0,0,1,1,0,0,0,1,1,0,1,1,1,1,1,1,1,0,1,1,0,1,1,0,0,1,1,0,1,0,0,1,1,0,0,0,0,0,1,0,0,0,0,1,1,1,0,0,1,1,1,1,1,0,1,0,1,0,0,1,4,9,5,3,5,6,18,14,4,video
20,F,1301.9904051951657,975.131908956161,2277.122314151327,0,0,1,1,0,1,1,0,1,1,0,1,1,1,0,1,1,0,0,1,0,1,0,1,1,0,1,1,1,0,0,1,0,0,0,1,1,0,1,0,1,1,1,0,0,1,1,1,1,0,0,0,0,0,0,0,0,1,0,1,6,6,6,4,7,2,18,13,5,video
19,M,1229.8797936484023,1021.9331366198846,2251.812930268287,1,1,1,1,1,1,1,1,0,0,0,1,0,1,0,1,1,1,1,0,0,0,0,1,1,0,1,0,1,1,0,1,1,1,0,0,0,1,1,1,0,0,0,0,0,1,1,0,1,0,0,1,1,1,0,1,1,0,1,1,8,6,5,6,3,7,19,16,3,video
19,M,1246.5536963271174,955.7068409662835,2202.260537293401,0,1,1,1,0,1,1,1,1,1,1,0,0,1,0,1,1,1,1,1,1,0,1,0,1,1,1,1,0,0,1,1,0,0,1,0,1,0,0,0,1,1,0,1,0,1,1,0,0,0,1,1,1,0,0,0,1,0,0,0,8,7,6,4,5,4,21,13,8,video
19,M,1266.3709072803863,1010.8004851116962,2277.1713923920825,1,0,0,0,1,0,1,0,1,1,1,1,0,1,1,0,1,1,1,1,1,1,0,0,1,1,1,0,1,0,1,1,0,0,1,1,0,0,1,1,0,0,1,1,0,1,1,0,1,1,1,0,1,1,1,1,0,0,0,1,5,8,6,6,6,6,19,18,1,video
20,F,1289.3363430726945,948.7951097481778,2238.1314528208723,1,0,1,0,1,0,1,1,1,0,0,1,1,1,0,0,0,1,0,0,0,1,0,1,1,1,1,1,1,1,1,1,1,1,1,0,0,0,1,0,1,1,1,1,1,1,1,0,1,1,1,1,0,1,0,0,0,1,1,0,6,4,8,6,9,5,18,20,-2,equal
18,F,1254.3640265830056,986.8409592355607,2241.2049858185665,0,1,1,1,0,0,1,0,1,0,1,1,1,1,1,0,0,1,1,1,1,0,1,0,1,1,1,1,1,0,0,0,0,0,1,0,0,0,0,0,1,1,1,0,0,0,1,1,1,1,1,1,1,0,0,1,1,0,0,1,5,8,7,1,7,6,20,14,6,video
18,F,1283.52721622894,961.802000611388,2245.329216840328,1,1,0,1,0,1,1,0,0,1,1,0,1,1,0,0,0,0,0,0,0,1,1,0,0,1,1,0,1,1,1,1,1,1,1,0,1,0,1,0,0,0,1,1,1,0,1,1,1,1,0,1,1,0,0,1,1,0,0,1,6,3,6,7,7,5,15,19,-4,text
20,M,1276.9600062375928,1019.5371420745231,2296.4971483121158,0,0,0,0,1,0,1,0,1,1,1,1,0,0,0,0,1,0,0,0,1,0,0,1,0,0,1,0,0,0,0,0,1,1,0,1,1,1,1,1,0,0,1,1,0,1,0,0,0,1,1,1,1,0,0,0,1,0,1,0,4,3,3,7,4,5,10,16,-6,text
19,F,1236.6544238820318,995.5519627331472,2232.206386615179,1,0,1,1,0,0,0,1,1,0,1,0,0,0,1,0,0,1,1,1,1,0,0,0,0,0,1,0,0,0,1,1,0,0,0,1,0,0,0,0,0,1,1,1,0,1,1,0,1,1,0,1,1,1,1,1,0,0,1,1,5,5,2,3,7,7,12,17,-5,text
19,M,1224.0954523067403,949.2414381073409,2173.336890414081,0,0,0,0,1,0,0,1,1,0,1,1,0,0,0,1,1,1,1,1,0,1,1,1,1,1,1,0,1,1,1,1,0,1,0,0,0,1,1,1,0,1,1,0,1,1,1,1,0,1,0,0,1,1,1,0,0,1,1,0,3,7,8,6,7,5,18,18,0,video
18,M,1270.7419619476118,1071.0818678594667,2341.8238298070783,1,0,1,1,1,0,1,1,1,1,1,1,1,1,1,1,1,0,0,0,0,0,0,0,1,1,0,0,1,0,1,1,0,0,0,0,0,0,1,1,0,1,0,0,1,1,1,1,0,1,0,1,0,1,1,1,1,0,0,1,8,7,3,4,6,6,18,16,2,text
19,M,1323.5082181314428,1007.5164362540828,2331.0246543855255,1,1,1,1,1,0,0,0,1,0,1,1,0,1,1,1,0,1,0,0,0,0,1,1,1,1,0,1,1,0,1,0,0,1,1,1,1,1,1,1,1,1,1,1,1,1,1,0,1,0,1,1,0,1,1,1,1,1,0,1,6,6,6,8,8,8,18,24,-6,text
17,M,1276.6569896491344,900.4007225979028,2177.057712247037,0,0,0,0,0,1,0,1,1,1,0,0,1,1,0,0,1,1,0,1,0,1,1,1,1,1,1,0,1,0,0,1,1,0,1,0,1,1,1,1,1,1,1,1,1,0,1,0,1,1,1,0,0,1,1,1,0,1,0,0,4,5,7,7,8,5,16,20,-4,text
18,M,1199.5125470180076,948.8710604069823,2148.38360742499,1,0,1,1,1,1,0,0,0,1,0,0,0,0,1,1,1,0,1,0,1,1,1,1,0,1,0,1,1,0,0,0,0,1,1,1,0,1,0,0,0,1,0,1,0,1,0,1,0,1,0,1,0,1,0,1,1,0,0,0,6,4,7,4,5,4,17,13,4,video
19,M,1256.4849519561185,1002.5352613317599,2259.0202132878785,1,0,0,0,1,1,0,0,0,1,1,0,0,1,1,0,1,1,1,1,0,1,1,1,1,0,1,1,1,1,0,1,1,1,1,1,0,1,1,0,1,1,1,0,1,0,1,1,1,0,0,1,1,1,1,0,1,1,0,1,4,7,8,7,7,7,19,21,-2,equal
18,F,1286.758084614417,1001.7736775776182,2288.531762192035,1,1,0,1,0,1,1,1,0,1,1,1,1,0,1,0,0,1,1,0,1,1,0,0,0,0,1,1,1,0,0,0,1,1,1,0,0,1,0,0,1,1,0,1,0,0,1,0,1,0,1,0,0,1,1,1,0,1,0,0,7,6,5,4,5,5,18,14,4,video
17,F,1266.5947269389774,1008.3173129550165,2274.912039893994,0,1,1,1,0,1,1,0,0,1,0,1,1,1,0,0,1,0,1,0,0,1,1,0,1,0,1,0,1,1,1,0,1,0,1,1,1,0,1,1,1,1,1,0,1,1,1,1,1,0,1,1,1,1,1,0,0,1,1,0,6,5,6,7,8,7,17,22,-5,text
18,M,1269.9374293647368,944.900396731089,2214.8378260958257,1,0,1,1,0,0,1,0,0,1,1,0,0,1,1,1,0,1,1,0,0,1,1,1,1,0,0,1,1,1,0,1,1,1,1,1,0,1,1,0,1,1,1,1,0,1,0,0,1,1,1,0,1,1,0,1,1,0,1,1,5,6,7,7,7,7,18,21,-3,text
18,M,1243.708321790804,958.5040348081081,2202.2123565989123,0,1,0,0,1,0,0,0,0,1,1,0,0,0,1,0,1,1,1,1,1,0,1,1,1,1,0,1,1,0,0,1,1,1,0,0,1,1,0,1,1,1,1,1,0,1,1,1,1,1,1,1,1,1,0,1,0,1,1,0,3,6,7,6,9,7,16,22,-6,text
18,F,1270.2211748401542,1014.4457497959243,2284.6669246360784,0,0,0,0,1,0,0,0,0,0,1,1,0,1,1,0,1,1,0,0,1,0,1,1,1,0,1,1,0,1,1,1,1,1,1,0,1,1,0,1,0,0,1,1,0,1,1,1,1,0,1,1,1,1,1,0,0,1,1,1,1,6,7,8,6,8,14,22,-8,text
18,M,1179.7701277626957,1047.7668377515492,2227.536965514245,0,1,0,0,1,1,0,0,1,0,1,0,0,0,0,0,1,0,0,0,1,1,0,0,1,1,0,1,1,1,1,1,0,1,0,1,0,1,0,0,0,0,0,1,1,1,1,0,1,1,1,1,1,1,1,1,1,0,0,1,4,2,7,5,6,8,13,19,-6,text
17,M,1233.8834720396999,1012.884497389197,2246.767969428897,0,0,1,0,0,1,1,0,1,0,1,1,0,1,0,1,1,1,1,1,1,1,0,1,0,1,1,0,1,1,1,1,0,0,0,0,0,0,0,0,0,1,0,0,1,1,0,1,0,1,0,1,1,0,1,0,1,0,1,1,4,8,7,2,5,6,19,13,6,video
20,F,1305.179144997604,1015.9140563176875,2321.0932013152915,1,0,0,1,1,0,1,1,1,1,1,0,1,1,0,1,1,1,0,1,1,0,0,0,1,1,1,1,0,1,0,1,0,0,1,1,1,1,1,0,0,1,1,0,1,0,1,0,0,1,0,0,0,1,1,1,1,1,0,1,7,7,6,6,5,6,20,17,3,video
18,M,1317.4215440349858,980.5772381495802,2297.998782184566,0,1,1,0,1,0,0,1,1,1,0,1,0,1,0,0,1,1,1,1,1,1,0,0,0,1,0,1,1,1,1,1,1,1,0,0,1,1,0,1,1,1,1,0,0,1,1,1,1,0,1,1,1,1,0,1,0,0,0,0,6,6,6,7,7,5,18,19,-1,equal
18,M,1203.7609622490847,984.1066458528474,2187.867608101932,1,1,1,0,1,0,1,1,1,0,1,1,1,1,0,1,1,0,1,0,0,0,1,0,1,0,1,1,0,1,0,1,0,0,1,0,1,0,1,0,1,1,1,1,0,1,1,0,1,1,1,0,0,0,0,0,0,1,1,1,7,7,5,4,8,4,19,16,3,video
19,M,1205.6039171373538,986.1142676218084,2191.7181847591623,0,0,1,1,1,0,1,0,0,0,0,0,1,1,1,0,0,0,0,1,1,1,1,0,1,0,0,1,1,1,1,0,1,0,1,1,1,1,0,0,1,1,1,1,0,1,0,0,1,0,0,1,0,0,1,1,1,0,1,1,4,4,7,6,6,6,15,18,-3,text
18,F,1241.235393281716,947.179138713645,2188.414531995361,1,0,1,0,0,1,0,0,0,1,1,1,1,0,0,0,1,1,0,1,1,1,1,0,1,0,0,1,0,1,1,1,1,1,1,0,0,1,0,1,0,1,1,1,1,0,1,1,0,0,1,1,0,1,0,0,1,0,1,0,4,6,6,7,6,5,16,18,-2,equal
19,F,1326.4391404856397,1012.9107366766871,2339.3498771623267,0,1,0,1,0,0,1,0,1,1,0,0,1,1,0,0,1,1,0,0,0,1,0,0,1,1,0,1,0,0,1,0,0,0,0,1,0,0,0,0,1,1,0,0,1,1,1,0,0,1,1,0,0,1,0,1,0,0,0,0,5,4,4,2,6,3,13,11,2,video
20,F,1265.1184958643719,936.8552303888596,2201.9737262532317,0,0,1,1,0,1,1,1,1,0,1,1,0,0,0,0,0,0,0,0,1,0,1,1,1,1,0,0,0,0,1,0,0,1,1,1,0,0,1,1,1,1,1,0,0,1,0,1,1,0,1,1,0,1,1,1,1,1,0,0,6,2,5,6,6,7,13,19,-6,text
17,M,1245.0620190363888,951.0654393557413,2196.1274583921304,1,0,1,0,1,1,0,0,0,0,1,0,0,1,1,1,0,1,1,1,1,0,0,1,1,1,0,1,1,0,0,0,0,1,0,1,1,0,0,1,1,1,0,0,0,0,1,1,0,1,1,0,0,1,0,1,1,1,0,1,4,7,6,4,5,6,17,15,2,video
17,M,1270.6072792738626,975.5252387747937,2246.1325180486565,1,0,1,0,1,1,1,0,0,1,0,0,0,0,1,0,1,1,1,0,0,0,0,0,1,1,1,1,1,1,0,1,1,1,1,1,1,0,0,1,1,1,0,0,1,0,0,1,0,1,1,0,0,1,0,0,0,1,0,0,6,4,6,7,5,3,16,15,1,video
20,F,1256.0289925266902,978.1431646577278,2234.172157184418,0,0,0,0,1,0,1,1,0,1,1,1,0,0,1,0,1,1,1,0,1,1,1,1,0,1,1,1,0,0,0,1,1,1,1,0,0,1,0,0,0,1,1,1,1,1,0,1,1,0,0,0,1,0,1,0,1,1,0,1,4,6,7,5,7,5,17,17,0,video
17,M,1284.994119307548,974.6768296261347,2259.6709489336827,1,1,1,1,0,0,0,1,0,0,0,0,0,1,1,0,1,0,0,0,1,1,1,0,0,0,1,0,0,1,1,1,1,1,0,1,1,0,0,0,1,1,1,0,1,0,0,1,1,1,1,0,1,0,1,1,1,1,1,0,5,3,5,6,7,7,13,20,-7,text
20,M,1177.388639501423,1004.2298295839936,2181.6184690854166,0,0,0,0,1,0,0,0,0,0,1,0,1,1,1,0,0,1,1,0,0,0,1,1,1,1,1,1,1,1,0,0,0,0,0,1,0,1,1,0,1,1,1,0,1,1,0,1,0,0,1,0,0,1,1,0,1,1,0,1,1,6,8,3,6,6,15,15,0,video
20,M,1286.6791664719046,1050.242198723184,2336.9213651950886,0,1,1,0,0,0,0,0,0,0,0,1,1,0,1,0,1,1,0,1,0,0,0,1,0,0,0,0,0,0,0,1,0,1,1,1,1,1,1,0,1,1,1,0,0,0,1,1,1,0,1,0,1,1,1,1,1,1,1,0,2,6,1,7,6,8,9,21,-12,text
20,M,1251.7884805660415,1043.0333166149437,2294.8217971809854,0,1,1,1,1,0,1,0,1,1,1,1,1,1,0,1,1,0,1,1,1,1,0,1,0,0,1,0,1,1,1,1,1,1,1,1,1,1,0,0,1,1,1,1,1,1,0,1,0,0,0,0,1,1,0,1,0,1,1,0,7,8,6,8,7,5,21,20,1,video
17,M,1270.9941504391336,1000.9263802775146,2271.920530716648,1,1,0,1,0,0,1,0,0,1,1,1,1,1,1,0,0,1,1,1,1,1,0,1,1,1,0,0,1,1,1,1,0,1,1,1,1,1,1,1,0,0,0,1,1,0,0,1,1,1,1,0,1,1,0,1,0,0,1,0,5,8,7,9,5,5,20,19,1,video
19,F,1287.142214688122,1004.3298041742356,2291.472018862358,1,1,0,0,0,1,1,0,1,0,1,1,0,1,1,1,0,1,1,0,1,0,1,0,1,0,0,0,1,1,1,1,0,0,0,0,1,0,0,1,0,1,0,0,1,1,1,1,1,1,1,1,1,1,0,0,1,1,0,1,5,7,5,4,7,7,17,18,-1,text
20,M,1232.8553965492445,1073.7129223115828,2306.5683188608273,0,1,1,0,1,0,1,0,0,1,0,1,0,0,1,0,1,0,1,0,0,1,0,1,1,1,1,1,1,1,0,1,1,0,0,0,0,1,1,1,1,0,1,1,1,1,1,1,1,0,0,1,0,0,1,1,0,1,1,1,5,4,8,5,8,6,17,19,-2,text
18,F,1275.3041295572884,976.6387099032197,2251.9428394605084,1,1,0,0,1,0,0,0,1,1,0,0,1,1,0,0,0,1,1,1,1,1,0,1,0,1,1,1,1,0,0,0,0,1,1,0,1,1,1,1,0,0,1,0,0,0,0,1,0,1,1,1,1,0,0,0,0,1,1,0,5,5,7,6,3,5,17,14,3,video
17,M,1283.1945442007939,1006.5273492167391,2289.721893417533,1,1,1,1,0,1,0,0,1,1,0,0,1,1,1,1,1,1,1,1,1,0,0,0,1,0,1,0,1,1,0,0,1,0,0,1,0,1,1,0,0,0,0,1,1,1,0,0,0,0,0,0,0,0,1,1,1,0,0,1,7,8,5,4,3,4,20,11,9,video
20,F,1305.583402792965,1011.813922652972,2317.397325445937,0,1,0,1,1,1,0,1,0,1,0,1,1,1,1,1,1,1,1,1,1,1,0,0,1,0,0,1,1,0,0,1,1,0,1,1,1,1,0,1,0,0,1,0,0,1,1,0,1,1,1,1,1,1,1,1,0,0,1,1,6,9,5,7,5,8,20,20,0,text
20,M,1154.3143943065845,1000.0302754257604,2154.3446697323448,0,0,0,1,1,1,1,1,1,1,1,1,1,1,1,0,0,1,1,0,1,0,1,0,0,0,1,0,0,0,0,1,0,1,0,1,0,1,0,1,1,1,1,1,1,1,1,0,0,1,1,1,1,1,1,0,0,1,0,1,7,7,3,5,8,7,17,20,-3,text
18,F,1287.5041857121112,962.0532027755175,2249.5573884876285,1,0,1,1,1,1,0,0,1,0,0,1,0,1,1,1,1,1,0,0,1,1,1,1,1,1,1,1,1,0,1,0,1,0,1,0,1,0,1,1,0,0,0,1,1,1,1,0,0,0,1,1,0,0,0,0,0,1,0,1,6,6,9,6,4,4,21,14,7,video
19,M,1300.1327639929364,945.4422566873025,2245.5750206802386,1,1,1,0,0,0,0,1,0,1,1,0,1,0,1,0,1,1,0,0,0,0,0,1,1,1,1,0,1,0,0,0,1,0,1,1,1,1,1,1,1,1,1,0,0,0,1,0,1,1,1,1,1,0,0,0,0,0,1,0,5,5,5,7,6,4,15,17,-2,equal
19,F,1269.418130719585,1058.8188530881528,2328.2369838077375,1,0,1,1,0,1,1,1,1,1,0,1,1,1,0,0,1,1,1,0,0,0,1,1,1,1,1,1,0,1,0,1,0,1,0,0,0,0,0,1,1,1,0,1,0,1,0,1,1,1,1,1,0,1,0,0,0,1,0,1,8,6,7,3,7,5,21,15,6,video
19,M,1276.8405285792371,1008.2353849767283,2285.0759135559656,0,1,0,0,0,0,0,1,1,0,0,0,1,1,0,0,1,1,1,1,1,1,0,1,1,0,0,0,1,0,1,1,1,0,1,1,1,1,1,1,1,0,0,1,0,1,0,1,0,1,0,1,1,0,0,1,1,1,1,1,3,6,5,9,5,7,14,21,-7,text
20,F,1251.6595321893906,979.5678492958255,2231.227381485216,1,0,0,1,1,1,0,1,0,1,1,0,0,0,1,1,1,1,1,0,1,1,1,1,0,1,1,1,0,0,1,0,1,0,0,0,1,0,0,1,0,1,0,1,0,0,1,0,0,1,0,1,0,0,1,1,1,0,1,1,6,6,7,4,4,6,19,14,5,video
20,M,1223.381936844553,935.2260798341794,2158.6080166787324,0,1,1,0,0,0,0,1,0,0,0,1,1,1,1,1,0,1,1,1,1,0,1,1,0,0,1,0,0,0,1,1,1,1,0,0,0,0,1,0,1,1,1,1,1,0,0,0,1,0,0,1,1,1,1,0,0,1,0,0,3,8,4,5,6,5,15,16,-1,equal
20,F,1299.5758099970972,1021.1324131126547,2320.708223109752,1,0,1,1,1,1,0,1,1,1,1,0,0,0,0,0,0,1,0,0,0,0,0,0,0,1,1,0,1,0,0,1,1,1,0,0,1,1,0,1,1,1,1,1,1,0,0,1,1,1,1,0,1,1,0,0,1,1,1,1,8,2,3,6,8,7,13,21,-8,text
17,F,1271.953617439325,948.8704267956224,2220.8240442349475,0,0,0,1,0,1,1,1,0,0,0,1,1,1,1,0,1,0,0,0,1,0,1,1,1,0,1,1,1,1,1,0,1,0,0,1,1,0,1,1,1,0,1,1,0,0,0,0,1,0,1,0,1,0,0,0,0,0,1,1,4,5,8,6,4,4,17,14,3,video
18,M,1270.2918825406025,957.8393153054648,2228.131197846067,1,0,0,0,0,0,1,0,1,1,0,0,0,0,1,0,1,0,0,0,1,1,1,1,0,0,0,0,1,1,0,0,1,1,0,1,1,1,1,0,1,1,0,1,0,1,0,0,1,0,1,0,1,1,0,1,1,1,0,1,4,2,6,6,5,7,12,18,-6,text
20,M,1280.1049403547545,915.706888069303,2195.8118284240572,1,0,0,0,1,1,0,1,0,1,1,0,1,0,0,1,0,0,1,0,0,1,0,1,0,0,1,1,1,1,1,0,1,1,0,0,1,0,1,0,1,1,1,0,1,0,0,0,1,0,1,1,1,1,0,0,1,1,0,1,5,4,6,5,5,7,15,17,-2,text
18,F,1286.9494092145978,1072.136790651768,2359.086199866366,0,0,1,0,0,0,0,0,1,1,0,1,1,0,0,1,1,1,1,1,1,1,1,1,1,1,1,0,1,0,0,0,1,0,0,0,1,0,1,0,1,1,0,1,1,1,1,1,1,1,1,1,1,0,1,0,1,0,0,1,3,7,8,3,9,6,18,18,0,video
18,M,1264.1805053751625,1012.5693126021793,2276.749817977342,0,1,0,1,1,1,1,1,1,0,0,1,1,1,1,0,1,1,0,0,1,0,1,1,1,1,0,1,1,1,1,0,1,1,0,0,1,0,0,1,1,0,1,0,1,1,1,0,0,0,0,1,0,1,0,0,1,0,0,1,7,6,8,5,5,4,21,14,7,video
19,F,1238.8507999804608,952.6317252624764,2191.4825252429373,1,0,1,1,1,1,1,1,1,1,1,0,0,0,0,1,0,1,1,1,1,0,1,1,1,1,1,1,1,0,0,1,0,1,1,0,0,0,1,1,0,1,0,1,1,1,1,0,0,1,1,0,0,1,1,1,0,1,0,1,9,5,8,5,6,6,22,17,5,video
17,F,1250.7236529828297,915.8741757998795,2166.5978287827093,1,1,0,0,1,1,0,1,1,1,0,0,0,1,1,1,0,0,1,0,1,1,0,1,1,1,0,0,0,0,0,1,1,0,0,1,0,0,1,0,0,0,0,0,1,0,0,0,1,0,1,0,1,0,1,0,1,0,1,0,7,4,5,4,2,5,16,11,5,video
20,F,1178.5246625869752,968.931715819349,2147.4563784063243,1,1,0,0,0,0,0,1,1,0,0,0,1,1,0,0,0,1,0,1,0,1,1,0,1,1,1,0,1,1,1,1,1,0,0,1,0,0,1,0,1,1,0,1,1,0,0,1,1,0,0,0,1,0,1,0,1,0,1,0,4,4,7,5,6,4,15,15,0,video
19,M,1236.7360952744002,941.636814685096,2178.372909959496,0,1,1,1,0,1,0,1,0,0,0,1,0,1,0,1,0,1,0,1,1,1,1,1,1,0,1,0,1,0,1,1,0,1,1,1,1,1,1,0,0,1,1,0,1,1,1,1,1,0,1,0,0,0,1,1,1,1,0,1,5,5,7,8,7,6,17,21,-4,text
19,F,1321.9904541492676,1017.0604323047058,2339.0508864539734,1,0,0,1,0,1,1,1,1,1,0,1,0,1,1,0,0,0,1,0,0,1,1,1,1,1,0,1,0,0,0,0,0,1,0,0,1,1,1,1,1,1,1,0,1,0,1,0,1,0,1,1,0,0,1,0,1,1,0,1,7,4,6,5,6,6,17,17,0,text
20,F,1289.5641150153142,978.1878795824205,2267.7519945977347,1,1,1,0,0,1,0,1,0,0,1,1,1,1,0,1,0,1,0,0,0,1,1,0,1,1,1,0,0,0,1,1,1,1,1,0,1,1,0,1,1,0,0,1,0,0,0,1,1,1,0,0,0,1,1,1,0,1,0,0,5,6,5,8,5,4,16,17,-1,video
18,M,1205.4943164418075,1016.0135114550261,2221.5078278968335,1,1,0,1,1,0,1,1,1,1,1,0,1,1,0,0,1,0,0,1,1,1,0,1,1,0,1,0,0,1,1,1,1,0,1,1,0,1,1,0,0,1,1,0,0,1,0,0,1,1,0,1,0,0,0,1,0,1,1,1,8,5,6,7,5,5,19,17,2,video
19,M,1296.373089311275,994.1904132019573,2290.5635025132324,0,1,1,1,0,0,1,1,1,0,0,0,0,0,1,1,0,1,1,0,0,1,0,0,1,1,1,1,0,1,0,1,0,1,0,1,1,0,1,1,0,0,1,0,0,1,1,1,1,1,1,1,1,1,1,0,0,1,1,0,6,4,6,6,6,7,16,19,-3,text
18,M,1273.738025264748,955.6444101833494,2229.3824354480976,1,1,1,1,0,1,0,0,1,0,0,1,1,0,0,1,1,1,1,1,1,1,1,1,1,1,1,0,0,1,0,1,1,1,0,0,0,0,0,1,0,1,1,1,0,0,0,1,1,1,1,1,1,0,0,1,0,1,1,0,6,7,8,4,6,6,21,16,5,video
17,M,1256.7004525035143,992.9745168346058,2249.67496933812,1,1,1,1,1,0,1,1,0,0,1,1,1,1,1,1,1,0,0,1,1,1,1,1,0,0,0,0,0,0,0,1,0,0,1,0,1,1,0,0,1,1,0,1,0,1,1,1,0,1,1,1,1,1,1,1,1,0,1,1,7,8,4,4,7,9,19,20,-1,text
18,F,1308.644763796475,975.2739316127701,2283.918695409245,0,1,1,1,0,1,1,1,0,1,0,0,0,1,1,1,1,1,0,1,0,0,1,0,0,1,1,1,1,0,1,1,0,0,1,0,0,0,0,1,0,0,1,1,0,1,0,1,1,0,0,1,0,1,0,1,1,1,0,0,7,6,5,4,5,5,18,14,4,video
17,F,1223.8358674038282,997.6859085301726,2221.5217759340007,1,0,1,1,1,1,1,1,0,0,1,1,1,1,0,0,0,1,0,1,0,1,1,0,1,0,0,1,0,1,1,0,0,1,1,0,0,0,1,0,0,0,0,1,1,1,1,0,0,1,0,1,1,1,0,0,1,0,1,0,7,6,5,4,5,5,18,14,4,video
18,F,1237.256101682132,953.1407947168143,2190.3968963989464,1,0,0,1,1,1,0,0,1,0,1,1,0,1,1,0,1,1,0,0,0,1,1,0,1,1,1,1,1,0,0,0,1,1,1,0,1,1,1,1,1,1,0,1,0,0,1,1,0,0,1,1,0,0,0,1,1,0,1,1,5,6,7,7,5,6,18,18,0,video
19,F,1248.1886310509312,1015.6523091419591,2263.8409401928902,0,1,0,0,0,1,1,1,1,1,1,1,1,1,1,0,1,0,0,0,0,0,1,0,0,0,1,1,0,0,0,0,0,1,0,1,1,0,0,1,0,1,1,0,1,0,1,1,1,1,1,1,1,0,1,0,1,0,0,0,6,6,3,4,7,5,15,16,-1,text
19,M,1280.3282911300546,980.5940133382979,2260.9223044683526,0,1,1,1,1,1,1,1,1,1,0,0,0,1,0,1,0,0,1,0,1,1,0,1,1,0,1,0,0,1,1,1,1,0,1,1,0,1,0,1,0,1,1,1,1,1,1,1,1,1,1,0,1,0,1,0,1,1,1,0,9,3,6,7,9,6,18,22,-4,text
17,F,1232.395366375349,970.3984084281534,2202.7937748035024,1,1,1,1,1,1,1,0,0,0,1,1,0,1,1,0,1,1,0,0,1,1,1,0,1,0,0,1,0,0,0,0,0,0,1,0,1,0,1,1,1,1,0,1,0,1,0,0,1,0,1,1,1,0,1,1,1,1,0,1,7,6,5,4,5,8,18,17,1,text
20,F,1275.4455429401646,1050.7678078719891,2326.2133508121537,1,0,1,0,0,1,0,0,1,1,1,1,0,0,1,1,1,1,1,1,1,0,0,0,1,0,0,0,1,1,1,1,1,0,0,0,1,0,0,0,0,1,1,0,1,1,1,1,1,0,1,0,1,1,1,0,1,0,0,1,5,8,4,4,7,6,17,17,0,text
17,M,1323.1143726899625,956.3488271342378,2279.4631998242003,1,1,0,0,1,1,0,1,0,0,1,0,1,0,0,0,1,1,1,1,0,1,0,1,1,0,1,0,1,0,1,1,1,0,0,1,0,1,1,0,1,0,1,1,1,1,1,0,0,0,1,1,0,0,0,1,0,1,1,0,5,6,5,6,6,5,16,17,-1,equal
17,F,1258.408654678999,955.6088977985564,2214.0175524775555,1,0,1,1,0,0,1,1,1,1,0,1,1,0,1,0,0,1,0,1,1,1,1,1,1,0,0,0,0,1,1,1,1,1,1,0,1,0,1,0,0,1,1,0,1,0,1,0,1,1,0,1,0,0,1,0,1,0,0,1,7,5,6,7,6,4,18,17,1,video
18,F,1276.4222724357787,929.4431578888921,2205.865430324671,1,1,1,0,1,1,1,1,1,1,0,1,0,1,1,0,1,1,0,1,1,0,0,1,1,0,1,1,1,0,1,0,1,0,1,0,1,0,1,1,0,1,0,0,0,1,1,0,1,1,0,0,1,0,1,1,1,1,0,0,9,6,6,6,5,5,21,16,5,video
18,F,1261.7945909518603,1024.2576297422236,2286.052220694084,1,0,1,1,0,0,1,1,0,0,1,1,0,0,0,1,1,0,1,0,1,1,1,0,0,1,1,1,0,1,1,0,1,0,0,0,1,1,1,1,1,1,0,1,0,1,0,0,1,0,0,1,0,1,1,0,1,1,0,0,5,5,7,6,5,5,17,16,1,video
17,F,1229.1942649296914,1009.4073935654584,2238.60165849515,0,1,1,0,1,1,1,1,1,1,0,0,0,1,0,1,1,0,0,1,0,1,1,1,0,1,0,0,0,1,0,1,0,1,0,1,0,0,0,0,0,0,0,0,1,0,1,0,1,0,1,1,0,1,1,0,1,1,0,0,8,4,5,3,3,6,17,12,5,video
19,F,1248.684447191672,961.3320899423719,2210.016537134044,0,0,1,0,1,0,1,1,1,1,0,0,0,1,0,1,0,1,1,0,1,1,0,1,1,1,1,1,0,1,1,1,1,1,1,1,0,0,1,1,0,1,0,1,1,1,1,0,0,1,0,1,0,0,1,1,1,1,0,0,6,4,8,8,6,5,18,19,-1,video
18,F,1240.049443603217,934.2375494404193,2174.2869930436364,0,1,1,0,0,0,0,1,1,0,1,1,1,0,1,1,1,0,1,1,0,0,0,0,1,1,1,0,1,0,0,1,1,1,0,1,1,0,1,1,1,1,1,1,1,1,1,0,1,1,0,1,0,1,0,0,0,0,1,0,4,8,4,7,9,3,16,19,-3,text
20,M,1252.7993021101822,1025.0773794598624,2277.8766815700446,0,1,1,1,1,1,0,1,1,1,0,0,0,0,1,1,1,1,0,1,1,0,0,0,1,0,1,1,0,0,1,1,1,1,0,1,0,1,0,1,0,1,0,1,1,0,0,1,1,1,1,0,1,0,0,1,1,1,0,1,8,5,4,7,6,6,17,19,-2,text
18,M,1199.929619361161,1027.2322766145185,2227.1618959756797,1,1,1,1,0,1,0,0,0,1,1,1,1,1,0,1,0,1,0,0,1,0,0,0,0,1,1,1,1,0,1,1,1,1,1,1,0,1,0,0,0,1,1,0,0,1,1,0,1,0,0,1,0,1,0,1,1,0,1,0,6,6,5,7,5,5,17,17,0,equal
18,F,1284.2488937939092,973.9177709040308,2258.16666469794,0,1,0,0,1,1,1,0,0,1,1,0,0,0,0,1,1,1,0,1,0,1,0,1,1,0,1,0,1,1,1,1,1,0,1,0,1,1,0,1,1,0,0,0,0,1,0,0,0,1,0,0,1,0,1,0,0,1,0,1,5,5,6,7,3,4,16,14,2,video
20,F,1251.9071131610651,1019.1814664659071,2271.088579626972,0,0,1,0,1,1,0,1,1,1,1,0,0,0,0,1,1,1,0,1,1,0,0,1,1,0,0,1,1,0,1,1,1,0,0,1,1,0,0,0,1,0,1,1,0,1,0,0,1,0,0,1,0,0,1,0,1,1,0,1,6,5,5,5,5,5,16,15,1,equal
17,M,1247.532622327546,1024.7074097370196,2272.2400320645656,0,0,1,0,1,1,0,1,0,1,0,1,0,1,0,0,1,1,1,0,1,1,1,0,1,1,0,0,1,0,0,0,0,0,0,0,1,0,1,1,1,0,1,1,1,1,1,0,1,0,1,1,0,1,1,0,1,1,1,1,5,5,6,3,7,8,16,18,-2,text
20,F,1247.3750135227658,973.9247733844304,2221.299786907196,0,1,1,0,1,1,1,0,0,0,1,0,0,1,0,1,0,1,1,0,0,1,1,1,0,1,1,1,0,1,1,0,1,1,0,1,1,0,1,1,0,0,1,0,1,1,1,1,1,0,0,0,1,1,0,1,1,1,1,1,5,5,7,7,6,7,17,20,-3,text
17,F,1275.1706289951214,962.6554507446216,2237.826079739743,1,1,1,0,0,0,1,0,1,1,0,1,1,0,1,0,0,1,1,1,1,1,0,1,1,1,0,0,1,0,0,1,1,0,1,0,1,1,1,1,1,1,1,0,1,0,1,0,1,1,1,0,0,1,0,1,1,0,1,1,6,6,6,7,7,6,18,20,-2,text
17,F,1259.4147412390632,994.3753758309198,2253.790117069983,1,1,1,1,0,1,0,1,0,1,1,1,1,0,1,1,1,1,0,0,0,1,0,0,1,1,0,1,0,1,0,0,1,1,1,1,1,0,1,0,0,0,1,0,0,1,1,1,1,1,0,0,1,0,1,0,0,0,1,0,7,7,5,6,6,3,19,15,4,video
17,M,1213.6646449477305,978.8079989030325,2192.4726438507632,1,0,0,1,0,1,0,0,0,1,1,0,0,1,0,1,1,1,1,1,0,1,1,0,0,0,1,0,1,1,1,1,1,1,1,1,1,0,1,1,1,0,0,0,0,1,0,1,1,0,1,0,0,1,1,1,1,1,0,0,4,7,5,9,4,6,16,19,-3,text
20,F,1257.1597616131514,1005.5635469268232,2262.723308539975,1,1,1,0,1,0,1,1,1,0,0,0,0,0,0,0,1,1,1,1,1,1,1,1,0,1,1,0,1,1,0,0,1,0,1,1,1,0,1,1,0,0,1,1,0,1,0,1,0,0,0,1,1,0,1,0,0,1,0,1,7,4,8,6,4,5,19,15,4,video
17,M,1234.3011584986111,998.5619073715648,2232.863065870176,1,1,1,1,1,0,0,0,1,1,0,1,0,1,0,1,1,0,0,1,0,1,1,0,0,0,1,1,0,1,0,0,1,0,0,0,1,0,1,1,1,1,0,0,0,1,0,1,1,0,1,1,1,0,0,1,1,1,1,0,7,5,5,4,5,7,17,16,1,text
19,F,1309.656068872381,983.7288977445954,2293.3849666169763,1,1,1,1,1,0,0,1,1,1,1,0,0,0,0,1,1,0,0,1,1,0,1,0,0,1,0,0,0,1,0,0,0,0,0,0,0,1,1,0,0,0,0,0,1,1,0,0,1,0,1,1,1,0,0,1,0,0,0,0,8,4,4,2,3,4,16,9,7,video
20,M,1281.4244514430795,1003.4119157609824,2284.836367204062,1,0,1,1,1,0,1,1,1,0,0,1,0,1,0,0,0,1,0,0,1,1,1,1,1,0,1,0,1,1,0,0,1,1,1,0,1,1,1,1,1,0,0,0,0,0,1,1,1,0,1,0,0,0,1,0,0,1,0,0,7,3,8,7,4,3,18,14,4,video
19,M,1214.5329172390439,1009.5160990254781,2224.049016264522,1,1,1,0,0,1,0,1,1,1,0,1,1,0,0,0,0,0,1,0,0,1,1,1,1,0,1,1,0,1,0,1,1,1,0,0,0,0,0,0,1,1,0,0,1,1,1,1,0,1,1,0,1,1,1,1,0,0,1,0,7,3,7,3,7,6,17,16,1,equal
17,F,1246.590779998151,922.2596376977974,2168.8504176959486,1,0,1,0,1,1,1,1,0,0,0,1,0,0,1,0,1,1,0,0,1,1,0,0,1,1,1,0,1,1,1,0,0,1,0,1,0,0,0,0,0,0,0,1,1,1,1,1,0,1,0,1,0,0,1,0,1,0,1,1,6,4,7,3,6,5,17,14,3,video
18,M,1280.3607499215088,1042.485099621276,2322.845849542785,1,0,0,0,1,1,0,0,0,0,0,0,0,0,1,1,0,1,0,1,1,1,1,1,1,0,1,1,1,0,0,0,1,0,1,1,1,1,0,0,1,0,1,1,0,1,1,0,0,0,1,1,0,0,0,0,0,0,1,0,3,4,8,5,5,3,15,13,2,video
17,F,1295.776996378113,905.7546289993977,2201.531625377511,0,0,1,1,0,0,1,1,1,1,0,1,1,1,0,0,0,1,0,1,1,1,0,1,0,1,1,1,1,1,0,1,1,1,0,1,0,1,0,1,0,1,1,1,1,0,0,1,1,0,0,1,1,1,1,0,0,1,1,0,6,5,8,6,6,6,19,18,1,video
19,M,1352.507442811293,972.0455773473084,2324.5530201586016,1,1,1,1,1,1,1,1,0,1,1,0,0,0,0,1,1,0,0,0,0,1,1,0,0,0,0,1,1,0,1,1,0,1,0,0,0,1,0,0,1,1,1,0,1,1,0,0,1,0,0,0,0,1,0,1,1,0,0,0,9,3,4,4,6,3,16,13,3,video
19,F,1289.4983553975142,940.3625513086478,2229.860906706162,1,1,1,1,1,0,1,1,0,1,0,1,0,1,1,0,0,1,0,1,0,1,1,1,1,1,1,1,1,1,1,1,1,1,0,0,0,1,1,0,0,0,0,0,1,0,1,1,1,1,1,0,1,0,0,0,0,0,1,0,8,5,9,6,5,3,22,14,8,video
20,F,1284.5136327209782,1063.5159314357743,2348.0295641567527,0,0,0,0,0,0,1,1,1,1,0,1,1,0,1,1,1,0,0,0,1,1,1,0,1,1,0,0,0,1,0,0,0,0,1,0,0,1,0,0,1,0,1,1,1,0,1,1,0,1,1,0,1,0,1,0,1,0,1,1,4,5,6,2,7,6,15,15,0,text
18,M,1270.849018456682,1025.7156770302774,2296.5646954869594,1,1,0,1,0,0,1,1,0,0,0,1,1,0,0,1,1,0,1,0,1,0,0,1,0,0,0,1,0,0,0,0,0,1,1,1,1,1,0,1,1,1,0,1,1,0,1,1,1,1,1,1,1,1,1,1,1,1,1,0,5,5,3,6,8,9,13,23,-10,text
20,F,1270.8944642620916,928.5421240335331,2199.4365882956245,1,0,1,1,1,1,0,0,1,0,1,1,1,1,1,0,1,1,1,1,0,1,0,1,0,1,0,1,0,0,0,0,0,0,0,0,0,0,1,1,1,0,1,0,1,1,1,0,0,1,0,1,1,1,0,0,1,1,0,1,6,9,4,2,6,6,19,14,5,video
19,F,1248.875629837092,961.5509143706771,2210.426544207769,0,1,0,0,1,1,1,1,0,0,1,0,1,0,0,0,0,1,1,1,1,0,1,0,0,1,1,1,0,0,1,1,1,0,1,0,0,0,1,1,0,0,1,1,1,0,0,0,0,0,1,0,0,1,1,0,0,0,0,1,5,5,5,6,3,4,15,13,2,video
17,M,1199.8001883341885,973.7092344136988,2173.5094227478876,1,1,1,0,1,1,0,0,0,1,0,1,1,0,1,1,0,1,0,1,1,0,0,1,0,1,0,1,0,1,0,0,1,1,1,1,0,1,1,1,0,1,1,1,1,1,0,1,1,1,0,1,0,0,1,0,1,0,0,0,6,6,5,7,8,3,17,18,-1,equal
18,F,1237.9667580477321,1055.9618882497812,2293.9286462975133,0,0,1,0,1,1,0,1,1,1,0,1,1,0,0,0,0,0,1,1,0,0,0,1,1,0,0,0,1,1,1,0,0,1,0,1,0,0,0,0,0,1,0,1,1,0,1,1,0,1,1,0,0,1,1,0,0,0,1,1,6,4,4,3,6,5,14,14,0,text
17,F,1279.3612400076056,925.3574913116926,2204.718731319298,0,0,1,1,0,0,1,1,1,1,0,0,0,0,1,1,1,1,1,0,0,0,0,0,0,1,0,1,1,1,0,1,0,1,0,1,1,0,0,0,1,0,0,1,1,0,1,0,1,0,1,1,1,1,1,1,1,1,1,1,6,5,4,4,5,10,15,19,-4,text
17,M,1242.432466245613,960.8630077347433,2203.2954739803563,0,0,0,0,1,0,0,0,1,1,0,1,0,1,0,1,0,1,0,1,0,0,1,0,1,1,1,0,1,1,0,1,1,1,1,0,1,1,0,0,0,1,0,1,0,1,1,0,0,0,1,0,0,1,1,0,1,0,1,0,3,5,6,6,4,5,14,15,-1,video
18,M,1219.5541491198696,950.6331880301175,2170.187337149987,0,0,1,0,0,1,0,1,0,1,0,1,0,1,1,1,0,1,1,1,0,1,0,1,1,1,0,1,1,1,0,1,1,1,1,1,0,0,0,1,0,1,1,1,0,1,0,0,1,1,1,0,0,1,1,0,1,1,0,1,4,7,7,6,6,6,18,18,0,video
20,F,1259.7366153043174,1000.1888348149421,2259.9254501192595,0,1,0,1,1,1,0,0,1,0,1,0,1,1,0,0,1,0,1,0,1,0,1,1,1,1,1,1,0,1,0,0,1,0,0,0,1,0,1,1,1,1,0,0,0,1,0,1,1,0,1,1,0,0,0,0,1,1,0,1,5,5,8,4,5,5,18,14,4,video
17,F,1283.7551739614416,988.2977214142323,2272.052895375674,0,1,0,0,0,0,1,0,0,1,1,1,1,1,1,1,0,1,0,1,1,1,1,1,0,0,0,1,1,0,0,1,0,1,1,0,1,1,0,0,1,0,0,0,0,0,0,1,0,1,0,1,1,0,1,1,0,0,1,1,3,8,6,5,3,6,17,14,3,video
19,M,1225.7759297250084,941.2777048925714,2167.0536346175795,1,1,1,1,1,1,1,0,1,1,0,0,1,0,1,1,0,0,1,0,0,1,1,1,0,1,0,1,1,0,1,1,1,1,1,0,0,0,1,0,0,1,1,0,0,0,0,1,1,0,1,1,1,0,0,1,0,1,1,1,9,4,6,6,4,7,19,17,2,equal
17,M,1246.8232143357072,973.193524547966,2220.0167388836735,0,1,1,0,1,1,0,1,1,1,0,1,0,1,1,1,1,0,1,0,1,1,1,0,0,0,1,0,1,0,0,1,1,1,1,0,1,1,1,1,1,1,1,1,1,1,0,1,0,0,1,0,0,0,0,1,1,1,1,1,7,6,5,8,7,6,18,21,-3,text
18,F,1259.5647919721864,951.9571361516602,2211.5219281238465,0,1,1,0,0,1,0,0,1,1,0,1,1,1,0,0,1,0,0,1,0,0,0,0,1,1,1,0,0,1,0,1,1,1,1,1,0,0,1,1,0,0,0,0,1,0,1,0,0,0,0,0,0,1,0,0,0,1,0,1,5,5,4,7,2,3,14,12,2,video
18,M,1292.4956037138743,1035.5825076467552,2328.0781113606295,1,1,0,1,0,1,1,1,0,0,0,1,1,1,0,0,1,0,1,1,1,0,1,1,1,1,1,1,1,0,0,0,0,0,1,0,0,1,1,1,1,1,1,0,1,0,0,0,1,1,1,0,1,1,1,1,0,0,0,1,6,6,8,4,6,6,20,16,4,video
18,F,1280.1444097636358,934.820590799661,2214.9650005632966,1,1,1,1,0,1,0,0,0,1,1,0,0,0,1,1,0,0,1,1,1,0,0,0,0,1,0,0,0,0,0,1,0,1,0,1,1,1,1,1,0,1,1,1,1,1,1,1,1,0,1,0,0,0,1,0,0,1,1,1,6,5,2,7,8,5,13,20,-7,text
20,F,1210.9976230729387,1007.675675817215,2218.673298890154,1,0,0,0,1,0,1,1,1,0,1,1,0,0,0,1,0,1,1,1,0,1,1,1,1,0,0,1,1,1,1,0,0,1,1,1,1,1,1,1,0,0,0,0,1,0,1,1,1,1,1,1,1,1,0,1,1,0,1,0,5,6,7,8,5,7,18,20,-2,equal
17,F,1242.2076848951556,920.9126420787206,2163.120326973876,0,1,1,1,1,1,1,1,1,0,1,1,0,0,1,0,1,0,0,1,1,1,0,0,0,1,1,0,1,1,0,0,1,1,0,1,1,1,0,1,0,1,0,1,1,1,1,1,1,0,0,0,0,1,1,0,0,0,0,0,8,5,6,6,7,2,19,15,4,video
20,F,1270.6613405992878,1044.8974346888333,2315.558775288121,1,0,0,0,1,0,0,1,1,1,0,1,1,1,0,1,1,1,1,1,1,0,0,0,1,0,1,1,0,0,0,0,0,1,0,0,1,1,0,1,1,1,0,1,1,0,1,1,0,0,1,0,0,0,1,1,0,1,1,1,5,8,4,4,6,6,17,16,1,equal
20,F,1286.6428440317477,974.8092399866484,2261.452084018396,1,0,0,0,0,0,1,1,0,1,1,1,1,0,0,1,0,0,1,0,1,1,1,0,1,0,0,1,1,1,0,1,1,0,1,1,0,1,0,1,1,1,0,1,0,1,1,1,0,1,1,0,1,1,1,0,1,0,1,1,4,5,7,6,7,7,16,20,-4,text
18,M,1255.8633906085327,1017.4142482287608,2273.2776388372936,1,0,1,0,1,0,0,0,0,1,1,0,0,1,1,1,0,1,1,0,1,1,1,1,1,1,1,0,0,1,0,0,1,1,1,0,0,1,0,1,1,1,0,1,0,0,0,0,1,0,1,0,1,1,1,1,1,0,0,0,4,6,8,5,4,6,18,15,3,video
18,M,1276.9976277632616,976.6652591621572,2253.6628869254187,1,0,1,1,1,0,1,0,0,0,1,0,1,1,1,1,0,1,1,1,0,1,0,0,0,1,0,1,0,0,1,1,0,1,1,1,0,1,1,0,1,0,1,1,1,1,0,0,0,0,1,1,0,1,1,0,0,1,0,0,5,8,3,7,5,5,16,17,-1,text
20,M,1257.9764503067781,975.0980685215111,2233.074518828289,1,0,1,1,1,0,0,0,0,1,0,1,0,0,1,1,1,0,1,1,0,1,1,0,1,0,1,1,1,1,1,0,1,0,1,0,0,0,0,1,0,0,1,1,1,0,0,0,1,1,0,0,1,0,0,0,0,0,1,0,5,6,7,4,5,2,18,11,7,video
17,M,1218.5642152974565,978.0566968364134,2196.6209121338698,0,0,1,1,1,1,1,0,1,1,1,1,0,1,1,1,0,1,0,1,0,0,1,0,0,1,1,0,0,0,1,0,1,0,0,1,0,1,1,0,0,1,0,0,1,0,1,1,0,0,0,0,0,1,0,1,1,0,0,1,7,7,3,5,4,4,17,13,4,video
19,F,1270.9623568031996,1011.7261455759691,2282.6885023791688,0,0,0,1,1,0,1,1,0,1,1,1,0,0,1,1,1,1,1,1,1,1,1,0,0,0,0,1,0,1,0,1,1,0,0,0,1,1,0,1,1,0,0,0,1,1,1,0,0,0,1,0,0,0,0,0,1,0,1,0,5,8,5,5,4,3,18,12,6,video
20,F,1288.9226614115705,988.9005806356747,2277.823242047245,0,0,0,0,0,0,1,0,1,0,1,1,0,1,0,1,0,0,0,1,1,0,1,1,0,1,1,1,1,0,0,0,1,1,1,0,1,1,0,1,0,1,1,0,0,1,1,0,1,1,0,0,0,1,1,0,1,0,0,0,2,5,7,6,6,3,14,15,-1,video
17,F,1249.9399418099165,929.1922409468434,2179.13218275676,1,0,1,1,1,1,0,0,1,0,1,1,1,0,1,0,1,1,1,0,0,1,0,1,0,0,0,0,1,0,1,1,1,0,0,1,1,0,0,0,0,0,1,1,1,0,0,1,1,1,1,1,0,1,1,1,0,0,1,0,6,7,3,5,6,6,16,17,-1,text
18,F,1242.1856060597515,1007.8650832888898,2250.0506893486413,1,1,1,1,1,1,1,1,0,1,0,1,1,1,1,0,0,1,1,0,1,1,0,1,0,0,1,1,1,1,0,0,1,1,0,0,0,0,0,0,1,0,0,1,1,1,0,0,0,0,1,0,1,0,1,1,1,1,0,1,9,6,7,2,4,7,22,13,9,video
18,M,1284.687638490394,1058.8675720180472,2343.555210508441,0,0,1,1,1,1,0,0,0,1,0,1,0,1,0,0,0,0,0,0,0,0,0,1,1,0,1,0,1,1,1,0,1,0,0,1,1,0,0,1,1,0,1,1,0,0,1,1,0,1,1,0,0,1,0,1,1,1,1,0,5,2,5,5,6,6,12,17,-5,text
17,F,1264.413081123315,1000.6602047358416,2265.0732858591564,0,0,1,0,0,1,1,1,1,1,1,1,0,1,0,1,0,0,1,0,0,0,0,1,1,1,1,1,0,1,0,1,1,1,0,1,1,1,1,1,1,0,0,1,1,1,0,1,0,1,1,1,1,1,1,1,0,0,1,1,6,5,6,8,6,8,17,22,-5,text
19,F,1270.057294104089,1031.2083948118213,2301.2656889159102,0,0,1,1,1,0,0,1,0,0,1,0,0,1,0,1,1,1,0,0,1,1,1,0,1,0,0,0,1,1,1,0,1,0,0,1,0,0,0,0,1,0,0,0,0,1,1,0,1,1,1,1,1,1,1,0,1,0,1,0,4,5,6,3,5,7,15,15,0,text
18,M,1200.7225736847972,990.8836477273876,2191.606221412185,1,0,0,1,1,0,1,1,0,1,0,0,0,1,1,1,1,0,0,1,0,0,1,1,1,0,1,0,1,0,0,1,1,0,0,0,1,0,1,1,1,1,0,0,0,0,1,0,0,0,0,1,1,1,0,0,0,1,1,0,6,5,5,5,3,5,16,13,3,video
18,M,1269.4284553977748,1038.234026267961,2307.662481665736,1,0,0,1,0,0,0,1,1,0,0,1,0,1,0,1,1,1,1,1,1,1,1,0,1,1,0,0,0,1,1,0,0,0,0,1,0,1,0,1,0,0,0,1,1,1,1,1,0,1,1,1,1,1,1,0,0,1,1,1,4,7,6,4,6,8,17,18,-1,text
18,M,1294.5766586945563,989.3398340627637,2283.91649275732,0,0,1,0,1,1,1,0,1,1,1,1,1,1,1,0,1,1,1,1,1,1,0,1,1,1,0,0,1,1,1,1,0,1,1,1,1,1,1,1,0,0,0,1,1,0,1,1,0,1,1,1,0,0,0,1,0,0,0,1,6,9,7,9,5,4,22,18,4,video
17,M,1215.2214426942705,1029.4690385737515,2244.6904812680223,0,1,1,1,0,0,0,0,1,1,1,0,0,1,1,1,0,1,1,1,1,0,0,0,0,1,0,1,0,1,0,0,0,0,0,0,1,1,1,1,0,1,1,1,1,0,0,0,1,1,0,1,0,0,1,1,1,0,1,1,5,7,4,4,6,6,16,16,0,text
20,F,1331.5786470969695,960.7830315535753,2292.3616786505445,0,1,1,0,0,1,1,0,0,1,0,1,1,0,1,1,1,1,1,1,1,1,1,1,0,1,1,0,0,0,1,1,0,1,1,1,1,1,1,0,1,1,1,1,0,0,1,1,1,1,0,0,1,0,0,0,1,1,1,1,5,8,6,8,8,5,19,21,-2,equal
18,F,1264.6874498057805,998.8529673251276,2263.5404171309083,1,0,1,1,1,1,1,0,0,1,1,1,1,0,0,0,0,1,1,1,1,0,1,1,0,0,1,0,1,1,1,0,1,0,0,1,1,0,0,0,0,0,0,1,0,0,1,1,1,0,1,0,0,0,0,0,1,1,1,1,7,6,6,4,4,5,19,13,6,video
20,M,1288.920270288005,897.7527831530892,2186.6730534410945,1,1,0,1,0,0,1,0,1,1,0,0,1,0,1,0,1,1,1,1,0,0,1,1,1,1,0,0,0,1,1,1,0,1,0,1,1,1,1,1,1,0,1,1,1,0,1,1,1,0,1,1,0,0,1,1,0,1,1,1,6,6,5,8,7,7,17,22,-5,text
19,F,1309.540414669594,923.0471963891497,2232.5876110587437,1,1,0,0,1,1,0,0,0,1,0,1,0,0,0,0,1,1,1,1,1,1,0,1,0,0,1,1,1,0,0,1,1,1,1,0,1,1,1,0,1,0,1,0,1,1,1,1,0,1,0,1,1,1,1,1,1,0,0,1,5,5,6,7,7,7,16,21,-5,text
18,F,1241.8052440500262,1050.022378884263,2291.827622934289,0,1,0,1,0,1,0,0,0,1,1,0,1,1,0,1,1,0,1,1,0,0,1,0,0,1,1,1,0,0,0,1,0,1,1,0,1,0,0,0,0,1,0,1,0,1,1,0,0,0,1,1,0,1,0,0,0,0,0,1,4,7,4,4,4,4,15,12,3,video
18,F,1290.2465676476597,987.8023713106334,2278.048938958293,1,0,0,1,0,1,0,1,0,0,1,0,0,0,0,1,0,0,0,0,1,1,1,0,0,0,1,0,0,0,0,1,1,1,0,0,1,0,0,0,1,0,0,0,1,1,1,1,1,1,0,1,1,1,1,0,1,0,1,0,4,2,4,4,7,6,10,17,-7,text
19,M,1248.342450407439,1008.8996220266525,2257.2420724340914,1,0,0,0,0,0,1,1,0,1,1,1,0,0,1,0,0,1,1,0,0,1,1,1,1,1,0,0,0,1,1,1,0,1,1,0,1,0,1,1,1,1,1,1,0,0,0,1,1,1,1,0,0,1,1,0,1,0,0,1,4,5,6,7,7,5,15,19,-4,text
18,F,1228.4217270602237,978.6868399355607,2207.1085669957843,0,1,1,0,0,1,0,0,1,0,0,0,1,1,1,1,0,1,0,1,0,1,1,0,1,1,1,1,0,0,1,0,0,1,1,0,1,1,1,1,1,1,1,1,0,0,1,0,1,0,1,1,0,0,1,0,0,0,1,0,4,6,6,7,6,4,16,17,-1,video
20,M,1265.9762101896288,1021.7483242075749,2287.7245343972036,1,0,0,0,0,0,1,1,1,0,0,0,0,1,0,1,1,1,0,1,0,1,1,0,0,1,1,0,1,0,1,0,1,1,1,1,1,1,0,0,1,0,0,1,0,0,1,1,1,0,1,0,1,0,0,0,0,1,0,0,4,5,5,7,5,3,14,15,-1,video
17,F,1199.4218466142015,987.8024062542058,2187.2242528684073,1,1,1,0,0,1,0,0,0,1,1,0,1,1,0,1,1,1,0,1,0,0,1,1,1,0,1,0,1,1,0,0,1,0,1,1,1,1,0,0,0,0,0,0,0,1,1,0,0,0,0,0,1,0,0,1,0,0,1,1,5,7,6,5,2,4,18,11,7,video
20,F,1258.367697283809,970.9763741521012,2229.3440714359103,1,0,1,1,0,0,0,0,0,1,1,0,1,0,1,1,1,1,0,1,1,0,1,0,0,0,0,1,0,0,0,1,1,1,0,0,1,0,0,1,1,0,1,1,1,1,1,0,1,0,0,1,0,1,0,1,1,1,1,1,4,7,3,5,7,7,14,19,-5,text
17,F,1189.7596351025247,980.2994790726226,2170.0591141751474,0,1,0,0,0,1,1,0,1,1,0,1,1,1,1,1,1,1,0,0,1,1,1,0,0,1,1,0,0,1,0,0,0,0,0,0,1,0,1,1,0,1,1,1,0,0,0,0,1,1,1,1,1,1,1,1,1,0,1,1,5,7,6,3,5,9,18,17,1,text
17,M,1326.3253946316577,961.9720610895725,2288.29745572123,0,0,0,1,0,1,0,1,1,0,1,1,1,1,1,0,1,1,1,1,1,1,1,1,0,0,1,1,0,1,1,0,0,0,1,1,1,1,0,0,1,0,1,1,1,0,1,0,1,1,1,1,0,0,1,0,1,0,0,1,4,9,7,5,7,5,20,17,3,video
20,F,1299.4061972852976,1058.1842330208617,2357.5904303061593,0,1,1,0,0,1,1,1,0,0,1,1,1,1,1,0,1,1,0,1,1,1,1,0,0,1,1,1,1,1,0,1,1,0,1,1,1,0,1,1,1,1,0,1,0,0,1,1,0,1,0,0,0,0,0,1,1,1,1,1,5,8,8,7,6,5,21,18,3,video
20,M,1289.7286066261324,915.1063442529353,2204.834950879068,1,1,1,0,0,0,1,0,0,0,1,0,1,0,1,0,0,1,1,1,1,1,1,0,1,0,0,0,0,1,1,1,1,1,1,0,1,0,0,0,1,0,1,0,1,0,0,0,0,1,0,1,1,1,1,1,0,1,1,1,4,6,5,6,4,8,15,18,-3,text
20,M,1300.76627989131,985.5292851382379,2286.295565029548,0,1,0,0,0,1,0,0,0,1,0,1,0,0,1,1,0,1,1,0,0,0,1,1,0,1,0,0,1,1,0,0,1,1,0,1,1,0,1,0,1,1,1,1,0,1,0,1,1,0,1,1,1,1,1,0,0,0,0,0,3,5,5,5,7,5,13,17,-4,text
20,M,1224.0472104085836,991.766898429368,2215.8141088379516,0,1,0,0,0,1,1,0,0,1,1,1,0,1,0,0,0,0,0,1,1,0,1,1,1,1,0,0,1,0,0,1,0,1,1,1,0,0,0,1,1,1,0,0,0,1,1,1,1,1,1,0,0,0,1,1,1,1,0,1,4,4,6,5,7,6,14,18,-4,text
19,F,1200.4834993744619,1027.4361202507164,2227.9196196251783,1,0,1,0,1,1,0,1,0,0,1,0,1,1,0,1,0,1,0,1,1,0,1,0,1,1,0,1,1,0,1,1,0,0,0,1,1,0,1,1,1,1,1,0,1,0,0,1,1,0,0,1,0,0,0,0,1,1,1,1,5,6,6,6,6,5,17,17,0,video
18,F,1220.301912587239,969.0110713121851,2189.312983899424,0,1,1,0,0,0,0,1,0,0,1,1,1,0,1,1,1,1,1,0,1,0,0,0,0,1,1,1,0,1,0,0,0,1,1,0,1,1,0,0,0,1,0,0,1,0,1,0,0,1,0,1,0,0,0,0,1,1,0,0,3,8,5,4,4,3,16,11,5,video
17,F,1248.1094993934857,1007.3465288803862,2255.456028273872,0,0,0,0,0,1,0,1,0,1,1,0,1,0,0,0,1,1,0,0,1,1,1,0,1,1,0,1,0,1,0,1,0,0,0,0,1,1,1,1,1,0,0,0,0,1,1,1,0,1,0,1,1,1,1,0,0,0,1,0,3,4,7,5,5,5,14,15,-1,video
20,F,1307.9925338269309,1011.7281763153486,2319.7207101422796,1,1,1,1,1,1,0,1,0,0,1,1,1,1,1,1,0,1,1,1,0,1,0,1,0,1,0,0,1,1,1,1,1,1,1,1,0,0,1,0,0,0,0,1,1,1,0,0,1,0,0,0,1,0,1,1,0,1,0,1,7,9,5,7,4,5,21,16,5,video
20,M,1234.476161786727,954.7711224502619,2189.247284236989,1,0,0,1,1,1,0,0,1,1,1,1,1,1,1,0,0,0,1,0,0,1,1,0,0,1,1,0,0,0,0,0,1,0,1,0,1,1,0,1,0,1,0,1,1,1,1,0,0,0,1,1,0,0,0,1,0,1,0,0,6,6,4,5,5,4,16,14,2,video
20,M,1238.2243885274202,958.4506924507717,2196.675080978192,1,1,1,0,0,0,1,0,0,0,0,0,0,1,0,1,0,0,1,0,1,0,0,0,0,1,1,1,0,1,0,1,1,0,1,1,0,1,1,1,0,0,0,1,0,1,0,0,0,1,1,0,0,1,1,1,1,0,0,1,4,3,5,7,3,6,12,16,-4,text
19,M,1260.620576540174,958.1512470249904,2218.7718235651646,0,1,0,1,0,0,0,0,0,0,0,1,0,0,1,0,0,0,0,1,1,1,1,0,1,0,0,0,1,1,0,1,1,1,1,0,1,0,0,0,0,0,1,1,0,1,1,1,1,0,0,0,1,1,1,0,1,1,1,1,2,3,6,5,6,7,11,18,-7,text
20,F,1334.1664071369087,1034.0253270750707,2368.1917342119796,1,1,0,0,1,0,1,0,1,0,1,1,1,1,0,1,0,0,0,0,1,0,0,0,0,0,1,0,0,1,1,0,1,1,0,1,1,1,0,1,1,1,0,0,0,0,1,0,1,1,0,0,1,0,0,1,1,1,0,0,5,5,3,7,5,4,13,16,-3,text
20,M,1305.7593538100264,953.9227640729375,2259.682117882964,0,1,1,0,0,0,0,1,0,1,1,1,0,1,0,0,1,0,1,1,0,1,0,0,1,0,1,1,1,1,0,0,0,0,1,0,0,0,0,1,1,1,0,1,0,0,1,0,1,1,1,0,0,0,1,1,0,1,0,1,4,6,6,2,6,5,16,13,3,video
20,F,1321.0594445862926,1046.8345891048232,2367.8940336911155,1,0,1,0,1,1,1,0,1,1,0,0,1,0,1,0,1,1,1,0,1,0,1,1,1,1,0,0,0,0,1,1,0,1,1,1,1,0,1,1,1,1,1,1,0,1,0,0,0,1,0,0,1,0,1,1,0,0,0,0,7,5,5,8,6,3,17,17,0,video
18,M,1311.8633391973547,950.9644261211197,2262.827765318474,1,0,1,0,0,0,0,0,0,1,1,0,0,1,1,1,0,1,0,1,1,0,1,1,1,1,0,1,0,1,1,1,0,0,1,1,1,0,1,1,1,1,1,0,0,1,0,1,0,1,0,1,1,0,0,1,0,1,0,0,3,6,7,7,6,4,16,17,-1,video
19,F,1202.3238261624929,981.1327865238643,2183.4566126863574,0,0,0,0,1,1,0,1,1,1,1,1,1,1,0,1,0,1,0,1,1,1,1,0,0,1,1,1,1,1,1,0,0,0,0,0,0,1,0,1,1,1,0,1,1,0,1,0,1,1,1,1,1,1,1,0,1,1,1,1,5,7,8,3,7,9,20,19,1,equal
20,F,1255.7926543973072,997.8707080040232,2253.6633624013302,0,1,0,0,0,1,0,0,1,1,0,0,1,1,1,1,1,1,0,0,0,1,0,1,1,0,1,1,1,1,1,1,1,0,0,0,1,0,0,0,1,0,0,0,0,0,1,0,0,0,0,1,1,1,0,1,1,1,1,0,4,6,7,4,2,7,17,13,4,video
17,M,1234.1947625201046,1027.4491217530704,2261.643884273175,0,0,0,0,0,0,1,0,1,0,1,0,0,0,0,1,1,1,1,1,1,1,0,0,1,1,1,1,1,1,0,1,0,0,1,1,0,1,1,0,0,1,0,1,1,1,1,1,1,1,0,0,1,1,1,0,0,1,1,0,2,6,8,5,8,5,16,18,-2,video
17,M,1231.6962062417745,980.115803343499,2211.8120095852737,0,1,1,1,0,0,1,1,1,1,1,1,1,1,0,1,1,1,1,0,0,1,0,0,1,1,0,1,1,1,1,0,0,0,1,0,1,0,0,1,1,1,1,0,0,1,1,0,1,0,1,0,0,0,1,0,0,0,1,1,7,8,6,4,6,4,21,14,7,video
17,M,1205.9304344438226,948.9485067428853,2154.878941186708,0,0,0,0,0,0,0,0,1,0,0,0,0,0,0,1,1,1,1,1,1,1,0,1,0,0,1,1,0,0,0,1,0,1,0,1,1,1,1,0,1,0,1,0,1,1,0,1,1,1,1,0,0,1,0,1,1,1,0,1,1,5,5,6,7,6,11,19,-8,text
19,M,1168.006424408039,932.4362829586503,2100.4427073666893,1,1,1,1,1,1,0,0,0,0,0,0,1,1,0,0,1,1,0,1,1,0,1,0,0,1,1,1,1,0,0,1,0,0,1,0,1,1,1,1,1,1,1,1,0,0,1,0,0,1,1,0,0,0,0,0,1,0,0,1,6,5,6,6,6,3,17,15,2,video
19,F,1325.1253550822255,915.1513788736196,2240.276733955845,1,1,1,1,1,0,1,1,1,0,1,0,0,0,1,0,0,0,1,0,0,1,1,0,1,0,1,1,0,1,0,0,1,1,0,0,0,1,1,1,0,0,0,0,1,1,0,0,1,1,1,0,1,1,0,1,0,1,1,1,8,3,6,5,4,7,17,16,1,text
17,M,1268.8297999771185,971.8170080422749,2240.6468080193936,0,0,0,0,0,1,0,1,1,1,0,1,1,0,1,0,0,1,1,0,1,1,1,1,1,1,0,1,0,1,1,1,0,1,1,1,1,0,0,1,0,1,1,1,0,0,1,1,1,0,0,1,0,0,0,1,1,0,0,1,4,5,8,7,6,4,17,17,0,video
20,M,1255.2258830416595,962.6245487952845,2217.850431836944,1,0,0,0,0,0,1,0,0,0,0,0,1,0,0,0,0,1,0,0,0,1,0,1,0,1,0,1,1,0,1,1,1,1,1,1,1,1,1,0,1,1,1,0,0,1,1,1,0,1,0,0,0,0,0,0,0,1,1,1,2,2,5,9,7,3,9,19,-10,text
19,M,1218.5243568203352,1063.4273828435116,2281.9517396638466,1,0,0,0,1,0,1,0,0,1,1,1,0,1,0,0,0,0,1,0,0,0,1,1,1,1,1,1,0,1,0,0,1,0,1,1,1,1,1,0,1,1,1,0,0,0,1,1,1,1,0,1,0,0,1,0,1,0,0,1,4,4,7,6,7,4,15,17,-2,equal
17,F,1190.5034629888783,984.9813631060957,2175.484826094974,0,1,0,0,0,0,1,0,1,1,1,0,1,0,1,0,0,1,1,0,1,1,0,1,1,1,1,1,1,1,0,1,1,0,1,1,1,1,0,0,1,1,1,1,1,0,0,0,1,1,1,1,0,1,1,1,0,1,0,1,4,5,9,6,7,7,18,20,-2,equal
17,F,1274.961091056174,991.7583412318353,2266.719432288009,1,0,0,0,1,1,0,0,1,1,1,0,1,0,0,0,0,1,0,0,0,0,0,1,1,0,1,1,1,0,0,1,0,0,1,1,1,0,0,0,0,1,0,1,1,1,0,0,0,1,1,1,1,0,1,1,0,1,0,0,5,3,5,4,5,6,13,15,-2,text
20,M,1231.5310193303483,958.6033947500025,2190.134414080351,1,0,1,1,1,1,0,0,0,1,1,1,1,1,0,1,1,0,1,0,0,1,1,0,1,1,0,1,1,0,0,1,1,0,1,0,1,0,1,1,0,0,0,1,0,0,1,1,1,1,0,1,1,1,1,1,1,1,0,1,6,7,6,6,5,8,19,19,0,text
18,F,1264.6773779271336,1000.0413354509988,2264.7187133781326,0,1,1,1,1,0,0,0,1,1,1,1,1,1,1,0,0,1,1,0,0,1,0,0,1,1,1,1,1,0,0,1,1,0,1,1,1,0,1,0,1,1,0,1,1,0,0,0,1,0,1,0,1,0,1,0,0,0,0,1,6,7,6,6,5,4,19,15,4,video
19,M,1249.8639012693047,1035.2813068910018,2285.1452081603065,0,1,0,0,1,1,0,1,1,1,1,1,1,0,1,1,1,1,0,1,0,1,1,0,1,0,1,0,0,0,1,1,0,0,1,1,1,0,0,1,0,0,1,1,0,1,0,1,1,1,1,0,1,0,1,1,0,1,1,0,6,8,4,6,6,6,18,18,0,text
20,F,1250.6727157089736,957.5618407724887,2208.2345564814623,0,0,0,1,1,1,1,1,0,1,0,1,1,0,1,1,1,0,1,1,0,1,0,1,1,0,0,0,0,1,1,1,1,0,0,1,0,1,0,1,1,1,1,1,1,1,1,0,1,1,0,0,0,0,0,0,0,1,0,1,6,7,4,6,9,2,17,17,0,video
17,F,1271.8858873002737,946.0015205723627,2217.8874078726362,1,1,0,0,0,1,1,0,0,0,0,1,1,1,1,1,1,1,0,0,0,1,1,1,0,1,1,0,1,0,1,1,1,1,1,1,1,0,1,1,1,0,0,0,1,1,0,1,1,1,0,1,0,1,0,1,1,0,1,0,4,7,6,9,6,5,17,20,-3,equal
17,F,1234.2853851781047,1019.7509385013133,2254.036323679418,1,1,1,0,0,1,1,1,0,0,0,1,1,1,0,0,1,1,1,1,0,1,0,0,0,0,0,0,1,0,0,1,1,0,0,0,1,0,1,1,0,0,1,0,1,1,0,1,1,0,0,0,0,1,1,0,1,0,0,0,6,7,2,5,5,3,15,13,2,video
20,F,1253.0689415956792,956.2667070407485,2209.335648636428,0,1,0,0,0,1,0,1,0,1,0,1,1,1,1,0,0,1,1,1,0,1,1,1,1,1,1,0,0,1,0,1,0,0,0,1,1,1,0,1,0,1,0,1,0,0,1,0,0,0,0,0,1,1,0,0,1,1,0,0,4,7,7,5,3,4,18,12,6,video
19,M,1295.6276713221853,957.1136188099736,2252.7412901321586,0,1,0,1,0,0,1,0,1,0,1,1,0,1,1,1,0,1,1,0,1,1,1,1,1,0,1,1,1,1,1,0,1,1,1,0,0,1,1,0,0,0,0,1,0,1,0,1,1,1,1,1,1,1,1,0,1,0,1,1,4,7,9,6,5,8,20,19,1,video
18,M,1261.3258831026885,1015.0855694961477,2276.411452598836,0,1,1,1,0,1,1,0,1,0,0,1,1,0,0,0,1,1,0,1,0,1,0,1,1,0,1,1,1,0,0,1,1,0,1,1,0,1,0,1,1,1,0,1,1,1,1,1,1,0,0,1,1,0,0,1,1,1,1,1,6,5,6,6,8,7,17,21,-4,text
18,M,1312.044892877503,968.7707844208169,2280.8156772983198,0,1,1,1,0,1,1,1,1,0,1,1,1,0,1,1,1,0,0,1,1,1,0,1,0,0,1,1,0,1,0,1,1,0,1,1,0,1,0,1,1,0,1,0,1,1,0,0,0,1,0,1,0,1,1,1,1,0,1,0,7,7,6,6,5,6,20,17,3,video
17,F,1226.965231603854,946.1376057072655,2173.1028373111194,0,1,1,0,0,1,0,1,1,1,1,1,1,0,0,1,0,1,1,0,1,0,1,1,1,0,0,0,1,1,1,1,1,0,0,1,1,1,0,0,1,1,0,1,0,1,0,1,1,0,1,1,1,0,0,1,1,1,0,0,6,6,6,6,6,6,18,18,0,equal
19,M,1332.431545316479,1075.083206103119,2407.514751419598,0,1,1,0,1,1,0,0,0,1,1,0,0,1,0,0,1,0,1,1,1,1,0,0,0,1,1,1,1,1,1,0,0,1,1,0,1,1,1,0,0,1,0,0,1,1,1,0,1,0,1,1,1,1,1,1,0,0,1,0,5,5,7,6,5,7,17,18,-1,equal
18,M,1295.177487069611,986.054590845841,2281.232077915452,1,1,1,1,1,0,1,1,0,0,0,1,1,0,0,1,1,1,1,0,1,0,1,0,1,1,1,0,0,1,0,1,0,0,1,1,1,0,1,1,0,1,1,1,0,1,1,1,1,0,0,0,1,1,1,1,0,1,1,1,7,6,6,6,7,7,19,20,-1,text
19,M,1201.4215685001375,982.6768331526703,2184.0984016528078,0,1,0,0,0,1,1,0,1,1,0,1,0,0,0,1,1,1,1,1,1,1,1,0,1,1,0,0,1,0,1,0,1,0,0,1,0,1,1,0,1,1,0,0,1,0,0,1,0,0,0,1,1,0,1,0,1,0,1,0,5,6,6,5,4,5,17,14,3,video
19,F,1224.1702275884359,965.9102168631458,2190.0804444515816,1,1,0,0,1,0,0,0,1,1,1,1,1,0,0,0,1,1,1,1,0,1,0,1,1,0,1,1,1,0,1,1,0,1,1,0,0,0,1,0,1,1,0,1,0,0,0,0,1,1,1,1,0,1,0,0,0,0,1,0,5,7,6,5,5,4,18,14,4,video
17,F,1235.1331938390374,1054.8855977547203,2290.0187915937577,0,0,0,0,0,1,1,1,0,1,1,0,1,0,0,1,0,0,1,0,0,1,1,1,1,1,0,1,0,1,0,0,0,1,1,1,0,1,1,1,0,0,1,0,1,1,1,1,1,1,0,1,1,0,0,0,1,0,1,1,4,4,7,6,7,5,15,18,-3,text
18,F,1267.6867858855308,980.8377701798166,2248.5245560653475,1,0,0,1,1,0,1,1,1,0,1,0,0,0,1,1,1,1,0,0,0,0,0,1,0,1,0,1,0,1,1,1,1,0,1,0,0,1,1,1,1,0,1,1,1,0,1,0,1,0,0,0,0,1,0,0,1,1,1,0,6,5,4,7,6,4,15,17,-2,text
20,M,1276.827714303973,988.5346093295968,2265.3623236335698,0,0,0,0,1,1,0,0,1,1,1,1,1,1,1,1,0,1,0,0,1,0,0,1,1,1,0,1,1,0,1,0,0,1,0,0,1,0,0,0,1,1,0,0,1,0,1,1,0,1,1,0,0,0,0,1,1,0,1,0,4,7,6,3,6,4,17,13,4,video
17,M,1246.8145878840862,963.9676920389708,2210.782279923057,1,0,1,0,1,1,1,0,1,0,0,0,1,0,0,1,1,0,0,1,0,1,1,1,1,0,1,1,1,1,1,1,1,1,0,1,1,1,1,1,1,0,0,0,0,1,0,0,1,1,1,1,1,0,0,1,1,1,1,0,6,4,8,9,4,7,18,20,-2,equal
18,M,1320.8907323134397,983.047606939654,2303.9383392530935,0,0,1,0,1,0,0,1,0,1,1,1,0,1,0,0,1,1,0,1,1,0,0,1,0,1,1,0,0,1,0,1,1,0,1,1,1,1,0,0,1,1,0,1,1,0,0,0,0,1,0,1,1,1,1,1,1,1,1,1,4,6,5,6,5,9,15,20,-5,text
18,F,1198.162923506369,1032.66123023721,2230.824153743579,1,0,1,1,1,0,1,1,1,1,1,1,1,0,1,1,0,0,0,1,1,0,0,1,1,0,1,1,1,0,1,1,1,1,1,0,1,1,0,1,0,0,1,1,0,1,0,0,1,1,1,1,1,1,1,0,0,1,1,1,8,6,6,8,5,8,20,21,-1,text
18,F,1237.7536760859075,1020.9969035701954,2258.7505796561027,0,0,1,1,1,0,0,0,1,0,1,1,1,1,0,1,0,1,1,1,1,1,1,1,0,0,0,1,1,1,0,1,1,0,1,1,0,1,0,0,1,0,1,0,1,0,0,0,0,1,1,1,1,0,0,1,1,0,1,0,4,8,7,5,4,6,19,15,4,video
18,M,1210.376959679119,1023.0741384624165,2233.4510981415356,0,1,1,0,1,0,1,1,0,1,1,1,0,0,0,0,1,1,1,0,1,0,0,0,1,1,1,1,0,1,1,1,0,1,1,0,1,0,0,0,0,1,0,1,1,1,1,0,0,1,1,1,0,1,1,1,1,1,1,1,6,5,6,5,6,9,17,20,-3,text
18,F,1225.8188894167463,979.7043344760805,2205.5232238928265,0,0,0,1,1,1,1,1,1,0,1,1,1,0,0,1,0,0,0,1,0,1,0,1,0,0,1,0,1,1,0,0,0,0,0,1,1,0,0,1,1,0,1,1,1,1,0,1,1,1,0,1,1,0,1,0,0,1,1,1,6,5,5,3,8,6,16,17,-1,text
19,F,1229.9669521182216,942.7335219689533,2172.700474087175,1,0,1,1,0,0,0,1,1,1,0,1,1,0,1,1,1,1,1,1,0,1,1,0,0,0,0,0,1,0,1,0,1,0,0,0,1,1,1,0,1,0,1,0,1,1,1,1,1,0,1,0,0,1,0,1,1,0,0,0,6,8,3,5,7,4,17,16,1,equal
17,F,1282.1159419174044,971.2999084748863,2253.415850392291,1,1,1,1,1,1,1,0,0,0,0,1,0,1,1,1,1,1,1,1,1,1,0,1,1,0,0,1,0,1,0,0,0,1,1,1,1,0,1,0,1,1,1,1,0,0,1,0,1,1,0,0,0,0,1,1,1,0,0,0,7,8,6,5,7,3,21,15,6,video
19,F,1288.050903670678,1066.1214365828835,2354.1723402535617,1,1,0,1,0,1,0,1,1,1,0,1,0,0,1,0,0,1,1,1,1,1,1,0,1,0,1,1,0,0,1,0,0,1,1,0,0,0,1,1,0,0,0,1,0,1,0,1,0,1,0,0,1,1,1,1,1,1,0,0,7,5,6,5,4,6,18,15,3,video
20,M,1164.2628397008016,940.6590664980872,2104.921906198889,1,1,1,0,1,0,1,1,1,1,1,1,1,0,1,0,1,1,0,0,1,0,0,0,1,0,0,0,0,0,1,1,1,1,0,1,0,1,0,0,1,0,1,1,0,0,1,1,1,0,0,1,0,1,0,1,1,1,1,1,8,6,2,6,6,7,16,19,-3,text
18,F,1230.0297356237083,995.488227580666,2225.5179632043746,1,1,1,1,1,0,1,0,0,1,0,1,0,0,1,1,1,0,0,1,0,1,1,0,1,0,0,0,1,1,1,1,1,0,1,1,0,1,1,0,1,0,1,1,0,1,1,1,1,1,1,0,0,1,0,0,0,1,0,1,7,5,5,7,8,4,17,19,-2,text
17,F,1299.3230596024382,960.3597186937011,2259.682778296139,1,0,0,1,0,1,1,1,1,1,1,0,0,1,0,1,1,0,0,0,0,0,1,0,1,0,1,1,0,1,0,0,0,1,0,1,0,0,1,1,1,1,0,1,1,0,0,1,1,0,1,1,1,0,1,0,0,1,0,1,7,4,5,4,6,6,16,16,0,text
18,F,1220.395443189401,964.347830981746,2184.7432741711473,0,1,0,1,1,1,0,0,1,0,0,0,1,1,1,1,1,1,1,0,0,0,1,1,1,1,1,1,1,0,0,0,1,0,1,1,1,0,1,1,0,0,0,1,0,0,1,0,1,0,0,0,1,0,1,1,1,1,1,0,5,7,7,6,3,6,19,15,4,video
17,F,1317.1284593737616,985.2226798747059,2302.3511392484675,0,1,1,0,1,1,1,1,1,0,1,1,1,0,1,1,1,1,1,1,0,0,1,1,1,0,1,0,0,0,1,1,0,1,0,1,1,1,1,0,0,0,1,1,0,1,0,1,0,1,1,1,1,0,0,1,1,1,1,1,7,9,4,7,5,8,20,20,0,text
19,M,1251.6007377847436,1012.8821633219923,2264.482901106736,0,0,1,1,1,1,0,1,0,1,0,1,1,1,0,1,1,1,0,1,0,1,1,0,1,0,1,0,0,0,0,0,0,0,0,1,1,1,1,1,1,1,0,1,1,0,0,1,0,1,0,0,0,0,0,1,1,0,0,0,6,7,4,5,6,2,17,13,4,video
17,M,1248.6031916926192,1050.4390277563568,2299.042219448976,1,1,0,0,1,1,1,0,1,1,1,1,1,0,1,0,1,1,1,0,0,1,1,0,0,1,0,1,1,1,0,1,0,0,1,0,1,0,0,1,1,1,1,1,1,1,1,0,1,0,1,0,0,1,1,0,1,1,1,1,7,7,6,4,8,7,20,19,1,text
20,F,1203.712555745334,1041.24091316041,2244.9534689057436,1,0,1,0,0,1,1,0,1,1,1,1,0,0,1,1,0,1,1,0,0,1,1,1,1,0,1,1,1,0,0,0,0,1,1,0,0,1,0,0,1,0,1,1,1,1,0,0,1,1,1,1,0,1,1,1,0,0,1,0,6,6,7,3,7,6,19,16,3,video
20,F,1332.5471682472132,980.2880745592089,2312.8352428064222,1,1,0,1,1,1,1,1,1,1,1,1,1,1,1,0,1,1,0,1,0,0,0,0,1,0,1,1,0,1,0,1,0,1,0,1,1,1,1,0,1,0,0,1,0,1,0,0,0,1,0,1,1,1,1,1,0,0,0,0,9,8,4,6,4,5,21,15,6,video
17,F,1222.9159614740895,1016.256002814634,2239.1719642887238,0,1,1,1,0,1,1,1,0,1,0,1,1,1,0,1,1,0,1,0,1,1,1,1,0,0,1,0,1,1,0,1,0,0,1,0,0,1,0,1,1,0,0,1,1,0,1,1,1,0,0,0,0,0,0,0,0,1,1,0,7,6,7,4,6,2,20,12,8,video
17,F,1306.060032670463,1038.0887342952344,2344.148766965697,0,0,1,0,1,0,0,1,1,0,0,1,1,0,1,1,1,1,0,0,1,0,0,0,1,0,1,1,1,0,0,0,1,0,0,0,1,0,1,0,0,1,0,0,1,0,1,0,1,1,0,1,1,0,0,0,0,0,1,1,4,6,5,3,5,4,15,12,3,video
17,F,1232.376886608383,957.5141958985778,2189.8910825069606,1,0,1,0,1,1,1,0,0,0,0,0,1,1,1,1,0,1,1,1,0,1,1,0,0,1,1,1,0,1,1,0,1,0,1,0,0,1,1,0,0,0,1,0,0,1,1,0,1,0,0,1,0,1,1,0,0,1,1,1,5,7,6,5,4,6,18,15,3,video
17,F,1227.8908437163207,983.110006913732,2211.000850630053,0,0,0,1,1,1,0,0,0,0,1,1,1,1,0,0,0,0,0,1,1,0,1,1,1,0,1,0,0,0,0,0,0,0,1,0,1,1,0,1,1,1,1,1,1,1,1,1,1,0,1,0,1,1,1,1,1,1,1,0,3,5,5,4,9,8,13,21,-8,text
20,M,1284.8597051823483,993.312427890216,2278.172133072564,1,0,1,1,0,1,0,1,1,0,0,1,0,0,1,0,1,1,1,1,1,0,0,1,0,1,0,1,0,0,1,1,0,1,1,1,1,1,0,0,1,1,1,1,0,1,1,1,0,1,0,0,1,1,1,1,0,0,1,1,6,6,4,7,8,6,16,21,-5,text
18,F,1258.6759314404903,973.4275742181657,2232.103505658656,0,0,1,0,1,1,0,0,1,1,1,1,1,1,1,0,0,1,0,0,1,1,1,1,1,1,1,0,1,0,0,0,0,1,1,1,1,0,1,0,0,1,0,1,1,0,0,0,0,0,1,0,1,1,0,0,1,1,0,1,5,6,8,5,3,6,19,14,5,video
17,M,1295.0544678921249,973.4165862279565,2268.471054120081,1,0,1,0,0,0,0,1,0,1,1,1,1,0,0,1,0,0,1,1,0,1,1,1,1,0,1,1,1,1,0,0,0,1,1,1,0,1,0,0,1,0,1,1,1,1,0,0,0,0,0,0,0,1,0,0,1,1,0,0,4,6,8,4,5,3,18,12,6,video
17,M,1282.8566966892554,972.5569303266474,2255.413627015903,1,0,0,1,1,1,1,1,1,1,0,1,0,1,1,0,1,1,0,0,0,0,0,1,1,1,1,1,0,1,1,1,1,1,1,1,1,1,0,1,0,1,0,1,1,0,0,0,1,1,1,1,1,1,1,0,0,1,0,0,8,5,6,9,5,6,19,20,-1,equal
20,F,1276.51629153425,1018.0291516123123,2294.5454431465623,0,1,1,1,1,1,0,1,1,0,1,1,1,1,0,0,0,1,0,1,1,1,0,0,0,0,1,1,0,0,1,1,1,0,1,1,1,0,1,1,1,1,1,1,1,1,1,1,1,1,1,1,1,0,0,1,1,0,1,0,7,6,4,8,10,6,17,24,-7,text
20,M,1259.0676960142118,999.9766023878885,2259.0442984021,0,1,0,1,0,1,0,1,0,1,1,1,0,1,1,0,0,1,0,1,0,0,0,1,0,1,1,0,1,1,0,0,1,1,1,0,1,1,1,0,1,0,0,1,1,0,1,0,0,0,0,1,0,1,1,1,0,0,0,1,5,6,5,6,4,5,16,15,1,video
19,M,1218.975939456236,1016.2494427587379,2235.2253822149737,0,1,1,0,0,0,1,1,1,0,1,0,1,1,0,0,0,0,0,0,0,0,0,1,1,1,1,1,1,0,1,1,0,0,1,0,1,0,1,1,0,0,1,1,0,0,0,1,0,0,1,1,0,1,1,1,0,1,0,1,5,3,6,6,3,7,14,16,-2,text
17,M,1228.19045634554,983.5262553366205,2211.7167116821606,0,1,1,0,0,0,0,0,1,1,0,1,0,1,0,1,1,1,0,1,0,0,0,0,0,1,1,0,0,1,1,0,1,1,0,0,0,0,1,1,0,1,0,1,1,1,0,1,1,0,0,1,1,1,0,0,0,0,0,1,4,6,3,5,6,4,13,15,-2,text
19,M,1264.4793705149327,1004.6851240430992,2269.164494558032,0,1,1,1,1,1,1,0,1,1,1,1,1,1,1,0,1,1,1,1,0,1,1,1,1,1,0,1,1,0,1,0,0,0,0,1,1,0,1,1,1,0,0,1,0,0,0,0,1,1,1,0,1,0,1,1,0,0,1,1,8,9,7,5,4,6,24,15,9,video
20,M,1257.3314373292947,891.3389641998409,2148.6704015291357,0,0,1,1,1,0,0,1,0,0,1,0,0,1,0,1,0,0,1,1,0,1,1,1,0,0,1,0,1,0,1,0,0,1,1,1,1,1,0,0,1,1,1,1,0,1,1,1,1,1,0,0,1,0,0,0,0,0,1,1,4,5,5,6,9,3,14,18,-4,text
20,M,1223.528436322688,1037.5727437388525,2261.1011800615406,0,1,1,1,1,0,1,0,0,0,1,0,0,0,0,1,1,0,0,0,1,0,1,1,1,1,1,0,0,0,0,0,1,0,1,0,0,1,0,1,1,0,1,1,0,0,1,0,1,0,1,0,0,1,1,1,0,1,0,1,5,3,6,4,5,6,14,15,-1,text
18,F,1289.50439114189,960.0478946675036,2249.5522858093937,0,1,0,0,0,0,1,1,1,0,1,0,1,0,1,1,1,0,1,0,1,0,1,0,1,0,1,0,0,1,1,0,0,0,0,0,1,1,1,0,1,0,0,0,1,1,1,1,1,1,0,0,0,1,0,0,0,0,0,1,4,6,5,4,7,2,15,13,2,video
17,M,1227.256490740503,1027.6187251940087,2254.8752159345117,1,0,0,1,1,1,1,1,0,1,0,0,1,0,0,1,1,0,0,1,1,1,1,1,0,0,1,0,1,1,0,0,1,1,1,0,0,0,1,1,0,1,1,0,0,0,1,1,0,1,1,1,1,1,1,1,1,1,0,1,7,4,7,5,5,9,18,19,-1,text
19,M,1224.9876167632285,907.6425447402835,2132.6301615035118,1,1,1,0,1,0,1,1,1,0,1,0,0,0,1,0,1,0,1,1,1,1,1,0,0,1,1,1,1,0,1,1,1,1,1,1,1,1,1,1,1,0,1,0,0,1,0,0,1,1,1,0,1,0,1,0,1,0,0,1,7,5,7,10,5,5,19,20,-1,video
20,M,1271.1526157467215,919.9955398796321,2191.1481556263534,0,1,1,0,0,0,1,1,1,1,1,0,1,0,1,1,1,1,0,1,1,0,1,1,1,1,1,1,0,0,0,1,1,0,1,1,1,0,1,0,0,1,1,0,0,1,1,0,0,0,1,0,1,0,0,1,1,0,0,0,6,7,7,6,4,4,20,14,6,video
20,F,1224.1171686807045,996.898513369741,2221.0156820504453,1,1,1,0,1,0,0,1,0,1,1,1,1,0,1,1,0,1,1,1,0,0,1,0,1,1,1,0,1,0,0,1,0,0,1,0,0,0,1,1,0,1,1,0,1,1,1,0,1,0,0,1,1,1,0,0,0,1,1,1,6,8,5,4,6,6,19,16,3,video
19,M,1265.988757799503,1041.2594383878832,2307.2481961873864,1,1,1,0,1,1,1,0,0,0,1,0,0,1,1,1,1,0,0,0,1,0,1,1,0,1,0,0,0,1,0,0,0,0,1,0,0,1,0,0,1,1,1,0,0,1,0,1,1,1,1,1,0,0,1,1,1,1,1,0,6,5,5,2,7,7,16,16,0,text
18,F,1175.9095825505929,966.1260882593276,2142.0356708099207,0,0,0,0,0,1,0,0,0,0,1,1,1,1,1,1,1,0,1,1,1,1,1,1,0,1,0,0,0,1,1,1,1,0,1,1,1,1,0,1,0,1,1,0,0,1,1,1,0,0,1,1,1,0,1,1,0,1,1,1,1,9,6,8,5,8,16,21,-5,text
20,M,1224.4104552276567,1019.622434921118,2244.0328901487746,1,1,1,1,0,1,1,1,0,0,1,1,1,0,0,0,1,0,0,0,0,1,1,1,0,0,1,1,1,0,1,0,0,1,1,1,1,1,1,1,0,1,0,1,0,0,0,1,1,0,1,1,0,0,0,1,1,1,0,1,7,4,6,8,4,6,17,18,-1,equal
17,F,1228.4576738823896,965.2204378760722,2193.678111758462,1,1,1,1,0,0,1,0,1,0,1,1,1,1,1,0,0,1,0,1,0,0,0,1,1,1,1,0,1,1,1,0,1,0,1,1,1,0,1,0,1,0,0,1,1,1,0,0,0,1,1,1,0,1,1,0,0,1,0,1,6,7,6,6,5,6,19,17,2,video
20,F,1331.3042294280694,976.7819820888259,2308.086211516895,1,1,0,1,0,1,0,0,0,0,1,0,0,0,0,0,1,1,1,0,1,0,1,1,0,0,0,1,1,1,1,0,1,0,1,0,1,0,0,1,1,1,0,1,1,0,0,1,0,1,0,1,1,0,1,1,0,0,1,0,4,4,6,5,6,5,14,16,-2,text
17,M,1239.4216986456697,967.7643038229315,2207.186002468601,1,1,1,1,0,1,1,1,0,1,1,1,0,0,0,1,0,0,1,0,1,1,0,0,1,1,0,1,1,1,0,0,1,1,1,1,1,1,0,0,1,1,1,1,0,1,0,1,0,0,1,1,0,1,1,1,1,1,1,0,8,4,7,6,6,8,19,20,-1,text
19,M,1211.2508813160487,1020.4463968180643,2231.697278134113,0,0,1,1,1,1,0,1,1,0,1,1,1,0,1,1,1,0,1,0,0,0,1,1,1,1,0,1,1,1,1,1,1,1,0,0,0,1,1,1,1,1,0,1,1,0,0,1,1,0,1,0,1,1,1,0,0,0,0,1,6,7,7,7,6,5,20,18,2,video
17,F,1236.1600902148357,989.1172865736079,2225.2773767884437,0,1,1,1,0,1,1,1,0,0,0,0,1,0,1,1,1,1,1,1,0,0,1,1,0,0,0,1,1,1,0,0,0,1,0,1,0,1,0,0,1,1,1,0,0,1,0,1,1,1,1,0,0,1,0,0,1,1,0,0,6,7,5,3,7,4,18,14,4,video
19,M,1239.5014993216873,1025.0969257360825,2264.59842505777,0,1,1,1,0,1,0,0,0,1,0,1,1,0,1,1,1,1,1,1,1,0,1,1,1,0,0,0,1,1,1,1,0,1,0,1,1,1,1,1,1,0,1,0,0,0,1,0,0,1,1,1,1,0,0,0,1,0,0,1,5,8,6,8,4,5,19,17,2,video
17,F,1223.7910628486252,1047.3107086351204,2271.1017714837453,1,1,1,0,1,0,1,0,1,0,1,0,1,1,1,1,0,0,0,0,1,0,1,0,1,0,1,1,1,1,0,1,1,0,0,1,0,1,0,1,0,0,1,0,0,1,0,0,1,1,1,1,1,1,0,0,0,0,1,0,6,5,7,5,4,5,18,14,4,video
19,F,1260.6506520289092,951.6638502961649,2212.314502325074,1,1,0,1,0,1,1,1,1,1,1,1,0,1,1,0,0,1,0,0,1,1,0,1,1,1,0,0,0,0,1,1,1,1,1,0,0,1,1,0,1,0,1,1,1,1,1,1,0,1,1,0,0,1,1,1,0,0,0,0,8,5,5,7,8,4,18,19,-1,text
17,F,1310.9550406220183,980.476153985162,2291.4311946071803,1,1,0,0,1,1,1,1,1,1,0,1,0,1,1,0,0,1,0,0,1,1,0,1,1,1,1,0,1,1,1,1,0,1,0,1,1,0,0,0,0,1,0,0,1,0,0,0,1,0,1,1,0,0,1,1,1,0,1,0,8,4,8,5,3,6,20,14,6,video
18,F,1355.5046548232783,1003.1732740041354,2358.677928827414,1,0,0,0,0,1,1,1,0,0,0,0,1,1,1,1,1,1,1,0,1,0,1,1,0,1,0,1,1,1,1,0,0,0,1,0,1,1,1,1,1,0,1,0,1,0,1,1,1,0,0,0,1,1,1,1,0,1,1,1,4,7,7,6,6,7,18,19,-1,equal
17,F,1254.0521986908575,999.4451271383075,2253.4973258291648,1,1,0,1,1,1,1,0,0,1,1,1,0,1,0,1,0,1,1,0,0,0,0,0,1,0,0,1,0,1,1,0,1,1,0,1,1,0,0,0,0,0,1,1,0,1,1,0,1,1,0,0,1,1,1,1,0,0,1,0,7,6,3,5,6,5,16,16,0,text
17,M,1318.52755454654,979.0308994617351,2297.558454008275,1,0,1,1,1,1,1,0,0,0,1,0,0,1,0,0,1,0,0,1,0,1,1,0,1,0,1,1,1,1,0,0,1,1,0,0,1,0,0,0,1,0,0,0,0,1,1,1,1,1,1,0,0,1,0,1,1,0,1,0,6,4,7,3,6,5,17,14,3,video
18,F,1270.2910429676785,1002.8502938593259,2273.1413368270046,1,0,0,0,1,0,0,1,1,1,1,0,1,0,1,1,1,0,1,0,1,0,0,0,1,1,1,0,1,1,1,0,1,1,1,0,1,1,1,1,1,1,0,1,1,0,1,0,1,0,0,1,1,1,0,1,0,0,1,0,5,6,6,8,6,5,17,19,-2,equal
20,F,1315.763094872663,1043.9655440048657,2359.7286388775287,1,1,0,0,1,0,0,1,0,0,1,0,1,1,0,0,0,1,0,1,1,1,1,1,0,0,0,0,1,0,1,1,1,1,1,1,0,0,0,0,0,1,1,1,1,0,0,0,1,0,0,1,1,0,1,0,0,0,1,0,4,5,5,6,5,4,14,15,-1,equal
20,M,1250.6752562220954,991.252170035951,2241.9274262580466,0,1,0,1,1,1,0,0,1,1,0,0,1,1,0,1,1,1,0,0,1,1,1,1,1,1,1,1,0,0,0,1,1,1,0,1,1,0,1,0,0,1,1,1,1,0,1,1,1,1,1,0,1,1,0,0,1,1,1,1,6,5,8,6,8,7,19,21,-2,text
17,F,1299.9206468426635,941.6103684486292,2241.5310152912925,1,1,1,0,1,1,0,0,1,1,0,0,1,0,0,0,1,0,0,1,0,1,1,1,0,1,0,0,1,1,0,1,0,0,0,1,1,1,0,1,1,1,1,0,0,0,0,1,1,1,1,0,0,0,0,1,1,0,0,1,7,3,6,5,6,4,16,15,1,video
18,M,1272.1671049498354,998.6872222447269,2270.8543271945623,0,0,1,1,1,1,1,1,1,1,0,0,1,0,1,0,0,0,1,0,1,1,1,0,0,1,1,1,1,0,1,1,0,1,1,0,0,1,1,0,1,1,0,0,0,0,1,0,0,0,0,0,0,1,1,1,1,1,1,0,8,3,7,6,3,6,18,15,3,video
17,M,1213.2045003019111,1046.3850021657356,2259.5895024676465,1,1,1,0,1,0,1,0,1,1,1,1,1,1,1,1,0,0,1,1,1,1,0,0,1,1,0,1,1,0,1,1,1,1,0,1,1,0,1,1,1,0,0,0,1,1,1,1,1,1,0,0,1,0,0,0,1,0,0,0,7,8,6,8,7,2,21,17,4,video
19,M,1278.5915836921024,999.8209960589933,2278.4125797510956,1,1,0,1,0,1,0,0,1,0,0,1,0,0,1,1,1,1,1,1,1,1,1,1,1,0,1,1,1,1,0,1,1,0,1,1,1,0,0,0,0,1,0,1,1,0,1,1,1,0,1,1,0,1,1,0,0,0,0,1,5,7,9,5,6,5,21,16,5,video
19,F,1259.3810766474078,938.6162742736276,2197.9973509210354,1,0,1,0,1,1,0,0,0,0,1,0,1,0,1,1,0,1,1,1,0,0,0,0,1,1,1,1,1,1,0,1,1,1,0,1,1,1,1,0,1,0,0,0,0,1,1,0,0,1,0,1,1,1,1,1,1,1,0,1,4,7,6,7,4,8,17,19,-2,text
17,F,1234.237391642473,953.0303113426293,2187.2677029851025,1,0,1,0,0,0,0,1,0,0,1,0,1,0,1,0,0,0,0,1,1,0,1,1,1,1,0,1,0,0,1,0,0,0,0,1,1,1,0,0,1,1,1,0,1,0,0,0,0,1,0,0,1,1,1,0,0,0,0,1,3,4,6,4,5,4,13,13,0,video
20,F,1207.0087814089818,943.308812342497,2150.317593751479,1,1,1,0,1,1,0,1,0,0,1,0,1,0,0,1,1,0,1,0,1,1,0,1,0,1,1,0,1,0,0,0,1,0,1,0,1,0,1,1,1,1,1,1,0,1,0,0,0,1,1,1,1,1,0,1,1,1,0,0,6,5,6,5,6,7,17,18,-1,text
20,M,1222.9546109943558,980.0697559025374,2203.0243668968933,0,0,0,1,0,1,1,1,1,0,1,1,1,1,0,1,1,1,1,0,1,1,1,1,0,1,0,0,1,0,0,0,1,0,0,1,0,1,0,1,1,1,0,1,1,0,0,1,1,0,0,0,0,1,0,1,1,1,0,1,5,8,6,4,6,5,19,15,4,video
17,F,1247.9972775980793,992.0304136239358,2240.027691222015,0,0,1,1,1,1,0,0,1,0,0,1,1,1,0,0,1,1,0,0,1,1,0,1,1,0,1,0,1,1,0,1,0,1,0,0,1,0,0,1,1,0,1,1,0,1,0,1,1,0,0,1,1,1,0,1,1,0,0,0,5,5,7,4,6,5,17,15,2,video
17,M,1273.4557262162245,962.3853387627677,2235.841064978992,1,1,1,0,1,0,1,1,1,0,1,1,0,1,1,1,0,1,0,0,0,1,0,1,1,1,0,1,1,0,1,1,1,0,1,1,1,0,0,0,1,0,1,1,0,1,1,0,1,1,0,1,1,0,1,1,1,1,0,0,7,6,6,6,7,6,19,19,0,equal
19,F,1268.3240466988627,1011.2910177081559,2279.6150644070185,1,1,0,0,1,1,0,0,1,0,1,1,1,1,0,1,1,0,1,0,1,0,1,1,0,0,0,0,1,1,1,1,1,1,0,1,0,1,0,1,0,0,1,0,0,1,1,1,1,1,1,0,0,1,1,0,1,0,1,0,5,7,5,7,6,5,17,18,-1,equal
20,M,1231.1347421105634,965.5888502454253,2196.723592355989,0,0,0,0,1,1,1,0,0,1,1,1,0,0,1,0,1,1,0,0,0,1,1,1,1,1,1,1,1,0,1,0,1,1,1,1,1,1,1,0,0,0,1,1,0,1,0,0,1,1,0,0,1,1,0,1,1,0,0,1,4,5,8,8,5,5,17,18,-1,video
17,F,1273.311860182026,1020.2839218662792,2293.5957820483054,0,0,1,1,1,1,1,1,0,0,1,0,1,0,0,0,1,1,1,1,0,0,0,1,0,1,1,0,1,1,1,0,1,1,0,0,0,0,0,0,1,0,0,0,0,0,1,1,1,1,1,1,0,1,1,0,1,1,1,1,6,6,5,3,5,8,17,16,1,text
19,F,1247.785632598029,986.5398743244118,2234.3255069224406,1,0,0,1,0,0,0,0,0,0,1,1,1,1,1,1,1,1,1,0,0,1,1,1,1,1,0,1,0,0,0,0,0,0,1,0,0,0,1,1,1,1,0,1,1,0,1,1,0,0,0,0,1,1,1,1,0,1,1,0,2,9,6,3,6,6,17,15,2,video
20,F,1250.7588707854914,1004.9226393740043,2255.6815101594957,1,1,1,1,1,0,0,0,1,1,1,1,1,0,1,0,0,1,0,1,1,0,1,0,0,0,0,1,1,1,1,0,1,0,0,0,1,1,1,0,1,0,1,1,1,0,0,1,0,1,0,1,0,0,1,1,1,1,0,1,7,6,5,5,6,6,18,17,1,equal
18,M,1316.8398069953682,1020.1295693120092,2336.9693763073774,1,1,0,1,0,0,1,1,1,1,1,1,0,1,0,0,1,1,0,0,1,1,1,1,1,1,0,1,1,1,1,0,1,1,1,0,0,0,1,1,0,0,0,1,1,1,1,1,1,1,0,1,1,0,1,1,0,1,0,1,7,5,9,6,7,6,21,19,2,video
19,M,1245.1659574147207,1046.7279515729938,2291.8939089877144,0,1,0,1,1,1,0,1,0,0,0,1,0,1,1,1,0,1,1,1,1,1,1,1,1,0,1,1,1,0,1,0,0,0,1,1,1,1,1,1,1,1,1,0,1,1,1,0,0,0,0,1,1,0,1,1,0,1,0,1,5,7,8,7,6,6,20,19,1,video
20,F,1280.9622740961947,977.2191662739558,2258.1814403701505,1,1,1,0,1,1,1,1,1,0,1,0,1,1,1,1,0,1,0,0,1,0,1,1,0,1,1,0,0,1,0,0,0,1,0,0,1,0,1,1,1,0,1,0,1,1,0,1,1,1,0,0,0,1,1,0,0,0,0,1,8,6,6,4,7,3,20,14,6,video
20,F,1293.6303606652227,950.8612292818224,2244.491589947045,0,1,0,1,0,1,0,0,1,1,0,0,1,1,0,1,1,0,1,1,1,0,1,0,0,1,0,1,0,1,1,0,1,1,1,1,0,1,0,1,0,0,0,1,1,1,1,1,0,0,1,1,0,0,1,0,0,0,0,1,5,6,5,7,5,4,16,16,0,video
19,M,1267.6395618448887,949.7929097654862,2217.4324716103747,0,1,1,0,1,0,1,1,0,1,0,1,1,0,1,1,0,1,1,0,0,1,1,0,1,1,0,1,0,0,1,1,1,1,1,1,1,1,0,1,0,0,1,1,0,1,0,0,0,0,1,0,1,1,1,0,0,1,0,1,6,6,5,9,3,6,17,18,-1,equal
18,M,1263.0331001294935,957.308116923998,2220.3412170534916,0,0,1,1,0,1,0,1,0,1,1,1,0,1,0,1,1,0,1,1,1,0,0,1,1,1,0,1,0,1,1,0,1,1,1,1,1,1,1,1,0,0,1,1,1,1,0,0,1,1,1,0,0,1,1,1,0,1,1,1,5,7,6,9,6,7,18,22,-4,text
19,M,1325.8252924567123,1008.322563920612,2334.1478563773244,0,1,0,1,1,0,0,1,0,1,1,1,1,0,1,1,1,1,0,0,1,1,0,1,1,1,1,0,1,0,1,1,0,1,0,0,1,0,1,1,0,0,1,1,1,1,1,1,0,0,1,1,1,1,1,0,1,1,0,0,5,7,7,6,6,7,19,19,0,equal
20,F,1228.5467877481342,1008.0813277856457,2236.62811553378,1,1,0,0,0,1,0,1,1,0,0,0,0,1,1,0,1,1,1,1,0,1,1,0,1,0,1,0,1,1,1,1,0,1,1,1,1,1,0,1,0,1,1,0,0,0,1,1,0,0,0,0,1,0,1,0,0,1,0,0,5,6,6,8,4,3,17,15,2,video
17,M,1385.7766996892717,1044.1534198069915,2429.930119496263,1,1,0,1,0,1,0,0,1,1,0,1,1,0,0,0,0,1,0,1,1,0,1,1,0,1,1,1,1,0,1,0,1,0,1,1,1,1,0,1,0,1,1,0,0,0,1,0,1,0,0,0,0,0,0,0,1,1,1,0,6,4,7,7,4,3,17,14,3,video
17,F,1280.6737396408025,1005.7186309406852,2286.3923705814877,1,1,1,0,0,1,1,0,1,1,1,1,0,0,0,0,0,0,1,1,0,0,1,1,1,1,1,1,0,0,0,0,0,1,1,1,1,1,1,0,1,1,0,0,0,1,0,1,1,0,1,0,0,1,1,1,0,1,1,1,7,4,6,6,5,7,17,18,-1,text
19,M,1325.5284256716081,914.0643441560657,2239.5927698276737,0,0,1,1,1,0,1,0,1,0,1,0,1,1,0,0,1,0,0,0,1,1,1,0,0,0,1,1,0,1,1,0,0,1,1,1,0,1,1,1,1,0,1,1,0,0,1,1,0,1,0,1,1,1,1,1,0,1,0,0,5,4,6,7,6,6,15,19,-4,text
20,F,1200.6706619385277,996.3760650841336,2197.0467270226613,0,1,1,0,1,1,0,0,0,0,1,1,1,1,1,0,1,0,1,1,1,0,1,1,0,1,1,0,1,1,1,0,0,1,1,0,0,0,0,0,1,0,0,0,1,0,0,0,1,0,1,0,0,1,1,1,0,1,1,0,4,8,7,3,3,6,19,12,7,video
17,M,1237.9987892123702,1032.2949640543807,2270.293753266751,0,0,1,1,1,1,1,1,1,0,0,0,1,1,1,0,1,1,1,1,1,1,1,0,1,0,1,1,1,1,0,0,1,0,1,0,0,0,1,0,0,1,0,0,1,0,0,0,0,1,1,0,0,0,1,0,1,0,0,1,7,7,8,3,3,4,22,10,12,video
20,M,1304.3632167484234,960.9319439334541,2265.2951606818774,1,1,1,1,1,1,1,1,0,1,1,0,0,0,0,0,0,1,0,0,0,0,1,1,0,1,0,1,0,0,1,0,0,1,1,1,1,0,1,0,0,1,0,0,0,1,1,0,1,0,1,1,0,1,1,1,1,1,0,0,9,2,4,6,4,7,15,17,-2,text
19,M,1327.015846991689,1023.9304961446057,2350.9463431362947,1,1,1,0,0,1,1,0,0,1,1,0,1,0,1,0,1,0,1,1,1,0,1,1,1,1,1,1,0,0,1,0,0,0,0,1,1,1,0,0,0,0,1,0,1,0,1,1,1,0,0,1,1,1,1,1,0,0,0,1,6,6,7,4,5,6,19,15,4,video
17,M,1278.9001952295291,945.2258711395727,2224.126066369102,0,0,1,0,1,1,1,1,1,1,0,1,1,1,1,1,1,1,0,0,1,1,0,1,1,1,0,0,0,1,0,1,1,1,0,0,0,1,0,0,1,1,0,0,0,1,1,0,0,1,0,1,1,1,0,1,0,0,0,1,7,7,6,4,5,5,20,14,6,video
20,M,1264.734404260147,983.1070175776897,2247.8414218378366,1,1,0,0,1,1,1,1,1,1,0,1,1,1,1,1,0,1,0,1,1,1,0,1,1,1,0,1,1,1,0,0,1,1,0,1,1,0,0,1,1,1,1,1,1,1,0,1,1,0,1,0,0,0,1,1,1,1,0,0,8,7,8,5,8,5,23,18,5,video
17,F,1246.085639502474,980.8937485745156,2226.9793880769894,1,1,1,0,1,0,0,1,1,0,0,0,0,1,0,1,1,1,0,1,0,0,0,0,1,0,0,0,0,1,0,1,0,1,0,1,0,1,1,0,0,0,1,1,1,0,1,0,0,0,0,0,1,1,1,1,1,0,1,0,6,5,2,5,4,6,13,15,-2,text
19,M,1320.749861594722,977.0569068024996,2297.8067683972217,1,1,0,1,0,1,0,0,1,0,0,1,1,1,0,1,1,1,1,0,0,1,0,0,1,1,0,0,0,1,0,0,1,0,0,1,0,1,1,1,1,0,1,1,0,0,1,0,1,0,0,1,1,1,1,1,1,1,1,1,5,7,4,5,5,9,16,19,-3,text
20,M,1183.9842106111817,986.3746289252364,2170.358839536418,0,1,0,0,0,0,1,0,1,0,1,0,1,0,1,1,0,0,1,1,1,0,0,0,1,1,0,1,1,1,1,0,0,1,1,1,0,0,0,1,0,0,1,0,1,1,1,1,0,0,1,1,1,0,1,0,0,0,1,1,3,6,6,5,5,6,15,16,-1,equal
17,M,1271.1048487100065,946.1073483112758,2217.2121970212825,0,0,1,0,1,1,1,1,1,0,1,1,1,1,1,1,0,0,0,1,0,1,1,1,1,0,1,1,1,0,1,1,0,1,1,1,0,1,0,0,0,0,1,1,0,0,1,1,1,0,0,1,1,1,0,0,0,0,1,0,6,7,7,6,5,4,20,15,5,video
19,F,1238.6900780342448,977.0475221589207,2215.7376001931657,0,1,0,0,1,0,1,1,0,1,1,0,1,1,1,1,1,0,1,0,1,0,0,1,0,0,0,1,0,0,0,1,0,1,0,0,1,0,0,0,1,0,1,1,1,1,0,1,1,1,1,1,0,1,0,0,0,0,0,1,5,7,3,3,8,4,15,15,0,text
17,M,1339.0590596543966,1047.9323055351977,2386.991365189594,1,1,1,1,0,1,1,0,1,1,1,1,1,1,1,0,0,1,0,0,1,0,0,1,1,1,1,0,0,1,0,1,1,0,1,1,0,1,1,0,1,1,0,0,1,1,0,1,0,1,0,1,0,1,1,1,1,0,0,0,8,6,6,6,6,5,20,17,3,video
17,F,1306.0898453851587,938.760639213683,2244.850484598842,0,1,1,0,0,1,1,1,1,1,1,1,0,1,1,0,0,1,1,0,1,1,1,1,1,1,0,0,0,1,0,1,1,1,0,1,0,0,0,1,0,1,0,0,1,1,1,0,1,0,1,0,1,1,0,0,1,0,1,0,7,6,7,5,5,5,20,15,5,video
18,M,1238.9088619416625,988.0686617281161,2226.9775236697787,1,0,1,1,1,1,1,1,0,1,0,0,1,0,0,1,1,1,0,1,1,1,1,1,1,0,0,0,0,0,1,1,1,1,1,1,1,1,1,0,0,1,1,1,0,0,1,0,1,1,0,1,0,0,0,1,1,1,1,0,8,5,5,9,6,5,18,20,-2,text
18,M,1235.8341662357689,1027.149410628403,2262.983576864172,1,1,0,1,1,1,1,0,1,0,1,1,1,0,0,1,1,0,1,1,1,1,1,1,0,0,0,1,0,0,0,1,0,0,0,0,1,1,0,0,1,1,1,1,0,1,0,0,0,1,0,0,1,1,0,0,0,0,0,1,7,7,5,3,6,3,19,12,7,video
19,F,1224.1142713568267,969.8245754346075,2193.938846791434,0,1,1,0,0,0,0,1,1,0,1,1,0,1,0,0,1,1,1,0,1,1,0,1,1,1,1,0,1,1,1,1,1,1,1,0,1,0,0,0,0,1,0,1,0,0,1,0,0,0,1,0,1,1,0,0,1,1,0,1,4,6,8,6,3,6,18,15,3,video
18,M,1294.7953735111464,1011.5594456941847,2306.3548192053313,0,0,1,0,0,1,0,0,1,0,0,0,1,1,0,1,0,1,1,0,1,1,1,0,0,0,1,1,0,0,1,1,0,0,0,1,0,0,1,1,0,1,0,1,0,1,1,0,0,1,1,0,0,1,0,1,0,0,1,1,3,5,5,5,5,5,13,15,-2,text
19,F,1266.5763314939436,940.2273433786461,2206.80367487259,1,0,1,1,0,1,1,1,1,0,1,0,1,0,1,0,0,0,0,1,1,0,0,1,1,0,0,0,1,1,1,0,0,1,1,0,1,0,0,1,0,0,0,1,0,1,1,0,1,0,1,1,1,0,0,0,0,1,1,1,7,4,5,5,4,6,16,15,1,equal
18,F,1292.7403666298715,962.7709310770339,2255.511297706905,1,1,0,0,1,1,1,0,1,1,0,0,0,1,1,1,0,0,0,1,0,1,1,1,0,1,0,0,1,0,1,0,1,0,1,0,1,1,0,1,0,1,0,0,0,1,0,1,1,1,0,0,1,0,1,0,1,1,1,0,7,4,5,6,5,5,16,16,0,equal
17,M,1176.064789490223,946.7182668754136,2122.7830563656366,1,1,0,0,1,0,0,1,1,0,1,0,0,1,0,1,0,1,0,1,0,1,1,1,0,1,0,0,0,1,1,1,0,1,1,0,0,0,1,1,0,1,1,1,0,1,0,1,0,1,1,0,0,1,1,0,1,0,0,0,5,5,5,6,6,4,15,16,-1,equal
19,F,1273.99100676883,909.2962705492046,2183.2872773180343,0,1,0,0,1,1,1,1,0,1,0,1,0,0,0,1,0,1,1,0,0,1,1,1,1,1,0,1,0,1,1,1,1,1,1,1,1,1,1,0,0,0,1,0,0,0,1,0,1,1,1,1,0,0,0,1,0,1,1,0,6,4,7,9,4,5,17,18,-1,video
19,M,1248.6600158872127,1034.7369986055696,2283.3970144927825,0,1,0,1,1,1,0,0,1,1,1,1,0,0,0,0,0,1,1,1,1,0,0,0,1,1,0,0,1,0,0,0,1,0,0,1,0,1,1,0,1,1,1,1,1,0,1,1,1,0,0,0,1,1,0,1,0,1,1,1,6,5,4,4,8,6,15,18,-3,text
17,M,1268.8426587357746,948.4380913172905,2217.2807500530653,0,1,1,0,0,1,0,0,0,1,0,1,0,0,1,1,0,0,1,1,1,1,0,0,0,1,0,1,0,1,1,1,1,0,0,0,0,0,1,0,1,0,1,0,0,1,0,0,0,0,0,1,1,1,1,1,0,1,1,0,4,5,5,4,3,7,14,14,0,text
19,F,1209.7228952799564,979.4136296890272,2189.1365249689834,1,1,1,0,0,0,0,1,1,0,1,1,0,1,1,1,1,1,1,1,1,1,0,1,1,1,1,1,1,0,1,1,1,1,0,0,1,1,1,0,0,1,0,1,0,1,1,1,1,0,0,1,1,1,1,1,1,0,0,1,5,9,8,7,6,7,22,20,2,video
19,F,1210.70566011495,1016.6711897967564,2227.3768499117064,0,0,1,1,1,0,1,1,1,0,0,0,1,1,0,1,1,0,0,0,0,1,1,0,0,0,0,0,1,0,0,0,1,1,0,0,1,0,1,1,0,0,0,0,1,1,1,1,0,1,1,0,1,1,0,0,0,0,1,1,6,4,3,5,5,5,13,15,-2,text
18,F,1228.8341530527675,1024.7013785737247,2253.5355316264922,0,1,1,0,1,0,1,0,1,1,1,1,1,1,0,1,0,0,0,1,1,1,0,0,1,1,1,1,1,0,1,0,1,0,1,0,1,0,0,0,0,1,1,1,1,0,0,1,0,0,0,0,0,1,1,1,0,1,1,0,6,6,7,4,5,5,19,14,5,video
19,F,1233.1687412905499,1021.2166446045561,2254.385385895106,1,0,0,0,1,1,1,0,1,1,0,1,0,1,1,1,1,0,1,1,0,0,1,1,1,1,1,1,0,1,0,0,1,1,1,0,1,1,0,1,0,0,0,0,1,1,1,1,0,0,0,1,0,0,1,1,1,1,1,0,6,7,7,6,4,6,20,16,4,video
20,M,1250.3126810228084,994.1040397308151,2244.4167207536234,0,0,0,1,0,0,1,1,1,0,0,1,0,1,0,1,0,1,1,0,1,1,0,1,0,1,1,1,0,1,0,0,1,0,0,1,0,0,0,1,1,1,0,0,1,0,1,0,0,0,1,1,1,0,0,0,1,0,1,1,4,5,7,3,4,6,16,13,3,video
17,M,1272.9970546471388,992.8458604759776,2265.8429151231167,0,0,1,0,0,1,1,1,0,0,1,1,0,1,0,1,0,0,1,1,1,1,1,0,1,1,0,0,1,0,1,1,1,1,0,1,1,1,1,0,0,1,0,1,1,0,0,1,1,0,0,0,0,0,0,0,0,0,0,1,4,6,6,8,5,1,16,14,2,video
18,F,1295.5662818569194,1024.951569036788,2320.5178508937074,0,0,1,1,0,0,0,1,0,0,1,1,0,0,1,0,0,0,0,0,1,1,0,1,0,0,1,0,1,1,0,0,1,1,1,0,0,1,1,0,0,1,0,0,0,0,1,1,0,0,1,0,0,0,0,1,1,1,1,0,3,3,6,5,3,5,12,13,-1,equal
18,M,1267.344480101784,1008.8488407533948,2276.193320855179,1,0,1,0,1,1,1,0,1,1,0,1,1,1,1,0,1,1,0,0,0,0,1,0,1,0,1,1,0,0,1,1,0,0,0,0,1,1,1,1,1,1,1,1,1,0,0,1,1,0,1,0,1,1,0,1,1,0,0,0,7,6,4,6,7,5,17,18,-1,text
20,M,1203.261122778525,1026.3138988839796,2229.5750216625047,0,1,1,1,1,1,1,1,1,0,0,1,1,1,1,0,0,0,1,0,1,1,1,0,1,1,0,1,1,1,0,0,1,1,1,1,0,1,1,1,1,1,1,0,0,0,0,0,1,0,1,1,0,1,1,1,1,0,1,0,8,5,8,7,4,7,21,18,3,video
17,M,1298.2288976140833,996.5772795578753,2294.8061771719586,1,0,1,1,1,0,1,0,1,1,0,1,1,1,1,1,0,0,1,1,0,1,0,0,0,0,0,0,1,0,1,1,1,0,0,1,0,0,1,1,0,1,1,1,1,1,0,0,0,0,1,1,0,1,0,1,1,1,0,0,7,7,2,6,5,6,16,17,-1,text
17,M,1268.735029327659,987.4286325690082,2256.1636618966672,1,1,1,0,1,0,0,1,0,0,0,1,0,0,1,1,1,0,1,1,0,1,0,1,1,1,0,0,0,0,0,0,1,1,1,1,0,0,0,0,0,0,1,0,0,0,1,1,1,1,1,1,1,1,0,1,1,1,1,0,5,6,4,4,5,8,15,17,-2,text
18,F,1283.499401614295,927.1058758852527,2210.605277499548,1,1,1,0,0,1,0,0,1,0,1,0,1,1,1,0,0,1,0,0,0,1,1,0,1,1,1,1,1,0,1,0,1,1,0,0,1,0,0,1,0,0,1,0,1,1,1,0,0,1,1,1,1,0,0,1,1,1,1,0,5,5,7,5,5,7,17,17,0,equal
19,F,1270.6110870494176,1015.1400402066924,2285.75112725611,1,1,1,0,0,0,1,1,0,0,0,1,1,1,0,1,1,1,1,1,1,0,1,1,1,1,0,1,0,1,1,1,0,0,1,1,0,1,0,0,1,1,1,0,0,0,1,1,1,0,0,1,1,0,1,0,1,1,1,1,5,8,7,5,6,7,20,18,2,video
18,M,1230.6132036166032,992.9707655241049,2223.583969140708,0,1,1,0,1,1,0,1,1,0,0,0,1,1,1,1,0,1,1,0,0,0,0,0,1,1,1,1,0,1,1,1,1,1,1,1,1,0,1,1,1,0,1,1,0,1,0,0,0,0,1,0,1,1,1,1,1,1,1,1,6,6,5,9,4,9,17,22,-5,text
17,F,1275.2688880891967,997.2723983268191,2272.5412864160157,1,1,1,0,0,1,1,0,0,1,0,0,0,0,0,1,0,0,0,0,1,1,1,0,1,1,1,0,0,0,0,1,1,0,0,1,0,1,1,0,1,0,1,0,0,1,0,0,0,1,1,0,1,1,1,0,1,0,1,1,6,1,6,5,4,7,13,16,-3,text
20,F,1303.232685453429,1004.0598928362098,2307.2925782896386,0,0,0,1,1,0,0,0,1,1,1,1,1,1,1,0,0,0,0,1,0,1,1,1,1,0,1,0,0,1,0,1,0,1,1,0,1,1,1,0,0,0,1,1,1,1,1,0,0,0,1,1,1,0,0,0,0,0,1,1,4,6,6,6,5,5,16,16,0,video
18,F,1257.9241844810833,944.4540655336641,2202.378250014747,1,0,1,1,0,0,0,1,1,1,1,1,1,0,0,0,0,1,1,0,0,1,1,0,1,1,1,0,1,0,0,0,0,1,1,1,1,0,1,0,1,1,1,1,0,1,1,0,1,1,1,0,0,0,0,1,1,0,0,0,6,5,6,5,8,3,17,16,1,video
17,M,1233.4660170903994,971.6469227559037,2205.112939846303,1,1,0,1,1,1,0,1,1,0,1,1,0,1,1,0,0,1,0,0,1,1,1,0,1,0,0,1,1,0,1,1,1,1,1,0,1,1,0,1,1,0,0,1,0,1,0,1,1,1,0,0,0,1,0,1,1,1,1,1,7,5,6,8,6,6,18,20,-2,text
18,M,1267.5349703362297,984.6026649655881,2252.1376353018177,1,1,0,1,1,1,1,1,0,0,1,1,1,1,1,1,0,1,1,1,1,0,1,0,1,0,0,1,1,0,0,1,1,0,1,1,1,1,0,0,1,1,1,1,1,1,0,1,1,1,1,1,0,1,1,1,1,1,1,1,7,9,5,6,9,9,21,24,-3,text
19,M,1219.8776506186775,970.7878124983635,2190.665463117041,1,0,1,1,1,0,1,1,0,1,1,1,0,0,1,1,0,0,1,1,1,0,0,1,1,1,1,1,0,1,1,0,1,0,0,0,1,0,1,1,0,1,1,0,1,0,1,0,0,0,0,1,1,0,0,1,0,1,1,1,7,6,7,5,4,6,20,15,5,video
18,F,1245.7920581074698,1059.7608574009018,2305.5529155083714,0,1,0,1,1,0,1,0,0,1,1,0,0,0,1,0,0,0,0,1,1,0,0,1,0,0,0,0,0,0,0,0,0,0,1,1,0,1,0,1,1,0,0,1,1,0,0,0,1,1,1,1,1,1,0,1,0,0,1,1,5,3,2,4,5,7,10,16,-6,text
18,M,1290.564308439767,1007.3036622165265,2297.8679706562934,0,1,1,1,1,1,0,0,1,0,1,1,0,1,0,1,1,0,1,0,1,1,0,0,1,1,0,1,1,0,1,0,0,1,0,1,1,0,0,1,1,1,1,0,0,1,0,0,1,1,1,0,0,1,0,1,0,1,1,0,6,6,6,5,6,5,18,16,2,video
17,M,1276.797093197588,985.8797755095231,2262.676868707111,1,1,1,0,0,0,1,1,1,1,1,1,0,0,1,0,0,1,1,0,1,1,1,1,0,0,1,0,0,0,1,0,0,0,0,1,0,0,1,1,0,1,0,1,1,0,1,0,1,0,0,1,1,1,1,0,1,0,1,1,7,5,5,4,5,7,17,16,1,text
17,F,1273.3000341175584,967.7786007952504,2241.078634912809,1,0,1,1,1,1,1,1,0,1,0,0,1,1,0,1,0,0,1,1,1,0,0,0,1,1,1,0,1,1,1,1,1,1,0,0,1,0,0,0,1,0,1,1,1,0,1,1,0,0,1,0,0,1,1,1,0,0,1,1,8,5,6,5,6,6,19,17,2,equal
17,M,1343.3857041954138,1035.3709419422419,2378.7566461376555,0,1,1,1,1,0,1,1,1,1,1,1,0,1,0,1,0,1,1,0,1,1,1,1,1,1,0,0,0,1,0,0,1,1,0,1,0,0,0,1,0,1,0,1,1,1,0,0,0,1,1,1,1,0,1,1,0,0,0,0,8,6,7,4,5,5,21,14,7,video
18,M,1249.834677625227,985.5853970429091,2235.4200746681363,1,0,1,0,1,1,0,0,0,0,0,1,0,0,0,1,0,1,1,1,1,1,0,0,1,0,1,1,1,0,1,0,1,1,1,1,1,1,0,0,0,0,0,1,1,1,0,0,1,1,1,1,0,1,0,0,1,0,0,0,4,5,6,7,5,4,15,16,-1,video
19,F,1251.9832943109172,1013.2487082601983,2265.2320025711156,1,1,1,0,0,1,1,0,0,1,0,0,1,1,1,0,1,1,0,0,1,1,1,0,0,1,0,0,1,0,0,1,0,1,0,1,0,1,1,0,0,0,1,0,0,1,0,1,0,1,0,0,0,0,0,1,1,1,1,1,6,5,5,5,4,5,16,14,2,video
20,F,1252.8377419164378,1034.5716559227685,2287.4093978392066,1,0,1,1,1,0,1,1,0,0,0,1,0,1,1,1,1,1,1,0,1,1,1,0,1,1,1,0,1,1,0,1,0,1,1,1,1,1,0,1,1,1,1,0,1,1,1,0,1,1,0,0,1,1,0,1,0,0,1,0,6,7,8,7,8,4,21,19,2,video
20,F,1217.2562099724032,1043.7413700063196,2260.9975799787226,1,0,1,0,1,0,0,0,1,1,1,0,0,1,0,1,0,1,1,1,0,0,1,1,1,1,1,1,1,0,1,0,0,1,1,1,1,0,0,1,0,1,1,0,1,1,0,1,0,1,1,1,0,0,0,1,1,1,1,1,5,6,7,6,6,7,18,19,-1,equal
17,M,1262.9695915321597,975.6468054897097,2238.6163970218695,0,1,0,1,0,1,0,1,1,0,1,1,0,0,1,1,1,0,1,0,1,1,1,1,0,1,0,1,1,1,1,1,0,0,1,1,0,0,0,1,0,0,1,0,0,1,1,0,1,1,0,1,1,1,1,0,1,1,1,1,5,6,8,5,5,8,19,18,1,video
17,M,1199.2813378315677,1025.2059617232198,2224.4872995547876,0,0,1,0,1,0,0,0,0,0,0,1,1,0,0,1,1,0,0,1,1,1,1,0,0,1,1,0,1,1,0,1,1,1,0,1,0,1,1,1,1,1,1,1,1,0,1,1,1,0,1,1,1,0,0,0,1,0,0,1,2,5,7,7,8,5,14,20,-6,text
18,M,1172.8417788441855,1008.2648922566141,2181.1066711007998,0,0,1,0,1,1,1,1,1,1,0,0,1,1,1,1,1,0,1,1,1,1,0,1,1,0,1,1,0,0,0,0,1,0,1,1,1,1,0,0,1,0,0,1,1,0,0,0,1,1,0,0,0,1,1,1,1,1,0,1,7,7,6,5,5,6,20,16,4,video
20,F,1219.5490817457708,883.9210362237671,2103.470117969538,1,1,0,1,1,1,1,1,1,0,1,1,1,0,1,1,1,1,0,0,1,0,1,1,1,0,1,1,1,1,1,0,1,1,1,0,1,0,0,0,1,0,0,0,0,0,1,1,1,1,0,1,1,1,0,0,0,0,0,0,8,7,8,5,5,3,23,13,10,video
17,F,1222.754145586212,1002.4854989200851,2225.239644506297,0,0,0,0,0,1,1,1,1,1,1,1,1,0,1,1,0,1,1,1,0,0,0,1,1,1,0,0,1,0,1,0,0,0,1,0,0,0,0,1,1,1,0,1,0,0,0,1,1,0,0,1,0,1,1,1,1,1,0,1,5,8,4,3,5,7,17,15,2,equal
19,M,1277.1189233610933,979.105414734131,2256.224338095224,1,0,0,1,0,1,1,0,1,1,0,0,1,1,0,1,0,1,1,1,1,0,1,1,0,1,1,1,1,1,1,1,0,1,0,1,1,1,0,1,1,1,0,0,0,1,0,1,0,0,0,0,1,1,1,0,1,1,1,0,6,6,8,7,4,6,20,17,3,video
19,M,1298.5074409832464,1057.4396298166214,2355.947070799868,1,1,0,1,0,0,1,1,1,1,0,1,0,0,1,1,1,0,0,1,1,1,0,0,1,1,1,1,0,1,1,1,1,1,1,1,1,1,0,0,1,1,1,1,1,0,1,0,1,1,0,1,1,1,1,0,1,0,0,1,7,5,7,8,8,6,19,22,-3,text
17,F,1273.4061344127306,932.0361980219288,2205.4423324346594,0,1,1,1,0,0,1,1,1,1,0,1,1,0,1,1,1,0,1,1,0,1,0,0,0,0,1,1,0,1,1,0,1,1,0,1,0,1,0,0,1,1,1,1,0,0,0,0,0,0,0,1,0,0,1,0,1,1,1,1,7,7,4,5,4,6,18,15,3,video
17,F,1279.1922707093906,930.2869912252535,2209.479261934644,0,0,1,1,0,0,0,0,0,0,1,0,1,1,1,1,1,1,1,1,1,0,0,0,1,0,1,1,0,0,1,0,0,0,0,1,1,0,0,0,1,1,0,0,1,1,1,1,1,0,0,0,0,0,1,1,1,0,0,1,2,9,4,3,7,4,15,14,1,video
20,F,1295.9683360412853,996.3895715797509,2292.3579076210362,0,0,1,0,0,0,0,1,1,1,1,1,1,0,0,0,1,1,0,1,0,0,1,0,1,0,1,1,0,0,1,1,0,1,0,1,0,1,1,1,0,1,0,1,0,1,1,1,1,1,1,0,0,1,0,0,0,0,1,1,4,6,4,7,7,4,14,18,-4,text
20,F,1225.44300261413,1018.2830007557353,2243.7260033698653,0,1,0,0,0,0,0,0,1,1,1,0,0,0,1,1,1,1,1,0,1,1,1,0,0,1,0,1,1,1,1,0,1,0,0,1,0,1,1,1,1,0,1,0,0,1,1,1,1,1,1,1,1,1,0,0,1,0,1,1,3,6,7,6,7,7,16,20,-4,text
18,M,1308.085048277756,999.9042113670513,2307.989259644807,1,0,0,0,1,1,1,1,1,1,0,0,1,1,1,1,1,1,0,0,1,0,1,0,1,1,1,1,1,0,1,0,1,1,0,0,1,1,0,1,1,0,0,1,0,0,1,1,1,0,0,1,0,0,1,1,0,1,0,1,7,6,7,6,5,5,20,16,4,video
20,F,1256.094210959867,938.6512028736985,2194.7454138335656,0,1,1,0,0,0,1,0,0,1,1,0,0,1,0,1,1,1,0,1,1,1,1,0,1,0,0,1,0,1,1,0,0,0,1,1,1,0,1,0,1,1,1,0,1,1,1,0,0,0,1,1,1,0,1,0,1,0,1,1,4,6,6,5,6,7,16,18,-2,text
19,M,1235.2016338556202,1002.4244783318978,2237.626112187518,1,0,0,1,1,0,0,1,1,1,1,1,1,1,0,1,0,1,1,1,0,1,1,1,1,1,0,1,0,0,0,1,0,0,1,1,1,1,1,1,0,1,1,1,0,1,1,1,0,1,0,1,0,0,0,0,1,1,0,1,6,8,6,7,7,4,20,18,2,video
19,M,1251.1418567452795,1016.1980197170315,2267.3398764623107,1,0,0,0,1,0,0,1,1,0,0,1,0,1,1,1,1,0,1,0,1,1,1,1,0,1,0,1,1,1,1,0,1,1,0,0,0,1,1,0,0,1,0,1,1,1,0,1,1,0,1,1,1,1,1,0,1,0,0,0,4,6,8,5,6,6,18,17,1,video
17,M,1207.0470788870512,1026.931467436267,2233.9785463233184,0,1,0,0,1,1,1,0,1,1,1,0,0,0,0,1,1,0,0,1,1,0,1,1,0,0,1,1,1,0,0,0,0,0,1,0,0,1,0,1,1,1,1,1,0,1,1,0,1,0,0,0,1,0,1,1,0,0,1,0,6,4,6,3,7,4,16,14,2,video
20,F,1236.1477597557482,915.2010997241978,2151.348859479946,0,0,1,1,0,1,0,0,1,0,1,0,1,0,0,1,1,1,1,0,1,1,1,0,0,1,0,0,1,0,1,1,0,0,0,0,1,1,0,0,1,0,0,0,1,0,1,1,1,1,1,1,0,1,0,0,1,1,0,1,4,6,5,4,6,6,15,16,-1,text
18,F,1187.4716852748538,944.5213331254163,2131.99301840027,1,1,1,1,0,1,1,1,0,0,1,0,0,1,0,1,1,1,1,0,1,0,1,0,1,0,1,0,0,0,1,0,1,0,0,0,1,1,0,0,0,0,0,0,1,0,1,1,0,0,1,0,1,1,0,1,0,1,0,0,7,6,4,4,3,5,17,12,5,video
19,F,1222.9346972044486,1022.2253652940007,2245.1600624984494,1,1,0,1,1,1,1,1,1,1,1,1,1,0,1,0,1,1,1,1,0,1,0,0,1,1,1,0,0,0,1,0,0,1,1,0,1,0,1,1,0,1,1,1,0,1,1,0,0,0,1,1,0,1,1,1,1,0,1,1,9,8,4,6,5,8,21,19,2,text
19,F,1335.8624897327347,967.6881678581577,2303.5506575908926,1,0,0,1,0,1,1,0,1,1,1,1,1,0,1,1,0,1,1,1,1,1,1,1,0,1,0,0,1,0,1,1,1,0,1,1,1,1,0,0,0,1,1,1,0,1,1,1,1,0,1,1,1,0,1,0,0,1,1,0,6,8,6,7,7,6,20,20,0,equal
18,M,1257.1586252581396,966.7060279300969,2223.8646531882364,1,1,1,0,1,1,1,0,1,1,1,0,1,1,0,1,0,0,0,1,1,1,0,0,1,0,0,1,1,1,1,1,1,1,0,0,1,0,0,1,1,0,1,1,1,1,0,1,1,1,0,1,0,1,1,1,0,1,0,1,8,5,6,6,8,6,19,20,-1,text
18,F,1269.6881230198342,1031.6607803516406,2301.348903371475,1,0,0,1,1,1,0,0,1,0,1,1,0,1,1,1,1,1,1,0,1,1,1,0,1,0,1,1,1,0,0,1,1,1,1,0,1,0,1,0,0,0,1,0,1,1,0,1,0,0,0,1,0,1,1,0,0,0,1,0,5,8,7,6,4,4,20,14,6,video
19,F,1222.595342663612,954.5622735925356,2177.157616256148,1,1,1,1,1,1,1,1,1,1,0,1,1,1,1,0,0,0,1,1,1,1,1,1,0,1,0,1,0,1,0,1,1,1,1,1,1,1,0,0,1,1,1,0,0,1,0,0,1,1,0,1,0,0,0,0,1,0,1,1,10,6,7,7,6,4,23,17,6,video
19,M,1229.0786917026933,974.3720953788561,2203.4507870815496,0,1,1,1,0,0,1,0,1,1,1,0,1,1,1,1,1,1,1,1,1,1,0,1,0,1,1,1,0,0,0,1,1,0,1,1,1,1,1,0,1,1,1,1,1,1,0,1,1,0,1,1,0,1,1,0,0,0,0,1,6,9,6,7,8,5,21,20,1,video
18,F,1232.646241546725,965.1365285998291,2197.782770146554,1,1,0,1,0,1,0,1,1,0,1,1,1,1,1,0,0,1,0,1,0,1,0,0,1,1,1,1,1,1,0,0,0,0,1,1,0,0,0,1,1,1,0,1,0,0,0,0,0,0,1,0,1,1,0,1,0,1,0,0,6,7,7,3,3,5,20,11,9,video
19,M,1252.548431890706,981.8322115992006,2234.3806434899066,0,0,1,1,0,0,1,1,0,0,1,0,0,1,0,1,0,1,1,0,0,0,1,1,0,0,0,1,1,1,0,1,1,0,0,1,0,1,1,0,1,1,0,0,0,1,0,0,0,1,1,0,1,1,1,1,1,0,0,1,4,5,5,5,4,7,14,16,-2,text
17,M,1257.4286059655574,959.7619278183056,2217.190533783863,0,0,1,1,1,0,1,0,1,1,1,0,1,0,0,1,1,0,1,1,0,0,1,1,0,1,1,1,1,0,0,1,1,1,1,1,0,0,1,1,1,0,1,0,1,1,0,1,0,0,0,0,0,1,0,0,1,1,1,1,6,6,6,7,5,5,18,17,1,video
17,M,1260.8425755548535,1034.796327697912,2295.6389032527654,0,0,0,1,1,0,1,1,1,1,1,1,1,1,1,1,0,0,1,0,0,1,1,0,0,1,0,1,1,1,1,1,0,1,0,0,1,1,0,0,0,0,0,1,1,1,0,1,0,1,1,0,0,1,0,1,0,0,1,0,6,7,6,5,5,4,19,14,5,video
18,M,1280.0118075326686,979.5919753429637,2259.6037828756325,1,1,0,1,1,1,1,0,1,1,1,1,1,1,1,1,0,1,1,0,0,1,0,0,1,1,1,1,1,0,0,1,0,0,0,0,1,1,1,0,0,1,1,1,1,1,0,1,0,0,0,1,0,1,0,0,0,0,1,0,8,8,6,4,6,3,22,13,9,video
20,M,1247.575866091072,1007.7604202278822,2255.336286318954,0,1,1,1,0,0,1,0,1,0,1,1,1,0,1,0,1,1,1,0,0,0,0,0,0,1,0,0,1,0,0,1,0,1,0,1,1,1,1,0,1,0,0,1,1,0,0,1,1,0,1,0,1,1,0,1,1,1,0,1,5,7,2,6,5,7,14,18,-4,text
18,M,1221.5065411566347,1047.209717293883,2268.7162584505177,1,1,0,1,1,0,1,1,0,1,1,1,1,1,0,1,1,0,0,1,1,0,0,0,1,1,1,0,0,1,1,1,1,1,0,1,0,1,1,1,1,1,0,0,1,0,1,1,1,1,1,0,1,1,0,1,0,1,1,0,7,7,5,8,7,6,19,21,-2,text
18,M,1257.559669370449,998.8858355569391,2256.4455049273884,1,0,1,1,0,1,1,1,1,1,0,1,0,1,1,0,1,0,1,1,1,0,1,0,1,1,1,1,1,0,1,0,1,1,1,1,1,1,1,1,0,1,0,0,1,1,1,1,1,1,1,1,1,1,1,0,0,1,0,1,8,6,7,9,7,7,21,23,-2,text
20,M,1214.0959151348782,986.0083382786779,2200.104253413556,1,1,0,1,1,1,1,1,1,1,0,0,0,1,1,1,1,1,1,1,0,1,0,0,1,1,1,0,1,1,1,1,1,0,0,0,1,1,1,0,1,0,1,0,1,0,1,0,0,0,1,0,0,0,1,0,1,1,1,1,9,7,6,6,4,6,22,16,6,video
20,F,1197.1149868472999,944.6657975581545,2141.780784405454,1,1,0,1,1,1,0,0,0,0,0,1,1,1,1,1,1,1,0,1,1,0,1,0,1,0,0,1,0,1,1,1,0,0,0,0,1,1,0,0,0,1,1,1,1,0,1,0,1,1,0,1,1,1,1,0,1,0,1,1,5,8,5,4,7,7,18,18,0,text
20,F,1204.3787505110936,977.0938658337132,2181.4726163448067,1,0,0,1,1,0,1,0,0,1,1,1,0,0,1,1,0,1,0,1,0,0,1,0,1,1,1,0,0,0,0,1,0,1,0,0,1,1,0,1,0,0,0,0,1,0,1,1,0,1,0,0,0,1,0,1,1,0,0,0,5,6,4,5,4,3,15,12,3,video
17,F,1258.011246005426,968.2955548605287,2226.3068008659548,0,1,1,1,0,0,1,0,1,1,1,0,1,0,1,1,1,0,1,0,1,1,0,1,0,1,0,0,0,1,1,0,0,1,1,1,1,1,1,0,1,0,1,1,1,0,1,1,0,1,0,1,0,1,1,1,1,0,0,0,6,6,5,7,7,5,17,19,-2,text
19,F,1337.742774813969,1067.3534493773966,2405.0962241913658,0,1,1,1,1,0,0,1,0,1,0,0,0,1,0,1,0,1,0,1,0,1,0,0,0,0,1,0,1,0,1,0,1,1,1,0,1,1,0,1,0,0,1,0,1,1,0,0,1,1,1,0,0,1,0,0,1,1,1,0,6,4,3,7,5,5,13,17,-4,text
17,M,1291.206308283731,1001.283593499527,2292.489901783258,0,1,0,0,1,1,1,0,1,1,1,1,0,1,0,1,1,1,0,1,1,1,1,0,0,1,1,0,1,1,1,0,0,1,0,1,0,0,0,0,1,1,0,1,0,0,1,1,1,1,1,0,1,1,1,1,0,1,1,0,6,7,7,3,7,7,20,17,3,video
19,F,1280.4424480866526,1001.8360880876702,2282.2785361743227,1,1,1,1,1,1,0,0,0,0,1,1,0,1,1,1,1,0,0,0,0,1,0,1,0,1,0,0,1,1,1,1,0,0,1,0,1,1,0,0,1,1,0,0,0,0,1,0,0,1,1,1,1,1,1,1,0,1,0,0,6,6,5,5,4,7,17,16,1,equal
17,M,1341.2429864223345,1023.6665211540236,2364.909507576358,1,1,1,0,1,1,0,1,1,0,0,1,1,1,1,1,0,0,1,1,1,1,0,0,1,1,0,1,1,1,1,1,0,1,0,1,1,1,0,0,1,0,1,0,1,1,1,1,0,0,0,1,0,1,0,0,0,0,0,1,7,7,7,6,6,3,21,15,6,video
19,F,1237.907416324512,1038.0358301161916,2275.9432464407037,1,1,0,1,1,0,1,1,1,1,0,1,0,0,1,1,1,1,1,1,0,1,1,1,1,0,0,1,0,0,0,1,1,0,1,0,0,1,1,0,0,0,0,1,1,0,0,1,1,1,0,0,1,1,1,0,0,0,1,1,8,7,5,5,5,5,20,15,5,video
17,F,1236.0391360208646,933.4230205067195,2169.462156527584,0,0,0,1,1,1,1,0,0,0,1,0,0,0,0,1,1,0,1,1,1,1,0,0,0,1,1,0,0,0,1,0,1,0,1,1,0,0,0,0,1,1,0,1,1,0,0,0,1,0,0,0,1,1,0,0,1,1,0,0,4,5,4,4,5,4,13,13,0,equal
20,F,1336.278957981697,944.1182559835978,2280.3972139652947,0,1,1,0,0,0,1,0,1,1,1,0,1,1,1,0,1,0,1,1,0,1,1,1,0,1,1,0,1,1,1,1,0,1,1,0,1,0,0,0,0,1,1,1,0,1,1,1,0,0,1,0,0,1,1,1,0,1,1,0,5,7,7,5,6,6,19,17,2,video
18,M,1359.2626966633188,975.666760115435,2334.929456778754,1,0,1,0,0,1,0,1,1,0,1,1,1,1,1,0,0,1,1,1,1,1,1,1,1,0,1,0,0,0,0,0,1,0,0,0,0,0,0,1,1,1,0,1,1,1,0,1,1,1,1,0,0,1,0,0,1,1,0,0,5,8,6,2,8,4,19,14,5,video
17,F,1261.1350211925987,1063.311134080337,2324.446155272936,0,0,0,1,0,0,1,0,1,1,1,0,0,0,0,1,0,1,0,1,1,0,0,1,0,1,1,0,1,0,0,1,0,0,0,1,1,1,0,1,0,1,1,1,1,1,1,1,1,0,1,1,0,1,0,1,0,1,1,0,4,4,5,5,8,6,13,19,-6,text
19,M,1199.7630835794655,959.0664291034415,2158.829512682907,1,1,1,1,1,0,0,0,0,1,1,1,1,0,1,1,1,1,1,0,1,0,1,0,0,0,1,1,0,1,1,0,1,1,0,1,1,1,0,1,1,1,0,0,1,1,0,1,1,1,1,1,0,0,1,0,1,1,0,0,6,8,5,7,7,5,19,19,0,equal
20,M,1243.1852537693744,940.5011433723249,2183.686397141699,1,1,0,1,0,1,1,1,1,1,1,1,0,0,1,1,1,1,1,0,0,0,1,0,0,1,0,1,1,1,0,0,1,1,0,1,0,1,0,1,0,0,1,1,0,1,1,1,1,1,0,1,1,1,0,0,1,1,1,0,8,7,5,5,7,6,20,18,2,equal
17,F,1297.4793120759832,1022.6457129007731,2320.1250249767563,0,0,0,0,1,1,0,0,1,0,1,0,0,0,1,1,1,0,0,0,1,1,1,1,0,0,0,1,1,1,0,1,0,1,1,1,0,0,1,0,1,1,0,0,1,0,0,1,1,1,0,0,1,1,1,0,0,1,1,1,3,4,7,5,6,6,14,17,-3,text
17,F,1304.8188993896463,956.9096641494609,2261.728563539107,0,0,1,1,0,0,1,0,1,0,1,1,1,1,1,0,1,0,1,1,0,0,1,1,0,1,1,1,1,1,0,0,0,1,1,0,0,0,1,1,1,1,1,1,0,0,1,0,0,1,0,1,1,0,1,0,0,1,1,1,4,8,7,4,6,6,19,16,3,video
20,F,1289.3171836274648,999.118304841089,2288.4354884685536,0,1,1,0,0,1,0,0,1,1,0,1,1,0,1,0,1,1,1,1,0,0,1,0,1,1,1,1,0,1,1,1,1,0,0,1,0,0,1,0,0,0,1,1,1,1,1,1,1,0,0,1,0,0,1,0,0,1,1,1,5,7,6,5,7,5,18,17,1,video
17,M,1195.7629369470867,1001.2804261659785,2197.0433631130654,1,1,0,0,0,1,1,1,1,0,1,1,1,1,1,1,1,0,1,0,0,0,1,1,0,1,1,1,0,0,1,0,0,1,0,1,1,1,1,1,0,1,0,1,0,0,1,0,1,1,1,0,1,1,0,0,1,0,0,1,6,8,5,7,5,5,19,17,2,video
18,F,1340.953852362963,989.9556924377615,2330.9095448007247,1,1,0,1,1,1,0,1,1,1,0,0,1,0,1,1,0,1,1,1,0,0,0,1,0,1,0,0,1,1,1,1,0,1,1,0,0,1,0,0,0,0,0,0,0,0,0,1,1,1,1,0,1,0,0,1,1,0,1,0,8,6,4,5,3,5,18,13,5,video
17,M,1217.6647608634962,963.0082854072449,2180.673046270741,1,0,1,1,1,1,0,1,1,0,0,1,1,0,1,0,1,1,1,1,0,0,0,0,0,0,0,1,1,0,1,0,1,1,1,0,1,1,1,0,0,1,0,1,0,1,0,1,0,1,0,1,1,0,0,0,1,0,0,1,7,7,2,7,5,4,16,16,0,text
18,M,1335.052142589984,1004.1744538762771,2339.226596466261,0,0,0,1,0,0,1,0,1,0,0,1,1,1,1,1,1,0,1,1,0,0,0,0,1,1,1,0,1,0,0,0,0,0,0,0,0,1,0,0,1,0,0,0,0,1,1,1,0,1,0,1,1,1,0,1,1,1,0,0,3,8,4,1,5,6,15,12,3,video
18,F,1249.4208263182234,954.8763649640072,2204.2971912822304,1,1,1,0,1,1,1,1,0,1,1,0,1,1,1,1,1,0,0,1,0,1,1,0,1,1,0,1,1,0,1,0,0,0,1,1,0,1,1,1,0,0,1,0,1,0,1,1,0,0,1,1,0,1,0,1,1,0,0,1,8,7,6,6,4,6,21,16,5,video
20,F,1252.3979837571817,976.4173758368086,2228.8153595939903,0,0,1,1,1,1,1,0,1,1,1,0,0,0,1,1,1,0,1,1,1,1,1,1,1,1,1,0,1,0,1,0,1,0,1,1,1,0,1,0,1,0,0,0,0,1,1,0,0,1,0,1,0,1,0,1,1,0,0,1,7,6,8,6,4,5,21,15,6,video
17,M,1255.0545172632626,1020.9950331227294,2276.049550385992,1,1,0,0,1,1,1,1,1,1,1,1,0,0,1,0,0,1,1,0,1,0,1,1,0,0,1,0,1,0,1,1,1,0,1,1,1,0,1,1,0,0,0,1,0,0,0,1,0,0,0,1,1,0,1,1,0,1,0,0,8,5,5,8,2,5,18,15,3,video
20,M,1356.3599740783511,941.5543991714567,2297.914373249808,0,1,1,1,1,1,0,1,1,0,1,1,1,1,1,0,1,0,0,0,1,1,0,1,1,0,0,1,0,1,0,1,1,0,0,0,0,1,1,0,1,0,1,1,1,1,0,1,0,0,1,1,0,1,0,1,0,1,1,0,7,6,6,4,6,6,19,16,3,video
17,M,1323.3010434343357,981.0116283247868,2304.3126717591226,1,0,0,0,1,0,1,1,0,1,1,1,1,1,1,1,1,0,0,1,1,0,1,1,0,1,1,1,1,1,1,1,1,0,1,0,1,1,0,1,0,1,0,1,0,0,1,1,1,0,0,0,1,0,1,0,1,1,1,1,5,8,8,7,5,6,21,18,3,video
17,F,1232.9352196307389,965.1870300201331,2198.1222496508717,0,0,1,0,0,1,1,1,0,1,0,1,1,1,0,1,1,1,0,0,1,0,1,1,1,1,1,0,0,0,1,1,1,1,1,1,0,1,1,1,0,1,1,0,1,1,1,1,1,1,0,1,1,1,1,1,0,1,0,0,5,6,6,9,8,6,17,23,-6,text
19,M,1278.9937710374843,1021.2796650247277,2300.273436062212,0,0,1,0,0,0,1,1,0,0,1,1,1,0,1,1,1,1,1,0,0,1,0,1,1,1,1,0,1,0,1,0,0,1,1,1,1,0,1,0,1,0,1,1,1,0,1,1,1,1,1,1,1,0,1,0,0,1,1,0,3,8,6,6,8,6,17,20,-3,text
17,F,1256.2781380511287,1042.0897052038908,2298.3678432550196,0,0,0,0,1,1,1,0,1,0,1,1,1,0,1,1,1,1,1,1,1,1,0,0,1,1,1,0,1,1,1,1,0,0,1,0,1,1,0,0,1,1,0,1,1,0,1,0,1,1,1,1,1,0,0,0,0,1,0,1,4,9,7,5,7,5,20,17,3,video
20,M,1221.6502782870557,952.4098939652197,2174.060172252275,1,1,1,0,1,1,1,0,1,1,0,0,1,1,1,0,1,1,1,1,1,0,1,0,1,0,0,1,0,1,1,0,1,1,0,1,0,0,0,1,1,0,1,0,1,1,0,0,1,1,1,1,1,0,0,0,1,0,1,0,8,7,5,5,6,5,20,16,4,video
18,M,1232.2254290154601,1035.3048913482357,2267.530320363696,1,1,1,0,0,1,0,0,1,1,1,0,1,1,0,0,1,0,0,1,0,1,1,1,1,1,1,0,0,1,0,1,1,1,1,0,1,1,1,0,1,1,1,1,1,0,1,1,1,0,1,0,0,0,1,1,0,0,0,0,6,5,7,7,8,3,18,18,0,video
17,F,1313.4954281738123,1014.3964406996791,2327.8918688734916,1,0,1,1,1,0,0,0,1,0,1,1,1,0,1,1,0,0,0,1,0,0,1,1,1,1,1,1,1,1,0,0,0,1,1,1,1,1,1,0,1,0,1,0,1,1,0,0,1,0,1,1,1,0,1,1,0,1,1,0,5,6,8,6,5,7,19,18,1,video
19,M,1268.6763971385349,1029.9660188495134,2298.642415988048,0,1,1,0,1,1,1,0,0,0,0,1,0,0,1,0,1,1,0,0,1,0,0,0,1,1,0,1,0,0,1,0,1,0,1,1,1,1,0,1,1,1,0,1,1,0,0,0,1,1,1,0,1,1,1,0,0,1,1,1,5,4,4,7,6,7,13,20,-7,text
20,F,1280.4749875986513,971.4959102265182,2251.9708978251692,0,1,1,0,1,0,0,1,0,1,1,1,0,1,1,1,1,1,1,0,1,0,1,0,1,0,0,0,0,1,1,0,0,0,0,1,0,0,1,0,0,0,1,1,0,1,0,0,0,1,1,0,1,0,0,1,1,0,1,1,5,8,4,3,4,6,17,13,4,video
17,F,1234.952823713401,1010.3580500407841,2245.310873754185,0,1,0,0,0,1,1,1,1,1,1,0,1,0,1,0,0,0,1,1,0,1,0,1,1,0,1,1,1,0,0,0,0,1,0,1,1,0,1,1,0,0,0,1,1,1,0,1,1,0,0,1,0,1,0,0,1,1,1,0,6,5,6,5,5,5,17,15,2,video
20,M,1289.6000244998736,1036.9345006668075,2326.5345251666813,1,0,1,0,0,1,1,1,0,1,1,1,1,1,0,0,1,0,0,0,1,1,0,0,1,1,1,1,1,1,1,0,0,1,0,0,1,1,1,0,1,0,1,1,0,1,0,1,0,0,0,1,1,1,0,1,1,0,1,1,6,5,8,5,5,7,19,17,2,video
19,F,1287.338290411343,1064.5898955379091,2351.928185949252,1,0,1,1,1,1,1,0,1,0,0,0,0,0,1,0,1,1,1,0,1,0,1,0,1,1,1,1,1,0,0,0,1,0,1,0,1,1,0,1,1,1,0,1,1,1,1,0,0,0,1,0,1,0,1,1,1,0,0,1,7,4,7,5,6,6,18,17,1,equal
19,F,1215.7618878133285,1001.5928796492132,2217.3547674625415,1,0,1,1,1,1,0,0,1,0,1,0,0,0,1,1,1,0,0,1,0,0,1,0,1,1,1,1,0,1,1,0,1,1,1,1,1,0,1,0,0,1,0,0,0,1,1,0,0,0,1,0,1,1,0,0,1,1,1,0,6,5,6,7,3,6,17,16,1,video
20,M,1213.3149232297337,1021.4762916357149,2234.7912148654486,1,1,1,0,1,1,0,0,1,0,0,0,0,0,1,0,0,1,0,0,1,0,1,0,1,0,1,0,0,1,0,0,1,1,1,1,0,1,1,0,1,1,1,0,1,1,0,0,1,1,0,1,0,0,1,1,1,1,1,1,6,2,5,6,7,7,13,20,-7,text
17,F,1274.753709077455,1046.1876865170177,2320.941395594473,0,1,0,0,0,0,1,1,0,1,1,1,1,1,0,0,0,1,1,1,0,1,1,1,0,0,1,1,0,1,0,0,1,0,1,1,1,0,0,0,1,1,1,1,1,1,1,1,1,0,0,0,1,1,1,1,0,1,0,0,4,7,6,4,9,5,17,18,-1,equal
18,F,1240.2649590662038,1011.0145291635896,2251.2794882297935,0,0,0,0,0,0,1,1,0,1,0,1,0,0,0,1,0,1,1,1,0,1,0,0,0,0,1,0,0,1,0,0,0,1,0,1,1,1,1,1,0,1,1,1,0,1,1,1,0,0,0,0,1,1,0,1,1,0,0,1,3,5,3,6,6,5,11,17,-6,text
19,F,1281.1247715441098,988.844096815553,2269.968868359663,1,1,1,1,0,0,1,0,1,1,0,0,1,1,1,1,0,0,0,1,0,1,0,1,0,0,0,1,0,0,1,1,0,1,1,0,0,0,0,1,0,0,0,1,1,1,0,1,0,1,1,0,0,1,0,0,1,0,1,0,7,5,3,5,5,4,15,14,1,equal
17,M,1290.5790337091007,976.3721580424799,2266.9511917515806,0,1,1,1,1,0,0,1,0,1,1,1,0,0,1,0,1,1,1,1,0,0,1,1,1,1,1,1,0,1,1,1,1,1,1,1,1,1,1,1,1,1,1,0,1,1,1,1,1,0,1,1,1,1,1,1,0,0,0,1,6,7,7,10,8,7,20,25,-5,text
17,F,1253.3200656482627,992.388004049295,2245.7080696975577,1,0,1,1,1,1,1,1,0,0,0,1,1,1,1,1,1,1,1,1,1,1,1,1,1,1,1,1,0,1,1,1,0,1,1,1,1,0,1,1,0,0,0,1,1,1,1,0,0,1,1,0,1,1,0,1,0,0,0,1,7,9,9,8,5,5,25,18,7,video
18,M,1232.2110797766986,1078.1807226124802,2310.391802389179,1,1,1,1,0,0,1,0,1,1,0,1,1,0,1,0,0,0,1,1,0,0,1,0,1,1,1,1,0,1,0,1,1,1,1,0,0,1,1,1,1,1,0,0,1,1,0,1,0,0,1,1,1,1,0,1,1,0,1,0,7,5,6,7,5,7,18,19,-1,text
19,M,1243.115042167289,989.8321127925864,2232.947154959875,0,1,1,0,1,0,1,1,0,0,1,0,0,1,0,1,1,1,1,1,1,1,0,1,0,1,0,1,1,1,0,1,1,0,0,1,1,0,0,0,0,0,1,1,1,0,0,1,1,1,0,1,0,1,0,1,1,1,1,1,5,7,7,4,6,7,19,17,2,video
19,F,1220.6359124649427,973.9730835012189,2194.6089959661617,1,1,0,0,0,1,1,0,1,0,1,0,0,0,1,1,0,0,1,1,0,1,0,0,0,1,1,1,0,1,0,0,1,0,0,1,0,0,0,1,0,0,1,1,1,1,1,1,1,1,1,1,0,1,0,1,1,0,0,1,5,5,5,3,8,6,15,17,-2,text
17,F,1186.283412663142,1024.9183349686632,2211.201747631805,1,1,1,0,0,0,1,0,1,0,1,1,1,1,0,1,1,0,1,1,1,0,1,0,1,1,1,0,1,0,0,1,0,1,0,1,1,0,1,1,1,1,0,0,1,0,1,0,1,0,1,0,1,1,1,1,1,1,0,1,5,8,6,6,5,8,19,19,0,equal
17,F,1227.231867570172,1021.6787359017129,2248.9106034718848,1,1,0,0,1,0,0,1,1,1,1,0,1,1,1,0,0,1,1,1,0,1,0,1,0,0,0,1,0,1,0,1,1,1,0,1,0,0,1,1,1,1,1,0,0,0,1,1,1,1,0,0,1,1,1,0,0,1,1,0,6,7,4,6,7,5,17,18,-1,text
18,M,1252.921115560918,1017.7209053560108,2270.6420209169287,1,0,0,0,1,0,1,1,0,1,0,1,1,0,0,1,1,0,1,1,0,1,0,0,0,1,0,1,1,1,0,1,1,1,1,1,0,1,1,1,1,1,1,1,1,0,0,1,1,1,1,1,1,1,0,0,0,1,0,1,5,6,5,8,8,6,16,22,-6,text
18,F,1251.400446007046,1034.4189530157491,2285.819399022795,1,1,1,1,1,0,1,0,0,0,1,0,1,0,1,0,0,1,1,0,1,1,0,1,0,1,1,1,0,0,1,0,1,1,1,1,0,1,0,1,1,1,1,1,0,1,0,0,1,0,0,0,1,1,0,1,1,1,1,1,6,5,6,7,6,7,17,20,-3,text
19,F,1235.2312910512924,1032.676492519802,2267.907783571094,1,1,1,0,1,1,1,1,1,1,0,0,0,1,1,1,0,0,0,1,0,0,1,0,0,0,0,1,0,0,1,1,1,1,1,0,1,1,1,0,1,1,0,1,1,1,1,0,1,0,1,1,1,1,1,0,0,1,1,1,9,4,2,8,7,8,15,23,-8,text
20,F,1310.1782988478271,1043.0227325875776,2353.2010314354047,1,1,1,1,0,1,1,1,1,1,1,1,0,1,1,1,1,1,1,1,1,1,0,1,0,0,0,1,0,1,0,0,0,1,0,1,1,1,0,0,0,0,1,0,1,1,1,0,0,1,1,1,1,1,1,1,0,1,0,1,9,9,5,4,5,8,23,17,6,video
19,F,1238.4270392177036,1048.9316028784692,2287.358642096173,1,1,0,1,0,1,0,0,0,1,0,0,1,1,0,1,0,1,1,1,1,1,0,1,0,0,1,1,1,1,0,0,0,1,1,0,1,1,0,1,1,1,1,1,1,1,0,0,0,1,0,1,1,1,0,1,0,0,1,0,5,6,7,5,7,5,18,17,1,video
17,F,1292.9289378246563,1050.7912059056605,2343.7201437303165,1,1,0,1,1,0,0,0,0,1,0,0,1,1,1,1,1,0,1,1,1,0,1,1,0,1,1,1,0,0,1,1,1,0,0,0,1,1,1,0,0,0,0,0,0,1,1,0,1,0,0,0,1,1,1,0,0,1,1,0,5,7,6,6,3,5,18,14,4,video
19,M,1283.889882628403,910.8635219627142,2194.753404591117,1,1,0,0,0,0,1,0,0,0,0,1,0,0,0,1,0,0,1,0,0,1,1,1,1,1,1,1,1,1,1,0,1,0,1,1,1,0,1,0,1,0,1,1,1,0,1,1,0,1,1,1,1,1,0,1,0,1,1,0,3,3,9,6,7,7,15,20,-5,text
20,M,1139.9496167159473,949.0017922371908,2088.951408953138,0,1,0,1,1,1,0,0,0,1,0,1,0,1,1,1,0,1,1,1,0,1,0,0,0,0,0,1,1,0,1,1,1,0,1,0,1,1,1,1,1,0,0,1,0,0,1,1,1,1,0,1,0,0,1,1,0,1,0,1,5,7,3,8,6,5,15,19,-4,text
18,F,1196.5531095847214,1035.4151313019997,2231.968240886721,1,1,0,1,0,0,1,1,1,0,1,1,0,1,1,1,1,1,0,1,1,1,1,0,1,0,1,0,1,1,0,0,1,1,1,1,0,1,1,0,1,0,1,1,1,1,0,1,1,1,1,0,1,1,1,1,1,0,0,1,6,8,7,6,8,7,21,21,0,equal
20,F,1248.228048191418,935.8793247910462,2184.1073729824643,1,0,1,1,0,1,1,0,1,0,1,1,1,0,0,0,1,0,1,1,0,1,1,1,0,1,1,0,1,1,1,0,1,1,1,0,1,1,0,1,0,0,1,1,1,0,0,0,0,0,0,0,1,0,1,1,1,0,1,1,6,6,7,7,3,6,19,16,3,video
20,F,1219.8202544760798,1037.846153643509,2257.6664081195886,0,0,1,0,1,1,1,1,1,0,0,0,0,1,1,0,0,0,1,1,1,1,1,1,0,1,1,0,1,1,1,0,1,0,0,0,0,0,1,1,1,1,1,1,1,0,0,0,1,1,1,1,0,1,1,1,1,0,0,1,6,4,8,4,7,7,18,18,0,equal
20,F,1290.9431673330514,990.9708772258018,2281.914044558853,1,0,1,0,1,1,1,1,1,0,1,0,0,0,1,0,1,1,0,1,0,1,1,1,1,1,1,0,0,0,1,0,0,1,1,1,0,1,1,0,0,1,1,0,1,0,1,0,1,1,1,0,1,1,0,0,1,1,1,1,7,5,6,6,6,7,18,19,-1,text
18,M,1299.8668790108914,1012.710197054109,2312.5770760650003,0,1,0,1,1,0,1,0,1,1,1,1,0,0,1,1,1,0,1,0,0,0,1,0,0,0,0,0,0,0,1,1,0,0,0,1,0,0,0,1,1,0,1,0,0,0,0,1,1,0,1,0,0,1,1,0,1,1,1,0,6,6,1,4,4,6,13,14,-1,text
20,F,1285.9172715988154,990.7213086273947,2276.6385802262103,0,0,1,1,0,1,1,1,0,1,1,1,0,0,1,1,0,0,0,0,0,1,1,0,0,0,0,0,0,1,0,1,0,1,0,1,1,0,1,1,1,1,1,0,0,1,0,1,0,1,1,1,0,0,1,1,0,0,0,1,6,4,3,6,6,5,13,17,-4,text
20,M,1272.0368512452803,904.8102405126231,2176.8470917579034,1,0,1,1,0,0,1,0,1,1,0,0,1,1,1,0,0,1,1,0,0,0,1,0,1,1,1,1,0,0,1,0,1,1,1,1,0,0,0,1,1,1,1,1,1,1,0,0,0,1,1,1,0,1,1,1,0,0,0,1,6,5,5,6,7,6,16,19,-3,text
20,M,1273.1269949899029,968.2028320052555,2241.3298269951583,1,1,1,1,0,0,1,1,1,0,1,1,1,1,1,0,0,1,1,0,0,1,0,0,1,1,0,0,1,1,0,0,1,1,1,0,1,1,1,1,1,0,1,1,0,0,0,1,1,1,1,1,1,0,0,1,0,1,1,0,7,7,5,7,6,6,19,19,0,equal
17,F,1280.4598740664685,918.1751632257545,2198.635037292223,1,0,1,1,0,1,0,1,1,1,0,0,1,0,0,1,1,1,0,0,1,1,1,1,1,1,1,0,1,1,0,0,0,1,1,0,1,0,1,0,1,0,0,1,1,0,0,1,1,1,0,0,0,1,1,0,0,1,0,1,7,4,9,4,6,4,20,14,6,video
20,M,1222.0323088247353,954.2189633298107,2176.251272154546,1,1,0,0,1,1,1,1,0,1,0,1,1,1,0,1,1,1,0,1,0,0,0,1,0,1,1,0,1,0,1,0,0,0,0,1,1,0,0,0,1,0,0,0,0,0,1,0,0,0,1,1,0,0,1,1,1,1,1,1,7,7,4,3,2,8,18,13,5,video
18,M,1254.5514113283107,1047.3658073376662,2301.917218665977,1,0,1,0,1,1,0,0,1,1,1,1,1,0,1,1,0,1,0,0,0,0,0,1,1,0,1,1,0,0,0,0,0,1,1,0,1,1,1,1,1,1,0,0,1,1,1,1,0,1,1,1,1,0,0,0,0,0,1,0,6,6,4,6,7,4,16,17,-1,text
20,M,1278.3527766091968,938.6637325639163,2217.0165091731133,1,0,0,0,0,1,0,0,0,0,1,1,1,0,0,1,0,0,1,1,1,0,0,1,1,0,0,0,1,1,0,1,1,1,0,0,0,1,0,1,1,1,1,1,1,0,0,0,1,1,1,0,0,0,1,1,1,0,1,1,2,6,5,5,7,6,13,18,-5,text
20,M,1256.0889041015698,1043.2949285503214,2299.383832651891,0,1,1,0,0,0,0,1,1,1,0,1,0,1,1,1,0,1,0,1,0,0,1,0,1,0,0,1,1,1,0,1,0,1,0,1,1,1,1,1,1,0,1,1,0,0,0,1,1,0,1,0,1,0,0,1,1,0,1,1,5,6,5,7,5,6,16,18,-2,text
18,F,1350.0605149232324,982.0968063520281,2332.1573212752605,0,1,0,0,0,1,1,1,1,1,1,1,1,1,1,1,1,1,0,1,0,1,0,0,0,0,1,1,1,1,0,0,1,0,1,1,1,1,1,1,1,1,1,1,1,1,0,1,1,0,1,0,0,0,1,0,0,0,1,1,6,9,5,7,8,4,20,19,1,video
20,F,1177.2618808696436,1083.0196653391274,2260.281546208771,1,1,1,1,1,0,0,1,1,1,0,1,0,1,1,0,0,0,1,0,1,1,1,1,0,1,0,1,1,0,1,1,1,1,1,0,1,1,0,1,0,1,0,0,0,1,0,1,1,0,1,1,0,1,0,0,1,0,1,1,8,4,7,8,4,6,19,18,1,video
18,M,1207.330560975564,1061.1171305532769,2268.4476915288406,0,0,0,1,0,0,1,1,1,1,0,1,0,1,1,0,1,1,0,0,1,1,1,0,0,1,0,1,1,1,1,0,0,0,1,1,1,1,1,0,1,1,0,1,1,0,1,0,1,0,1,1,1,1,0,1,0,0,1,0,5,5,7,6,6,6,17,18,-1,equal
20,F,1273.790708169145,1028.5560063294479,2302.346714498593,1,1,0,1,0,0,0,1,1,0,1,0,1,1,0,0,1,1,0,1,1,1,1,1,1,0,0,0,1,1,0,0,0,1,1,1,0,1,0,1,0,0,0,1,1,0,0,1,0,1,0,0,0,1,1,0,0,0,1,1,5,6,7,5,4,4,18,13,5,video
18,F,1214.184138909852,980.8492641845662,2195.033403094418,0,1,0,1,0,0,1,1,1,1,1,0,1,1,1,1,1,0,0,1,1,0,1,1,0,1,1,0,1,0,1,0,1,0,1,1,0,0,1,1,0,1,0,1,0,0,1,0,1,1,1,0,1,1,1,0,0,1,1,0,6,7,6,6,5,6,19,17,2,video
20,F,1248.7584193435287,980.8689234699956,2229.627342813524,1,0,1,1,0,0,1,0,1,0,0,1,1,1,0,1,0,1,0,0,0,0,1,1,0,1,0,0,0,1,1,0,1,1,1,1,0,0,1,0,1,0,1,1,0,1,0,0,0,0,1,0,1,0,0,0,1,1,1,0,5,5,4,6,4,5,14,15,-1,text
20,F,1329.5878745531022,984.9253537956594,2314.5132283487615,1,0,1,0,1,1,1,0,1,1,0,0,0,1,0,1,0,0,1,1,0,1,0,1,0,1,1,1,1,1,0,0,0,0,1,1,1,0,1,1,0,0,0,1,0,1,0,1,0,0,0,0,0,1,1,0,0,0,0,0,7,4,7,5,3,2,18,10,8,video
17,F,1200.60200635163,974.9201963750388,2175.522202726669,1,1,0,1,0,1,1,1,0,1,1,1,1,1,1,1,0,1,1,1,1,1,0,0,0,1,1,1,0,0,1,1,0,1,1,0,1,1,1,1,0,0,1,1,0,0,1,1,1,0,0,1,1,1,1,1,1,0,0,1,7,9,5,8,5,7,21,20,1,equal
17,M,1244.7490103617122,1003.3286049441133,2248.0776153058255,1,0,1,1,1,1,0,0,0,1,0,0,1,1,0,0,0,1,1,0,0,1,0,0,0,0,1,0,1,0,1,0,1,1,1,1,1,0,1,1,1,1,1,0,1,0,0,0,1,1,1,1,1,0,0,1,0,0,1,1,6,4,3,8,6,6,13,20,-7,text
20,F,1332.1013479166259,994.5374388193973,2326.638786736023,1,0,0,0,1,1,0,1,1,0,0,0,1,0,0,0,0,1,0,0,1,1,0,1,1,1,1,0,1,1,1,1,1,1,1,1,1,1,1,1,0,1,1,0,1,1,1,0,0,1,1,0,1,0,1,1,1,1,1,0,5,2,8,10,6,7,15,23,-8,text
20,F,1290.4994804567068,982.4116207642005,2272.9111012209073,0,1,0,0,0,0,1,1,1,1,1,1,1,1,1,1,1,0,0,0,0,0,0,1,1,0,1,1,1,1,1,1,1,0,1,1,1,1,0,1,1,0,1,0,0,1,1,0,1,1,1,1,1,1,1,1,1,1,1,1,5,7,6,8,6,10,18,24,-6,text
19,F,1203.6932478467456,985.5061989834062,2189.199446830152,0,1,1,1,0,0,1,0,1,0,0,0,1,1,1,1,1,1,1,0,1,0,0,0,0,0,0,1,1,0,1,1,1,0,1,1,0,1,1,0,1,0,1,0,1,0,0,1,0,1,0,0,0,1,0,1,1,1,0,0,5,7,3,7,5,4,15,16,-1,equal
